Business Unit,Division,Sub Division,Cost Center,Project Manager,Project Number,Project Name,Employee/Vendor,Employee #,Employee Cost Center,Journal Name,Task Manager,Top Task Number,Top Task Name,Task Number,Task Name,Field/Home,Transaction Type,Expenditure Org,Expenditure/Event Type,Period Name,GL Date,Transaction Date,Transaction ID,Hours,Salaries,Fringe,Subs Cost,Expenses Cost,Oncost,Total Cost,Bill Flag,Billed Status,Invoice Number,Comments
USA Infrastructure,Water,Treatment,CC-4101,Jordan Arafat,700123,Lakeview WTP Phase 2 Design,"Jones, Robert",E10342,CC-4101,PA Labor Cost JUN-25,Jordan Arafat,5.0,Field Services,5.1,Inspection,Home,Timecard,US-Southeast Engineering,Professional Staff Labor,JUN-25,06/01/2025,06/01/2025,31400555,39.5,2528,960.64,0,0,156.99,3645.63,Y,Billed,INV-123-014,
USA Infrastructure,Transportation,Aviation,CC-4230,Maria Delgado,700502,Airport APM Guideway Rehab,TransCore ITS Inc,,,AP Supplier Cost JUN-25,Maria Delgado,3.0,Analysis & Design,3.2,Design Development,Field,Supplier Invoice,US-Southeast Engineering,Subconsultant Services,JUN-25,06/01/2025,06/01/2025,31401287,0,0,0,32499.48,0,1462.48,33961.95,Y,Billed,INV-502-014,
USA Infrastructure,Water,Stormwater,CC-4112,Sam Whitfield,700415,Downtown Stormwater Master Plan,"Brown, Marcus",E10803,CC-4112,PA Labor Cost JUN-25,Sam Whitfield,1.0,Project Management,1.1,Meetings & Coordination,Home,Timecard,US-Southeast Engineering,Professional Staff Labor,JUN-25,06/02/2025,06/01/2025,31401114,71.5,6077.5,2309.45,0,0,377.41,8764.36,Y,Billed,INV-415-014,
USA Infrastructure,Transportation,Bridges,CC-4210,Jordan Arafat,700301,Coastal Bridge Inspection Program,"O'Neill, Kate",E10911,CC-4112,PA Labor Cost JUN-25,Jordan Arafat,3.0,Analysis & Design,3.1,Modeling,Home,Timecard,US-Southeast Engineering,Professional Staff Labor,JUN-25,06/03/2025,06/01/2025,31400930,55.5,4107,1560.66,0,0,255.04,5922.7,Y,Billed,INV-301-014,
USA Infrastructure,Transportation,Bridges,CC-4210,Jordan Arafat,700301,Coastal Bridge Inspection Program,Apex Survey Partners,,,AP Supplier Cost JUN-25,Jordan Arafat,3.0,Analysis & Design,3.2,Design Development,Field,Supplier Invoice,US-Southeast Engineering,Subconsultant Services,JUN-25,06/03/2025,06/02/2025,31400935,0,0,0,13639.26,0,613.77,14253.02,Y,Billed,INV-301-014,
USA Infrastructure,Transportation,Bridges,CC-4210,Jordan Arafat,700301,Coastal Bridge Inspection Program,"Brown, Marcus",E10803,CC-4112,PA Expense Cost JUN-25,Jordan Arafat,2.0,Data Collection & Survey,2.1,Survey,Home,Expense Report,US-Southeast Engineering,Software & Data,JUN-25,06/03/2025,06/01/2025,31400939,0,0,0,0,9718.57,437.34,10155.9,Y,Billed,INV-301-014,
USA Infrastructure,Transportation,Bridges,CC-4210,Jordan Arafat,700301,Coastal Bridge Inspection Program,"Brown, Marcus",E10803,CC-4112,PA Labor Cost JUN-25,Jordan Arafat,4.0,Deliverables & Reports,4.1,Final Report,Home,Timecard,US-Southeast Engineering,Professional Staff Labor,JUN-25,06/04/2025,06/04/2025,31400929,65.5,5567.5,2115.65,0,0,345.74,8028.89,Y,Unbilled,,
USA Infrastructure,Water,Treatment,CC-4101,Jordan Arafat,700123,Lakeview WTP Phase 2 Design,"Rivera, Sofia",E11138,CC-4230,PA Labor Cost JUN-25,Jordan Arafat,4.0,Deliverables & Reports,4.2,Final Report,Home,Timecard,US-Southeast Engineering,Professional Staff Labor,JUN-25,06/05/2025,06/05/2025,31400550,41.5,3652,1387.76,0,0,226.79,5266.55,Y,Billed,INV-123-014,
USA Infrastructure,Water,Treatment,CC-4101,Jordan Arafat,700123,Lakeview WTP Phase 2 Design,"Rivera, Sofia",E11138,CC-4230,PA Labor Cost JUN-25,Jordan Arafat,4.0,Deliverables & Reports,4.2,Draft Report,Home,Timecard,US-Southeast Engineering,Professional Staff Labor,JUN-25,06/05/2025,06/03/2025,31400551,24.5,2156,819.28,0,0,133.89,3109.17,Y,Billed,INV-123-014,
USA Infrastructure,Water,Treatment,CC-4101,Jordan Arafat,700123,Lakeview WTP Phase 2 Design,"Nguyen, Thao",E10742,CC-4210,PA Expense Cost JUN-25,Jordan Arafat,2.0,Data Collection & Survey,2.1,Survey,Field,Expense Report,US-Southeast Engineering,Travel & Lodging,JUN-25,06/05/2025,06/03/2025,31400562,0,0,0,0,1797.31,80.88,1878.18,Y,Billed,INV-123-014,
USA Infrastructure,Transportation,Highways,CC-4205,Maria Delgado,700248,SR-417 Widening PD&E Study,"Smith, Alice",E10231,CC-4101,PA Labor Cost JUN-25,Maria Delgado,2.0,Data Collection & Survey,2.2,Utility Locates,Home,Timecard,US-Southeast Engineering,Professional Staff Labor,JUN-25,06/05/2025,06/05/2025,31400743,15,1170,444.6,0,0,72.66,1687.26,Y,Billed,INV-248-014,
USA Infrastructure,Transportation,Highways,CC-4205,Maria Delgado,700248,SR-417 Widening PD&E Study,"O'Neill, Kate",E10911,CC-4112,PA Labor Cost JUN-25,Maria Delgado,2.0,Data Collection & Survey,2.2,Utility Locates,Home,Timecard,US-Southeast Engineering,Professional Staff Labor,JUN-25,06/05/2025,06/05/2025,31400750,58,4292,1630.96,0,0,266.53,6189.49,Y,Billed,INV-248-014,
USA Infrastructure,Transportation,Bridges,CC-4210,Jordan Arafat,700301,Coastal Bridge Inspection Program,"Kowalski, Jan",E11024,CC-4230,PA Labor Cost JUN-25,Jordan Arafat,3.0,Analysis & Design,3.2,Design Development,Field,Timecard,US-Southeast Engineering,Field Staff Labor,JUN-25,06/05/2025,06/04/2025,31400932,52,3172,1205.36,0,0,196.98,4574.34,Y,Billed,INV-301-014,
USA Infrastructure,Water,Stormwater,CC-4112,Sam Whitfield,700415,Downtown Stormwater Master Plan,TransCore ITS Inc,,,AP Supplier Cost JUN-25,Sam Whitfield,3.0,Analysis & Design,3.2,Design Development,Field,Supplier Invoice,US-Southeast Engineering,Subconsultant Services,JUN-25,06/05/2025,06/04/2025,31401122,0,0,0,2758.19,0,124.12,2882.31,Y,Billed,INV-415-014,
USA Infrastructure,Transportation,Aviation,CC-4230,Maria Delgado,700502,Airport APM Guideway Rehab,"Smith, Alice",E10231,CC-4101,PA Labor Cost JUN-25,Maria Delgado,3.0,Analysis & Design,3.1,Modeling,Home,Timecard,US-Southeast Engineering,Professional Staff Labor,JUN-25,06/05/2025,06/04/2025,31401286,26.5,2067,785.46,0,0,128.36,2980.82,Y,Billed,INV-502-014,
USA Infrastructure,Transportation,Aviation,CC-4230,Maria Delgado,700502,Airport APM Guideway Rehab,"Garcia, Luis",E10677,CC-4210,PA Expense Cost JUN-25,Maria Delgado,2.0,Data Collection & Survey,2.1,Survey,Field,Expense Report,US-Southeast Engineering,Reproduction,JUN-25,06/05/2025,06/04/2025,31401288,0,0,0,0,1835.25,82.59,1917.83,Y,Billed,INV-502-014,
USA Infrastructure,Transportation,Bridges,CC-4210,Jordan Arafat,700301,Coastal Bridge Inspection Program,"Kowalski, Jan",E11024,CC-4230,PA Labor Cost JUN-25,Jordan Arafat,5.0,Field Services,5.1,CEI Support,Field,Timecard,US-Southeast Engineering,Field Staff Labor,JUN-25,06/06/2025,06/06/2025,31400924,58,3538,1344.44,0,0,219.71,5102.15,Y,Billed,INV-301-014,
USA Infrastructure,Transportation,Bridges,CC-4210,Jordan Arafat,700301,Coastal Bridge Inspection Program,Stratus Aerial Imaging,,,AP Supplier Cost JUN-25,Jordan Arafat,3.0,Analysis & Design,3.2,Design Development,Field,Supplier Invoice,US-Southeast Engineering,Subconsultant Services,JUN-25,06/06/2025,06/05/2025,31400937,0,0,0,5357.93,0,241.11,5599.04,Y,Unbilled,,
USA Infrastructure,Water,Treatment,CC-4101,Jordan Arafat,700123,Lakeview WTP Phase 2 Design,"Smith, Alice",E10231,CC-4101,PA Labor Cost JUN-25,Jordan Arafat,5.0,Field Services,5.2,Inspection,Home,Timecard,US-Southeast Engineering,Professional Staff Labor,JUN-25,06/07/2025,06/06/2025,31400557,60,4680,1778.4,0,0,290.63,6749.03,N,Unbilled,,
USA Infrastructure,Transportation,Highways,CC-4205,Maria Delgado,700248,SR-417 Widening PD&E Study,"Rivera, Sofia",E11138,CC-4230,PA Labor Cost JUN-25,Maria Delgado,1.0,Project Management,1.1,Admin,Home,Timecard,US-Southeast Engineering,Professional Staff Labor,JUN-25,06/07/2025,06/05/2025,31400746,51,4488,1705.44,0,0,278.7,6472.14,Y,Billed,INV-248-014,
USA Infrastructure,Transportation,Aviation,CC-4230,Maria Delgado,700502,Airport APM Guideway Rehab,"Jones, Robert",E10342,CC-4101,PA Labor Cost JUN-25,Maria Delgado,5.0,Field Services,5.1,Inspection,Home,Timecard,US-Southeast Engineering,Professional Staff Labor,JUN-25,06/07/2025,06/06/2025,31401283,55,3520,1337.6,0,0,218.59,5076.19,N,Billed,INV-502-014,
USA Infrastructure,Transportation,Aviation,CC-4230,Maria Delgado,700502,Airport APM Guideway Rehab,"Chen, Wei",E10455,CC-4205,PA Expense Cost JUN-25,Maria Delgado,2.0,Data Collection & Survey,2.1,Survey,Home,Expense Report,US-Southeast Engineering,Reproduction,JUN-25,06/07/2025,06/06/2025,31401292,0,0,0,0,438.23,19.72,457.95,Y,Billed,INV-502-014,
USA Infrastructure,Transportation,Highways,CC-4205,Maria Delgado,700248,SR-417 Widening PD&E Study,"Jones, Robert",E10342,CC-4101,PA Expense Cost JUN-25,Maria Delgado,2.0,Data Collection & Survey,2.1,Survey,Home,Expense Report,US-Southeast Engineering,Mileage,JUN-25,06/08/2025,06/07/2025,31400756,0,0,0,0,577.33,25.98,603.31,Y,Unbilled,,
USA Infrastructure,Water,Treatment,CC-4101,Jordan Arafat,700123,Lakeview WTP Phase 2 Design,"Brown, Marcus",E10803,CC-4112,PA Labor Cost JUN-25,Jordan Arafat,1.0,Project Management,1.1,Meetings & Coordination,Home,Timecard,US-Southeast Engineering,Professional Staff Labor,JUN-25,06/09/2025,06/08/2025,31400553,57,4845,1841.1,0,0,300.87,6986.97,Y,Unbilled,,
USA Infrastructure,Water,Treatment,CC-4101,Jordan Arafat,700123,Lakeview WTP Phase 2 Design,"Nguyen, Thao",E10742,CC-4210,PA Labor Cost JUN-25,Jordan Arafat,4.0,Deliverables & Reports,4.2,Final Report,Field,Timecard,US-Southeast Engineering,Field Staff Labor,JUN-25,06/09/2025,06/07/2025,31400554,60,3960,1504.8,0,0,245.92,5710.72,Y,Billed,INV-123-014,
USA Infrastructure,Transportation,Highways,CC-4205,Maria Delgado,700248,SR-417 Widening PD&E Study,"Jones, Robert",E10342,CC-4101,PA Labor Cost JUN-25,Maria Delgado,1.0,Project Management,1.1,Admin,Home,Timecard,US-Southeast Engineering,Professional Staff Labor,JUN-25,06/09/2025,06/07/2025,31400751,12.5,800,304,0,0,49.68,1153.68,Y,Unbilled,,
USA Infrastructure,Transportation,Bridges,CC-4210,Jordan Arafat,700301,Coastal Bridge Inspection Program,"Smith, Alice",E10231,CC-4101,PA Labor Cost JUN-25,Jordan Arafat,2.0,Data Collection & Survey,2.1,Utility Locates,Home,Timecard,US-Southeast Engineering,Professional Staff Labor,JUN-25,06/09/2025,06/08/2025,31400931,65,5070,1926.6,0,0,314.85,7311.45,Y,Billed,INV-301-014,
USA Infrastructure,Transportation,Aviation,CC-4230,Maria Delgado,700502,Airport APM Guideway Rehab,"Smith, Alice",E10231,CC-4101,PA Expense Cost JUN-25,Maria Delgado,2.0,Data Collection & Survey,2.1,Survey,Home,Expense Report,US-Southeast Engineering,Field Supplies,JUN-25,06/09/2025,06/09/2025,31401291,0,0,0,0,645.54,29.05,674.59,Y,Billed,INV-502-014,
USA Infrastructure,Transportation,Aviation,CC-4230,Maria Delgado,700502,Airport APM Guideway Rehab,"Smith, Alice",E10231,CC-4101,PA Labor Cost JUN-25,Maria Delgado,2.0,Data Collection & Survey,2.1,Survey,Home,Timecard,US-Southeast Engineering,Professional Staff Labor,JUN-25,06/10/2025,06/09/2025,31401281,43.5,3393,1289.34,0,0,210.71,4893.05,Y,Billed,INV-502-014,
USA Infrastructure,Water,Treatment,CC-4101,Jordan Arafat,700123,Lakeview WTP Phase 2 Design,"Jones, Robert",E10342,CC-4101,PA Labor Cost JUN-25,Jordan Arafat,2.0,Data Collection & Survey,2.2,Utility Locates,Home,Timecard,US-Southeast Engineering,Professional Staff Labor,JUN-25,06/12/2025,06/11/2025,31400558,35,2240,851.2,0,0,139.1,3230.3,Y,Billed,INV-123-014,
USA Infrastructure,Water,Treatment,CC-4101,Jordan Arafat,700123,Lakeview WTP Phase 2 Design,"Brown, Marcus",E10803,CC-4112,PA Expense Cost JUN-25,Jordan Arafat,2.0,Data Collection & Survey,2.1,Survey,Home,Expense Report,US-Southeast Engineering,Reproduction,JUN-25,06/12/2025,06/12/2025,31400560,0,0,0,0,7253.25,326.4,7579.65,Y,Unbilled,,
USA Infrastructure,Transportation,Highways,CC-4205,Maria Delgado,700248,SR-417 Widening PD&E Study,"Chen, Wei",E10455,CC-4205,PA Expense Cost JUN-25,Maria Delgado,2.0,Data Collection & Survey,2.1,Survey,Home,Expense Report,US-Southeast Engineering,Mileage,JUN-25,06/12/2025,06/11/2025,31400755,0,0,0,0,919.59,41.38,960.97,Y,Billed,INV-248-014,
USA Infrastructure,Water,Stormwater,CC-4112,Sam Whitfield,700415,Downtown Stormwater Master Plan,"Garcia, Luis",E10677,CC-4210,PA Labor Cost JUN-25,Sam Whitfield,4.0,Deliverables & Reports,4.1,Draft Report,Field,Timecard,US-Southeast Engineering,Field Staff Labor,JUN-25,06/12/2025,06/11/2025,31401116,16,928,352.64,0,0,57.63,1338.27,Y,Billed,INV-415-014,
USA Infrastructure,Transportation,Bridges,CC-4210,Jordan Arafat,700301,Coastal Bridge Inspection Program,"Nguyen, Thao",E10742,CC-4210,PA Labor Cost JUN-25,Jordan Arafat,1.0,Project Management,1.1,Admin,Field,Timecard,US-Southeast Engineering,Field Staff Labor,JUN-25,06/13/2025,06/11/2025,31400925,44.5,2937,1116.06,0,0,182.39,4235.45,N,Billed,INV-301-014,
USA Infrastructure,Water,Treatment,CC-4101,Jordan Arafat,700123,Lakeview WTP Phase 2 Design,BlueWater Environmental,,,AP Supplier Cost JUN-25,Jordan Arafat,3.0,Analysis & Design,3.2,Design Development,Field,Supplier Invoice,US-Southeast Engineering,Subconsultant Services,JUN-25,06/14/2025,06/12/2025,31400559,0,0,0,19128.63,0,860.79,19989.42,Y,Billed,INV-123-014,
USA Infrastructure,Transportation,Highways,CC-4205,Maria Delgado,700248,SR-417 Widening PD&E Study,"Garcia, Luis",E10677,CC-4210,PA Labor Cost JUN-25,Maria Delgado,2.0,Data Collection & Survey,2.2,Survey,Field,Timecard,US-Southeast Engineering,Field Staff Labor,JUN-25,06/14/2025,06/13/2025,31400749,10.5,609,231.42,0,0,37.82,878.24,Y,Billed,INV-248-014,
USA Infrastructure,Transportation,Bridges,CC-4210,Jordan Arafat,700301,Coastal Bridge Inspection Program,"Rivera, Sofia",E11138,CC-4230,PA Labor Cost JUN-25,Jordan Arafat,5.0,Field Services,5.1,Inspection,Home,Timecard,US-Southeast Engineering,Professional Staff Labor,JUN-25,06/14/2025,06/14/2025,31400927,47,4136,1571.68,0,0,256.85,5964.53,Y,Billed,INV-301-014,
USA Infrastructure,Transportation,Bridges,CC-4210,Jordan Arafat,700301,Coastal Bridge Inspection Program,"Nguyen, Thao",E10742,CC-4210,PA Labor Cost JUN-25,Jordan Arafat,1.0,Project Management,1.1,Meetings & Coordination,Field,Timecard,US-Southeast Engineering,Field Staff Labor,JUN-25,06/15/2025,06/15/2025,31400934,25.5,1683,639.54,0,0,104.51,2427.05,Y,Billed,INV-301-014,
USA Infrastructure,Transportation,Highways,CC-4205,Maria Delgado,700248,SR-417 Widening PD&E Study,"Smith, Alice",E10231,CC-4101,PA Labor Cost JUN-25,Maria Delgado,2.0,Data Collection & Survey,2.1,Survey,Home,Timecard,US-Southeast Engineering,Professional Staff Labor,JUN-25,06/16/2025,06/16/2025,31400744,14.5,1131,429.78,0,0,70.24,1631.02,Y,Billed,INV-248-014,
USA Infrastructure,Transportation,Highways,CC-4205,Maria Delgado,700248,SR-417 Widening PD&E Study,GeoTech Drilling LLC,,,AP Supplier Cost JUN-25,Maria Delgado,3.0,Analysis & Design,3.2,Design Development,Field,Supplier Invoice,US-Southeast Engineering,Subconsultant Services,JUN-25,06/17/2025,06/16/2025,31400752,0,0,0,11066.97,0,498.01,11564.98,Y,Billed,INV-248-014,
USA Infrastructure,Water,Stormwater,CC-4112,Sam Whitfield,700415,Downtown Stormwater Master Plan,"Rivera, Sofia",E11138,CC-4230,PA Labor Cost JUN-25,Sam Whitfield,2.0,Data Collection & Survey,2.1,Utility Locates,Home,Timecard,US-Southeast Engineering,Professional Staff Labor,JUN-25,06/17/2025,06/17/2025,31401120,53,4664,1772.32,0,0,289.63,6725.95,Y,Billed,INV-415-014,
USA Infrastructure,Transportation,Aviation,CC-4230,Maria Delgado,700502,Airport APM Guideway Rehab,"Patel, Devi",E10518,CC-4205,PA Labor Cost JUN-25,Maria Delgado,2.0,Data Collection & Survey,2.2,Survey,Home,Timecard,US-Southeast Engineering,Professional Staff Labor,JUN-25,06/17/2025,06/17/2025,31401285,24.5,1739.5,661.01,0,0,108.02,2508.53,Y,Unbilled,,
USA Infrastructure,Transportation,Aviation,CC-4230,Maria Delgado,700502,Airport APM Guideway Rehab,"Chen, Wei",E10455,CC-4205,PA Expense Cost JUN-25,Maria Delgado,2.0,Data Collection & Survey,2.1,Survey,Home,Expense Report,US-Southeast Engineering,Reproduction,JUN-25,06/17/2025,06/17/2025,31401289,0,0,0,0,1600.95,72.04,1673,Y,Billed,INV-502-014,
USA Infrastructure,Water,Treatment,CC-4101,Jordan Arafat,700123,Lakeview WTP Phase 2 Design,"Patel, Devi",E10518,CC-4205,PA Labor Cost JUN-25,Jordan Arafat,4.0,Deliverables & Reports,4.2,Final Report,Home,Timecard,US-Southeast Engineering,Professional Staff Labor,JUN-25,06/18/2025,06/17/2025,31400556,59.5,4224.5,1605.31,0,0,262.34,6092.15,Y,Billed,INV-123-014,
USA Infrastructure,Transportation,Bridges,CC-4210,Jordan Arafat,700301,Coastal Bridge Inspection Program,"Jones, Robert",E10342,CC-4101,PA Labor Cost JUN-25,Jordan Arafat,2.0,Data Collection & Survey,2.1,Utility Locates,Home,Timecard,US-Southeast Engineering,Professional Staff Labor,JUN-25,06/18/2025,06/17/2025,31400933,68,4352,1653.76,0,0,270.26,6276.02,Y,Billed,INV-301-014,
USA Infrastructure,Transportation,Bridges,CC-4210,Jordan Arafat,700301,Coastal Bridge Inspection Program,"Chen, Wei",E10455,CC-4205,PA Expense Cost JUN-25,Jordan Arafat,2.0,Data Collection & Survey,2.1,Survey,Home,Expense Report,US-Southeast Engineering,Travel & Lodging,JUN-25,06/18/2025,06/16/2025,31400938,0,0,0,0,11732.07,527.94,12260.02,Y,Billed,INV-301-014,
USA Infrastructure,Transportation,Aviation,CC-4230,Maria Delgado,700502,Airport APM Guideway Rehab,"Patel, Devi",E10518,CC-4205,PA Labor Cost JUN-25,Maria Delgado,2.0,Data Collection & Survey,2.1,Utility Locates,Home,Timecard,US-Southeast Engineering,Professional Staff Labor,JUN-25,06/19/2025,06/19/2025,31401284,49.5,3514.5,1335.51,0,0,218.25,5068.26,Y,Billed,INV-502-014,
USA Infrastructure,Transportation,Highways,CC-4205,Maria Delgado,700248,SR-417 Widening PD&E Study,"Smith, Alice",E10231,CC-4101,PA Labor Cost JUN-25,Maria Delgado,2.0,Data Collection & Survey,2.1,Utility Locates,Home,Timecard,US-Southeast Engineering,Professional Staff Labor,JUN-25,06/20/2025,06/20/2025,31400747,61,4758,1808.04,0,0,295.47,6861.51,Y,Billed,INV-248-014,
USA Infrastructure,Water,Treatment,CC-4101,Jordan Arafat,700123,Lakeview WTP Phase 2 Design,"Rivera, Sofia",E11138,CC-4230,PA Expense Cost JUN-25,Jordan Arafat,1.0,Project Management,1.1,Admin,Home,Cost Transfer,US-Southeast Engineering,Professional Staff Labor,JUN-25,06/21/2025,06/20/2025,31400564,-6.94,-611.1,-232.22,0,0,-37.95,-881.27,Y,Unbilled,,Transfer to 700124 per PM request
USA Infrastructure,Water,Stormwater,CC-4112,Sam Whitfield,700415,Downtown Stormwater Master Plan,"Jones, Robert",E10342,CC-4101,PA Labor Cost JUN-25,Sam Whitfield,4.0,Deliverables & Reports,4.1,Draft Report,Home,Timecard,US-Southeast Engineering,Professional Staff Labor,JUN-25,06/21/2025,06/19/2025,31401119,37,2368,899.84,0,0,147.05,3414.89,Y,Billed,INV-415-014,
USA Infrastructure,Transportation,Aviation,CC-4230,Maria Delgado,700502,Airport APM Guideway Rehab,"Kowalski, Jan",E11024,CC-4230,PA Expense Cost JUN-25,Maria Delgado,2.0,Data Collection & Survey,2.1,Survey,Field,Expense Report,US-Southeast Engineering,Mileage,JUN-25,06/21/2025,06/21/2025,31401290,0,0,0,0,896.61,40.35,936.96,Y,Unbilled,,
USA Infrastructure,Transportation,Bridges,CC-4210,Jordan Arafat,700301,Coastal Bridge Inspection Program,"Patel, Devi",E10518,CC-4205,PA Labor Cost JUN-25,Jordan Arafat,4.0,Deliverables & Reports,4.1,Draft Report,Home,Timecard,US-Southeast Engineering,Professional Staff Labor,JUN-25,06/23/2025,06/21/2025,31400926,12.5,887.5,337.25,0,0,55.11,1279.86,Y,Billed,INV-301-014,
USA Infrastructure,Water,Stormwater,CC-4112,Sam Whitfield,700415,Downtown Stormwater Master Plan,"Garcia, Luis",E10677,CC-4210,PA Labor Cost JUN-25,Sam Whitfield,4.0,Deliverables & Reports,4.2,Draft Report,Field,Timecard,US-Southeast Engineering,Field Staff Labor,JUN-25,06/23/2025,06/22/2025,31401113,9,522,198.36,0,0,32.42,752.78,Y,Billed,INV-415-014,
USA Infrastructure,Water,Stormwater,CC-4112,Sam Whitfield,700415,Downtown Stormwater Master Plan,"Brown, Marcus",E10803,CC-4112,PA Labor Cost JUN-25,Sam Whitfield,2.0,Data Collection & Survey,2.1,Survey,Home,Timecard,US-Southeast Engineering,Professional Staff Labor,JUN-25,06/23/2025,06/23/2025,31401118,61.5,5227.5,1986.45,0,0,324.63,7538.58,N,Billed,INV-415-014,
USA Infrastructure,Water,Treatment,CC-4101,Jordan Arafat,700123,Lakeview WTP Phase 2 Design,"Chen, Wei",E10455,CC-4205,PA Expense Cost JUN-25,Jordan Arafat,2.0,Data Collection & Survey,2.1,Survey,Home,Expense Report,US-Southeast Engineering,Software & Data,JUN-25,06/24/2025,06/23/2025,31400561,0,0,0,0,2951.64,132.82,3084.47,Y,Billed,INV-123-014,
USA Infrastructure,Transportation,Highways,CC-4205,Maria Delgado,700248,SR-417 Widening PD&E Study,"Garcia, Luis",E10677,CC-4210,PA Expense Cost JUN-25,Maria Delgado,2.0,Data Collection & Survey,2.1,Survey,Field,Expense Report,US-Southeast Engineering,Mileage,JUN-25,06/24/2025,06/23/2025,31400753,0,0,0,0,1096.27,49.33,1145.6,Y,Billed,INV-248-014,
USA Infrastructure,Transportation,Highways,CC-4205,Maria Delgado,700248,SR-417 Widening PD&E Study,"Patel, Devi",E10518,CC-4205,PA Expense Cost JUN-25,Maria Delgado,2.0,Data Collection & Survey,2.1,Survey,Home,Expense Report,US-Southeast Engineering,Mileage,JUN-25,06/24/2025,06/24/2025,31400754,0,0,0,0,1408.61,63.39,1472,Y,Billed,INV-248-014,
USA Infrastructure,Transportation,Bridges,CC-4210,Jordan Arafat,700301,Coastal Bridge Inspection Program,"Nguyen, Thao",E10742,CC-4210,PA Labor Cost JUN-25,Jordan Arafat,1.0,Project Management,1.1,Admin,Field,Timecard,US-Southeast Engineering,Field Staff Labor,JUN-25,06/24/2025,06/24/2025,31400928,63,4158,1580.04,0,0,258.21,5996.25,Y,Billed,INV-301-014,
USA Infrastructure,Water,Treatment,CC-4101,Jordan Arafat,700123,Lakeview WTP Phase 2 Design,"O'Neill, Kate",E10911,CC-4112,PA Expense Cost JUN-25,Jordan Arafat,2.0,Data Collection & Survey,2.1,Survey,Home,Expense Report,US-Southeast Engineering,Field Supplies,JUN-25,06/25/2025,06/24/2025,31400563,0,0,0,0,2344.28,105.49,2449.77,Y,Billed,INV-123-014,
USA Infrastructure,Water,Stormwater,CC-4112,Sam Whitfield,700415,Downtown Stormwater Master Plan,"Jones, Robert",E10342,CC-4101,PA Expense Cost JUN-25,Sam Whitfield,2.0,Data Collection & Survey,2.1,Survey,Home,Expense Report,US-Southeast Engineering,Travel & Lodging,JUN-25,06/25/2025,06/25/2025,31401124,0,0,0,0,2505.82,112.76,2618.58,Y,Billed,INV-415-014,
USA Infrastructure,Transportation,Highways,CC-4205,Maria Delgado,700248,SR-417 Widening PD&E Study,"Rivera, Sofia",E11138,CC-4230,PA Labor Cost JUN-25,Maria Delgado,4.0,Deliverables & Reports,4.2,Final Report,Home,Timecard,US-Southeast Engineering,Professional Staff Labor,JUN-25,06/26/2025,06/25/2025,31400748,32,2816,1070.08,0,0,174.87,4060.95,Y,Billed,INV-248-014,
USA Infrastructure,Transportation,Highways,CC-4205,Maria Delgado,700248,SR-417 Widening PD&E Study,"Rivera, Sofia",E11138,CC-4230,PA Expense Cost JUN-25,Maria Delgado,2.0,Data Collection & Survey,2.1,Survey,Home,Expense Report,US-Southeast Engineering,Mileage,JUN-25,06/26/2025,06/24/2025,31400757,0,0,0,0,741.19,33.35,774.54,Y,Billed,INV-248-014,
USA Infrastructure,Water,Stormwater,CC-4112,Sam Whitfield,700415,Downtown Stormwater Master Plan,"Jones, Robert",E10342,CC-4101,PA Labor Cost JUN-25,Sam Whitfield,1.0,Project Management,1.2,Admin,Home,Timecard,US-Southeast Engineering,Professional Staff Labor,JUN-25,06/26/2025,06/25/2025,31401121,46.5,2976,1130.88,0,0,184.81,4291.69,Y,Billed,INV-415-014,
USA Infrastructure,Water,Stormwater,CC-4112,Sam Whitfield,700415,Downtown Stormwater Master Plan,"O'Neill, Kate",E10911,CC-4112,PA Expense Cost JUN-25,Sam Whitfield,2.0,Data Collection & Survey,2.1,Survey,Home,Expense Report,US-Southeast Engineering,Field Supplies,JUN-25,06/26/2025,06/24/2025,31401123,0,0,0,0,941.92,42.39,984.31,N,Billed,INV-415-014,
USA Infrastructure,Transportation,Aviation,CC-4230,Maria Delgado,700502,Airport APM Guideway Rehab,"Jones, Robert",E10342,CC-4101,PA Labor Cost JUN-25,Maria Delgado,5.0,Field Services,5.2,CEI Support,Home,Timecard,US-Southeast Engineering,Professional Staff Labor,JUN-25,06/26/2025,06/25/2025,31401282,31.5,2016,766.08,0,0,125.19,2907.27,Y,Billed,INV-502-014,
USA Infrastructure,Transportation,Highways,CC-4205,Maria Delgado,700248,SR-417 Widening PD&E Study,"Patel, Devi",E10518,CC-4205,PA Labor Cost JUN-25,Maria Delgado,4.0,Deliverables & Reports,4.1,Draft Report,Home,Timecard,US-Southeast Engineering,Professional Staff Labor,JUN-25,06/27/2025,06/25/2025,31400745,51.5,3656.5,1389.47,0,0,227.07,5273.04,Y,Billed,INV-248-014,
USA Infrastructure,Transportation,Bridges,CC-4210,Jordan Arafat,700301,Coastal Bridge Inspection Program,Apex Survey Partners,,,AP Supplier Cost JUN-25,Jordan Arafat,3.0,Analysis & Design,3.2,Design Development,Field,Supplier Invoice,US-Southeast Engineering,Subconsultant Services,JUN-25,06/27/2025,06/26/2025,31400936,0,0,0,7816.11,0,351.72,8167.84,Y,Billed,INV-301-014,
USA Infrastructure,Water,Stormwater,CC-4112,Sam Whitfield,700415,Downtown Stormwater Master Plan,"Rivera, Sofia",E11138,CC-4230,PA Labor Cost JUN-25,Sam Whitfield,2.0,Data Collection & Survey,2.2,Utility Locates,Home,Timecard,US-Southeast Engineering,Professional Staff Labor,JUN-25,06/27/2025,06/27/2025,31401115,55.5,4884,1855.92,0,0,303.3,7043.22,Y,Billed,INV-415-014,
USA Infrastructure,Water,Stormwater,CC-4112,Sam Whitfield,700415,Downtown Stormwater Master Plan,"O'Neill, Kate",E10911,CC-4112,PA Labor Cost JUN-25,Sam Whitfield,1.0,Project Management,1.2,Meetings & Coordination,Home,Timecard,US-Southeast Engineering,Professional Staff Labor,JUN-25,06/27/2025,06/26/2025,31401117,8.5,629,239.02,0,0,39.06,907.08,Y,Unbilled,,
USA Infrastructure,Water,Stormwater,CC-4112,Sam Whitfield,700415,Downtown Stormwater Master Plan,"Nguyen, Thao",E10742,CC-4210,PA Expense Cost JUN-25,Sam Whitfield,1.0,Project Management,1.1,Admin,Field,Cost Transfer,US-Southeast Engineering,Professional Staff Labor,JUN-25,06/27/2025,06/26/2025,31401125,-7.27,-480.09,-182.43,0,0,-29.81,-692.34,Y,Billed,INV-415-014,Transfer to 700416 per PM request
USA Infrastructure,Water,Treatment,CC-4101,Jordan Arafat,700123,Lakeview WTP Phase 2 Design,"Garcia, Luis",E10677,CC-4210,PA Labor Cost JUN-25,Jordan Arafat,2.0,Data Collection & Survey,2.2,Survey,Field,Timecard,US-Southeast Engineering,Field Staff Labor,JUN-25,06/28/2025,06/27/2025,31400552,57,3306,1256.28,0,0,205.3,4767.58,Y,Billed,INV-123-014,
USA Infrastructure,Transportation,Aviation,CC-4230,Maria Delgado,700502,Airport APM Guideway Rehab,"Nguyen, Thao",E10742,CC-4210,PA Labor Cost JUL-25,Maria Delgado,3.0,Analysis & Design,3.1,Modeling,Field,Timecard,US-Southeast Engineering,Field Staff Labor,JUL-25,07/01/2025,07/01/2025,31401297,21,1386,526.68,0,0,86.07,1998.75,Y,Billed,INV-502-015,
USA Infrastructure,Transportation,Aviation,CC-4230,Maria Delgado,700502,Airport APM Guideway Rehab,"O'Neill, Kate",E10911,CC-4112,PA Labor Cost JUL-25,Maria Delgado,5.0,Field Services,5.1,Inspection,Home,Timecard,US-Southeast Engineering,Professional Staff Labor,JUL-25,07/01/2025,07/01/2025,31401298,41,3034,1152.92,0,0,188.41,4375.33,Y,Billed,INV-502-015,
USA Infrastructure,Water,Stormwater,CC-4112,Sam Whitfield,700415,Downtown Stormwater Master Plan,"Brown, Marcus",E10803,CC-4112,PA Labor Cost JUL-25,Sam Whitfield,5.0,Field Services,5.2,CEI Support,Home,Timecard,US-Southeast Engineering,Professional Staff Labor,JUL-25,07/02/2025,07/02/2025,31401129,60,5100,1938,0,0,316.71,7354.71,Y,Billed,INV-415-015,
USA Infrastructure,Water,Treatment,CC-4101,Jordan Arafat,700123,Lakeview WTP Phase 2 Design,"Smith, Alice",E10231,CC-4101,PA Labor Cost JUL-25,Jordan Arafat,1.0,Project Management,1.1,Admin,Home,Timecard,US-Southeast Engineering,Professional Staff Labor,JUL-25,07/03/2025,07/01/2025,31400569,60.5,4719,1793.22,0,0,293.05,6805.27,Y,Unbilled,,
USA Infrastructure,Transportation,Highways,CC-4205,Maria Delgado,700248,SR-417 Widening PD&E Study,"Chen, Wei",E10455,CC-4205,PA Labor Cost JUL-25,Maria Delgado,2.0,Data Collection & Survey,2.1,Utility Locates,Home,Timecard,US-Southeast Engineering,Professional Staff Labor,JUL-25,07/03/2025,07/01/2025,31400766,32.5,2990,1136.2,0,0,185.68,4311.88,Y,Billed,INV-248-015,
USA Infrastructure,Transportation,Bridges,CC-4210,Jordan Arafat,700301,Coastal Bridge Inspection Program,"O'Neill, Kate",E10911,CC-4112,PA Labor Cost JUL-25,Jordan Arafat,3.0,Analysis & Design,3.2,Design Development,Home,Timecard,US-Southeast Engineering,Professional Staff Labor,JUL-25,07/03/2025,07/03/2025,31400943,60,4440,1687.2,0,0,275.72,6402.92,Y,Billed,INV-301-015,
USA Infrastructure,Water,Treatment,CC-4101,Jordan Arafat,700123,Lakeview WTP Phase 2 Design,GeoTech Drilling LLC,,,AP Supplier Cost JUL-25,Jordan Arafat,3.0,Analysis & Design,3.2,Design Development,Field,Supplier Invoice,US-Southeast Engineering,Subconsultant Services,JUL-25,07/05/2025,07/05/2025,31400574,0,0,0,8033.74,0,361.52,8395.26,Y,Billed,INV-123-015,
USA Infrastructure,Transportation,Highways,CC-4205,Maria Delgado,700248,SR-417 Widening PD&E Study,"Patel, Devi",E10518,CC-4205,PA Labor Cost JUL-25,Maria Delgado,5.0,Field Services,5.2,CEI Support,Home,Timecard,US-Southeast Engineering,Professional Staff Labor,JUL-25,07/06/2025,07/06/2025,31400758,19.5,1384.5,526.11,0,0,85.98,1996.59,Y,Billed,INV-248-015,
USA Infrastructure,Water,Treatment,CC-4101,Jordan Arafat,700123,Lakeview WTP Phase 2 Design,GeoTech Drilling LLC,,,AP Supplier Cost JUL-25,Jordan Arafat,3.0,Analysis & Design,3.2,Design Development,Field,Supplier Invoice,US-Southeast Engineering,Subconsultant Services,JUL-25,07/07/2025,07/05/2025,31400575,0,0,0,10962.4,0,493.31,11455.71,Y,Billed,INV-123-015,
USA Infrastructure,Water,Treatment,CC-4101,Jordan Arafat,700123,Lakeview WTP Phase 2 Design,"Patel, Devi",E10518,CC-4205,PA Expense Cost JUL-25,Jordan Arafat,1.0,Project Management,1.1,Admin,Home,Cost Transfer,US-Southeast Engineering,Professional Staff Labor,JUL-25,07/07/2025,07/05/2025,31400578,-11.6,-823.95,-313.1,0,0,-51.17,-1188.22,Y,Billed,INV-123-015,Transfer to 700124 per PM request
USA Infrastructure,Transportation,Bridges,CC-4210,Jordan Arafat,700301,Coastal Bridge Inspection Program,"Chen, Wei",E10455,CC-4205,PA Labor Cost JUL-25,Jordan Arafat,2.0,Data Collection & Survey,2.1,Utility Locates,Home,Timecard,US-Southeast Engineering,Professional Staff Labor,JUL-25,07/07/2025,07/05/2025,31400940,13.5,1242,471.96,0,0,77.13,1791.09,Y,Billed,INV-301-015,
USA Infrastructure,Transportation,Bridges,CC-4210,Jordan Arafat,700301,Coastal Bridge Inspection Program,"Nguyen, Thao",E10742,CC-4210,PA Labor Cost JUL-25,Jordan Arafat,4.0,Deliverables & Reports,4.2,Draft Report,Field,Timecard,US-Southeast Engineering,Field Staff Labor,JUL-25,07/07/2025,07/07/2025,31400942,62,4092,1554.96,0,0,254.11,5901.07,Y,Billed,INV-301-015,
USA Infrastructure,Water,Stormwater,CC-4112,Sam Whitfield,700415,Downtown Stormwater Master Plan,"Smith, Alice",E10231,CC-4101,PA Labor Cost JUL-25,Sam Whitfield,1.0,Project Management,1.2,Meetings & Coordination,Home,Timecard,US-Southeast Engineering,Professional Staff Labor,JUL-25,07/07/2025,07/07/2025,31401131,31.5,2457,933.66,0,0,152.58,3543.24,Y,Billed,INV-415-015,
USA Infrastructure,Transportation,Bridges,CC-4210,Jordan Arafat,700301,Coastal Bridge Inspection Program,"Garcia, Luis",E10677,CC-4210,PA Labor Cost JUL-25,Jordan Arafat,5.0,Field Services,5.2,Inspection,Field,Timecard,US-Southeast Engineering,Field Staff Labor,JUL-25,07/08/2025,07/08/2025,31400946,33,1914,727.32,0,0,118.86,2760.18,Y,Unbilled,,
USA Infrastructure,Transportation,Bridges,CC-4210,Jordan Arafat,700301,Coastal Bridge Inspection Program,GeoTech Drilling LLC,,,AP Supplier Cost JUL-25,Jordan Arafat,3.0,Analysis & Design,3.2,Design Development,Field,Supplier Invoice,US-Southeast Engineering,Subconsultant Services,JUL-25,07/08/2025,07/06/2025,31400951,0,0,0,25192.9,0,1133.68,26326.58,N,Billed,INV-301-015,
USA Infrastructure,Transportation,Bridges,CC-4210,Jordan Arafat,700301,Coastal Bridge Inspection Program,"Rivera, Sofia",E11138,CC-4230,PA Expense Cost JUL-25,Jordan Arafat,2.0,Data Collection & Survey,2.1,Survey,Home,Expense Report,US-Southeast Engineering,Travel & Lodging,JUL-25,07/08/2025,07/06/2025,31400955,0,0,0,0,8858.4,398.63,9257.03,Y,Billed,INV-301-015,
USA Infrastructure,Transportation,Aviation,CC-4230,Maria Delgado,700502,Airport APM Guideway Rehab,"Brown, Marcus",E10803,CC-4112,PA Labor Cost JUL-25,Maria Delgado,3.0,Analysis & Design,3.1,Modeling,Home,Timecard,US-Southeast Engineering,Professional Staff Labor,JUL-25,07/08/2025,07/08/2025,31401294,19,1615,613.7,0,0,100.29,2328.99,Y,Billed,INV-502-015,
USA Infrastructure,Transportation,Bridges,CC-4210,Jordan Arafat,700301,Coastal Bridge Inspection Program,"Chen, Wei",E10455,CC-4205,PA Expense Cost JUL-25,Jordan Arafat,2.0,Data Collection & Survey,2.1,Survey,Home,Expense Report,US-Southeast Engineering,Mileage,JUL-25,07/10/2025,07/09/2025,31400952,0,0,0,0,5083.76,228.77,5312.53,Y,Billed,INV-301-015,
USA Infrastructure,Transportation,Bridges,CC-4210,Jordan Arafat,700301,Coastal Bridge Inspection Program,"Jones, Robert",E10342,CC-4101,PA Expense Cost JUL-25,Jordan Arafat,2.0,Data Collection & Survey,2.1,Survey,Home,Expense Report,US-Southeast Engineering,Travel & Lodging,JUL-25,07/10/2025,07/10/2025,31400953,0,0,0,0,3875.68,174.41,4050.08,Y,Billed,INV-301-015,
USA Infrastructure,Water,Stormwater,CC-4112,Sam Whitfield,700415,Downtown Stormwater Master Plan,"Jones, Robert",E10342,CC-4101,PA Labor Cost JUL-25,Sam Whitfield,1.0,Project Management,1.1,Admin,Home,Timecard,US-Southeast Engineering,Professional Staff Labor,JUL-25,07/10/2025,07/10/2025,31401132,33,2112,802.56,0,0,131.16,3045.72,Y,Billed,INV-415-015,
USA Infrastructure,Water,Treatment,CC-4101,Jordan Arafat,700123,Lakeview WTP Phase 2 Design,"Garcia, Luis",E10677,CC-4210,PA Labor Cost JUL-25,Jordan Arafat,2.0,Data Collection & Survey,2.2,Utility Locates,Field,Timecard,US-Southeast Engineering,Field Staff Labor,JUL-25,07/11/2025,07/11/2025,31400571,66.5,3857,1465.66,0,0,239.52,5562.18,Y,Unbilled,,
USA Infrastructure,Water,Treatment,CC-4101,Jordan Arafat,700123,Lakeview WTP Phase 2 Design,"Kowalski, Jan",E11024,CC-4230,PA Expense Cost JUL-25,Jordan Arafat,2.0,Data Collection & Survey,2.1,Survey,Field,Expense Report,US-Southeast Engineering,Field Supplies,JUL-25,07/11/2025,07/10/2025,31400576,0,0,0,0,3679.79,165.59,3845.38,Y,Billed,INV-123-015,
USA Infrastructure,Transportation,Bridges,CC-4210,Jordan Arafat,700301,Coastal Bridge Inspection Program,"Patel, Devi",E10518,CC-4205,PA Labor Cost JUL-25,Jordan Arafat,1.0,Project Management,1.2,Admin,Home,Timecard,US-Southeast Engineering,Professional Staff Labor,JUL-25,07/11/2025,07/10/2025,31400944,54.5,3869.5,1470.41,0,0,240.3,5580.21,Y,Billed,INV-301-015,
USA Infrastructure,Water,Stormwater,CC-4112,Sam Whitfield,700415,Downtown Stormwater Master Plan,"Patel, Devi",E10518,CC-4205,PA Labor Cost JUL-25,Sam Whitfield,4.0,Deliverables & Reports,4.2,Final Report,Home,Timecard,US-Southeast Engineering,Professional Staff Labor,JUL-25,07/12/2025,07/11/2025,31401127,40.5,2875.5,1092.69,0,0,178.57,4146.76,Y,Billed,INV-415-015,
USA Infrastructure,Transportation,Aviation,CC-4230,Maria Delgado,700502,Airport APM Guideway Rehab,"O'Neill, Kate",E10911,CC-4112,PA Labor Cost JUL-25,Maria Delgado,2.0,Data Collection & Survey,2.2,Survey,Home,Timecard,US-Southeast Engineering,Professional Staff Labor,JUL-25,07/12/2025,07/12/2025,31401293,14,1036,393.68,0,0,64.34,1494.02,Y,Billed,INV-502-015,
USA Infrastructure,Water,Treatment,CC-4101,Jordan Arafat,700123,Lakeview WTP Phase 2 Design,"Rivera, Sofia",E11138,CC-4230,PA Labor Cost JUL-25,Jordan Arafat,1.0,Project Management,1.1,Admin,Home,Timecard,US-Southeast Engineering,Professional Staff Labor,JUL-25,07/13/2025,07/13/2025,31400568,19.5,1716,652.08,0,0,106.56,2474.64,Y,Billed,INV-123-015,
USA Infrastructure,Transportation,Highways,CC-4205,Maria Delgado,700248,SR-417 Widening PD&E Study,"Patel, Devi",E10518,CC-4205,PA Labor Cost JUL-25,Maria Delgado,1.0,Project Management,1.2,Admin,Home,Timecard,US-Southeast Engineering,Professional Staff Labor,JUL-25,07/13/2025,07/12/2025,31400759,57.5,4082.5,1551.35,0,0,253.52,5887.37,Y,Billed,INV-248-015,
USA Infrastructure,Transportation,Highways,CC-4205,Maria Delgado,700248,SR-417 Widening PD&E Study,"Chen, Wei",E10455,CC-4205,PA Expense Cost JUL-25,Maria Delgado,2.0,Data Collection & Survey,2.1,Survey,Home,Expense Report,US-Southeast Engineering,Travel & Lodging,JUL-25,07/13/2025,07/11/2025,31400771,0,0,0,0,1574.26,70.84,1645.1,Y,Billed,INV-248-015,
USA Infrastructure,Water,Treatment,CC-4101,Jordan Arafat,700123,Lakeview WTP Phase 2 Design,"Jones, Robert",E10342,CC-4101,PA Labor Cost JUL-25,Jordan Arafat,4.0,Deliverables & Reports,4.1,Draft Report,Home,Timecard,US-Southeast Engineering,Professional Staff Labor,JUL-25,07/14/2025,07/12/2025,31400570,43,2752,1045.76,0,0,170.9,3968.66,Y,Billed,INV-123-015,
USA Infrastructure,Transportation,Highways,CC-4205,Maria Delgado,700248,SR-417 Widening PD&E Study,"Garcia, Luis",E10677,CC-4210,PA Labor Cost JUL-25,Maria Delgado,5.0,Field Services,5.1,Inspection,Field,Timecard,US-Southeast Engineering,Field Staff Labor,JUL-25,07/15/2025,07/13/2025,31400762,54.5,3161,1201.18,0,0,196.3,4558.48,Y,Billed,INV-248-015,
USA Infrastructure,Transportation,Highways,CC-4205,Maria Delgado,700248,SR-417 Widening PD&E Study,"Garcia, Luis",E10677,CC-4210,PA Expense Cost JUL-25,Maria Delgado,2.0,Data Collection & Survey,2.1,Survey,Field,Expense Report,US-Southeast Engineering,Field Supplies,JUL-25,07/15/2025,07/15/2025,31400770,0,0,0,0,751.9,33.84,785.74,Y,Billed,INV-248-015,
USA Infrastructure,Transportation,Highways,CC-4205,Maria Delgado,700248,SR-417 Widening PD&E Study,"Jones, Robert",E10342,CC-4101,PA Labor Cost JUL-25,Maria Delgado,5.0,Field Services,5.1,CEI Support,Home,Timecard,US-Southeast Engineering,Professional Staff Labor,JUL-25,07/16/2025,07/16/2025,31400763,68,4352,1653.76,0,0,270.26,6276.02,Y,Billed,INV-248-015,
USA Infrastructure,Water,Stormwater,CC-4112,Sam Whitfield,700415,Downtown Stormwater Master Plan,"Chen, Wei",E10455,CC-4205,PA Labor Cost JUL-25,Sam Whitfield,3.0,Analysis & Design,3.2,Modeling,Home,Timecard,US-Southeast Engineering,Professional Staff Labor,JUL-25,07/16/2025,07/16/2025,31401133,25.5,2346,891.48,0,0,145.69,3383.17,Y,Billed,INV-415-015,
USA Infrastructure,Transportation,Aviation,CC-4230,Maria Delgado,700502,Airport APM Guideway Rehab,"Brown, Marcus",E10803,CC-4112,PA Expense Cost JUL-25,Maria Delgado,2.0,Data Collection & Survey,2.1,Survey,Home,Expense Report,US-Southeast Engineering,Travel & Lodging,JUL-25,07/16/2025,07/14/2025,31401306,0,0,0,0,6144.4,276.5,6420.9,Y,Billed,INV-502-015,
USA Infrastructure,Water,Stormwater,CC-4112,Sam Whitfield,700415,Downtown Stormwater Master Plan,GeoTech Drilling LLC,,,AP Supplier Cost JUL-25,Sam Whitfield,3.0,Analysis & Design,3.2,Design Development,Field,Supplier Invoice,US-Southeast Engineering,Subconsultant Services,JUL-25,07/17/2025,07/17/2025,31401136,0,0,0,2975.71,0,133.91,3109.61,Y,Billed,INV-415-015,
USA Infrastructure,Transportation,Aviation,CC-4230,Maria Delgado,700502,Airport APM Guideway Rehab,"Smith, Alice",E10231,CC-4101,PA Labor Cost JUL-25,Maria Delgado,5.0,Field Services,5.1,Inspection,Home,Timecard,US-Southeast Engineering,Professional Staff Labor,JUL-25,07/17/2025,07/16/2025,31401303,27,2106,800.28,0,0,130.78,3037.06,Y,Billed,INV-502-015,
USA Infrastructure,Water,Treatment,CC-4101,Jordan Arafat,700123,Lakeview WTP Phase 2 Design,"Rivera, Sofia",E11138,CC-4230,PA Labor Cost JUL-25,Jordan Arafat,1.0,Project Management,1.2,Meetings & Coordination,Home,Timecard,US-Southeast Engineering,Professional Staff Labor,JUL-25,07/18/2025,07/17/2025,31400565,47,4136,1571.68,0,0,256.85,5964.53,Y,Billed,INV-123-015,
USA Infrastructure,Water,Treatment,CC-4101,Jordan Arafat,700123,Lakeview WTP Phase 2 Design,"Chen, Wei",E10455,CC-4205,PA Labor Cost JUL-25,Jordan Arafat,2.0,Data Collection & Survey,2.1,Survey,Home,Timecard,US-Southeast Engineering,Professional Staff Labor,JUL-25,07/18/2025,07/18/2025,31400566,71.5,6578,2499.64,0,0,408.49,9486.13,Y,Billed,INV-123-015,
USA Infrastructure,Transportation,Highways,CC-4205,Maria Delgado,700248,SR-417 Widening PD&E Study,"Jones, Robert",E10342,CC-4101,PA Labor Cost JUL-25,Maria Delgado,2.0,Data Collection & Survey,2.2,Survey,Home,Timecard,US-Southeast Engineering,Professional Staff Labor,JUL-25,07/18/2025,07/18/2025,31400761,40,2560,972.8,0,0,158.98,3691.78,Y,Billed,INV-248-015,
USA Infrastructure,Transportation,Bridges,CC-4210,Jordan Arafat,700301,Coastal Bridge Inspection Program,"Patel, Devi",E10518,CC-4205,PA Labor Cost JUL-25,Jordan Arafat,2.0,Data Collection & Survey,2.2,Utility Locates,Home,Timecard,US-Southeast Engineering,Professional Staff Labor,JUL-25,07/18/2025,07/18/2025,31400950,27.5,1952.5,741.95,0,0,121.25,2815.7,Y,Billed,INV-301-015,
USA Infrastructure,Transportation,Bridges,CC-4210,Jordan Arafat,700301,Coastal Bridge Inspection Program,"Nguyen, Thao",E10742,CC-4210,PA Expense Cost JUL-25,Jordan Arafat,2.0,Data Collection & Survey,2.1,Survey,Field,Expense Report,US-Southeast Engineering,Mileage,JUL-25,07/18/2025,07/17/2025,31400954,0,0,0,0,2336.48,105.14,2441.62,Y,Billed,INV-301-015,
USA Infrastructure,Transportation,Aviation,CC-4230,Maria Delgado,700502,Airport APM Guideway Rehab,"Rivera, Sofia",E11138,CC-4230,PA Expense Cost JUL-25,Maria Delgado,2.0,Data Collection & Survey,2.1,Survey,Home,Expense Report,US-Southeast Engineering,Travel & Lodging,JUL-25,07/18/2025,07/17/2025,31401307,0,0,0,0,6898.63,310.44,7209.06,Y,Unbilled,,
USA Infrastructure,Water,Treatment,CC-4101,Jordan Arafat,700123,Lakeview WTP Phase 2 Design,"Brown, Marcus",E10803,CC-4112,PA Expense Cost JUL-25,Jordan Arafat,2.0,Data Collection & Survey,2.1,Survey,Home,Expense Report,US-Southeast Engineering,Software & Data,JUL-25,07/19/2025,07/18/2025,31400577,0,0,0,0,10567.32,475.53,11042.85,N,Unbilled,,
USA Infrastructure,Transportation,Bridges,CC-4210,Jordan Arafat,700301,Coastal Bridge Inspection Program,"Nguyen, Thao",E10742,CC-4210,PA Labor Cost JUL-25,Jordan Arafat,2.0,Data Collection & Survey,2.2,Survey,Field,Timecard,US-Southeast Engineering,Field Staff Labor,JUL-25,07/19/2025,07/18/2025,31400941,23.5,1551,589.38,0,0,96.32,2236.7,Y,Billed,INV-301-015,
USA Infrastructure,Transportation,Bridges,CC-4210,Jordan Arafat,700301,Coastal Bridge Inspection Program,"Jones, Robert",E10342,CC-4101,PA Labor Cost JUL-25,Jordan Arafat,4.0,Deliverables & Reports,4.1,Draft Report,Home,Timecard,US-Southeast Engineering,Professional Staff Labor,JUL-25,07/19/2025,07/17/2025,31400949,61.5,3936,1495.68,0,0,244.43,5676.11,Y,Billed,INV-301-015,
USA Infrastructure,Transportation,Aviation,CC-4230,Maria Delgado,700502,Airport APM Guideway Rehab,"Jones, Robert",E10342,CC-4101,PA Labor Cost JUL-25,Maria Delgado,5.0,Field Services,5.2,CEI Support,Home,Timecard,US-Southeast Engineering,Professional Staff Labor,JUL-25,07/19/2025,07/18/2025,31401301,17.5,1120,425.6,0,0,69.55,1615.15,Y,Billed,INV-502-015,
USA Infrastructure,Transportation,Aviation,CC-4230,Maria Delgado,700502,Airport APM Guideway Rehab,BlueWater Environmental,,,AP Supplier Cost JUL-25,Maria Delgado,3.0,Analysis & Design,3.2,Design Development,Field,Supplier Invoice,US-Southeast Engineering,Subconsultant Services,JUL-25,07/19/2025,07/19/2025,31401305,0,0,0,28026.01,0,1261.17,29287.18,Y,Unbilled,,
USA Infrastructure,Water,Treatment,CC-4101,Jordan Arafat,700123,Lakeview WTP Phase 2 Design,"Smith, Alice",E10231,CC-4101,PA Labor Cost JUL-25,Jordan Arafat,3.0,Analysis & Design,3.2,Design Development,Home,Timecard,US-Southeast Engineering,Professional Staff Labor,JUL-25,07/20/2025,07/19/2025,31400573,62,4836,1837.68,0,0,300.32,6974,Y,Unbilled,,
USA Infrastructure,Transportation,Highways,CC-4205,Maria Delgado,700248,SR-417 Widening PD&E Study,"Jones, Robert",E10342,CC-4101,PA Expense Cost JUL-25,Maria Delgado,2.0,Data Collection & Survey,2.1,Survey,Home,Expense Report,US-Southeast Engineering,Reproduction,JUL-25,07/20/2025,07/18/2025,31400769,0,0,0,0,1402.29,63.1,1465.39,Y,Billed,INV-248-015,
USA Infrastructure,Water,Stormwater,CC-4112,Sam Whitfield,700415,Downtown Stormwater Master Plan,"Kowalski, Jan",E11024,CC-4230,PA Labor Cost JUL-25,Sam Whitfield,3.0,Analysis & Design,3.1,Design Development,Field,Timecard,US-Southeast Engineering,Field Staff Labor,JUL-25,07/20/2025,07/18/2025,31401135,35,2135,811.3,0,0,132.58,3078.88,Y,Billed,INV-415-015,
USA Infrastructure,Transportation,Aviation,CC-4230,Maria Delgado,700502,Airport APM Guideway Rehab,"Patel, Devi",E10518,CC-4205,PA Labor Cost JUL-25,Maria Delgado,5.0,Field Services,5.1,Inspection,Home,Timecard,US-Southeast Engineering,Professional Staff Labor,JUL-25,07/20/2025,07/18/2025,31401296,64,4544,1726.72,0,0,282.18,6552.9,Y,Billed,INV-502-015,
USA Infrastructure,Transportation,Aviation,CC-4230,Maria Delgado,700502,Airport APM Guideway Rehab,"Garcia, Luis",E10677,CC-4210,PA Labor Cost JUL-25,Maria Delgado,5.0,Field Services,5.2,Inspection,Field,Timecard,US-Southeast Engineering,Field Staff Labor,JUL-25,07/20/2025,07/19/2025,31401300,58.5,3393,1289.34,0,0,210.71,4893.05,N,Billed,INV-502-015,
USA Infrastructure,Water,Treatment,CC-4101,Jordan Arafat,700123,Lakeview WTP Phase 2 Design,"O'Neill, Kate",E10911,CC-4112,PA Labor Cost JUL-25,Jordan Arafat,5.0,Field Services,5.1,Inspection,Home,Timecard,US-Southeast Engineering,Professional Staff Labor,JUL-25,07/22/2025,07/21/2025,31400567,43,3182,1209.16,0,0,197.6,4588.76,Y,Billed,INV-123-015,
USA Infrastructure,Transportation,Highways,CC-4205,Maria Delgado,700248,SR-417 Widening PD&E Study,"Brown, Marcus",E10803,CC-4112,PA Labor Cost JUL-25,Maria Delgado,2.0,Data Collection & Survey,2.1,Survey,Home,Timecard,US-Southeast Engineering,Professional Staff Labor,JUL-25,07/22/2025,07/22/2025,31400760,44.5,3782.5,1437.35,0,0,234.89,5454.74,Y,Billed,INV-248-015,
USA Infrastructure,Water,Stormwater,CC-4112,Sam Whitfield,700415,Downtown Stormwater Master Plan,"Brown, Marcus",E10803,CC-4112,PA Labor Cost JUL-25,Sam Whitfield,2.0,Data Collection & Survey,2.1,Utility Locates,Home,Timecard,US-Southeast Engineering,Professional Staff Labor,JUL-25,07/23/2025,07/22/2025,31401128,61.5,5227.5,1986.45,0,0,324.63,7538.58,N,Billed,INV-415-015,
USA Infrastructure,Water,Stormwater,CC-4112,Sam Whitfield,700415,Downtown Stormwater Master Plan,"Rivera, Sofia",E11138,CC-4230,PA Labor Cost JUL-25,Sam Whitfield,1.0,Project Management,1.2,Admin,Home,Timecard,US-Southeast Engineering,Professional Staff Labor,JUL-25,07/23/2025,07/23/2025,31401134,43,3784,1437.92,0,0,234.99,5456.91,Y,Billed,INV-415-015,
USA Infrastructure,Water,Stormwater,CC-4112,Sam Whitfield,700415,Downtown Stormwater Master Plan,"Patel, Devi",E10518,CC-4205,PA Expense Cost JUL-25,Sam Whitfield,2.0,Data Collection & Survey,2.1,Survey,Home,Expense Report,US-Southeast Engineering,Software & Data,JUL-25,07/23/2025,07/21/2025,31401138,0,0,0,0,2614.21,117.64,2731.85,Y,Billed,INV-415-015,
USA Infrastructure,Water,Treatment,CC-4101,Jordan Arafat,700123,Lakeview WTP Phase 2 Design,"Nguyen, Thao",E10742,CC-4210,PA Labor Cost JUL-25,Jordan Arafat,3.0,Analysis & Design,3.2,Design Development,Field,Timecard,US-Southeast Engineering,Field Staff Labor,JUL-25,07/24/2025,07/24/2025,31400572,61.5,4059,1542.42,0,0,252.06,5853.48,Y,Billed,INV-123-015,
USA Infrastructure,Water,Stormwater,CC-4112,Sam Whitfield,700415,Downtown Stormwater Master Plan,"O'Neill, Kate",E10911,CC-4112,PA Expense Cost JUL-25,Sam Whitfield,2.0,Data Collection & Survey,2.1,Survey,Home,Expense Report,US-Southeast Engineering,Travel & Lodging,JUL-25,07/24/2025,07/24/2025,31401137,0,0,0,0,1105.42,49.74,1155.16,Y,Billed,INV-415-015,
USA Infrastructure,Transportation,Aviation,CC-4230,Maria Delgado,700502,Airport APM Guideway Rehab,"Smith, Alice",E10231,CC-4101,PA Labor Cost JUL-25,Maria Delgado,3.0,Analysis & Design,3.1,Design Development,Home,Timecard,US-Southeast Engineering,Professional Staff Labor,JUL-25,07/24/2025,07/23/2025,31401295,48.5,3783,1437.54,0,0,234.92,5455.46,Y,Unbilled,,
USA Infrastructure,Transportation,Highways,CC-4205,Maria Delgado,700248,SR-417 Widening PD&E Study,"Rivera, Sofia",E11138,CC-4230,PA Expense Cost JUL-25,Maria Delgado,2.0,Data Collection & Survey,2.1,Survey,Home,Expense Report,US-Southeast Engineering,Reproduction,JUL-25,07/25/2025,07/25/2025,31400768,0,0,0,0,1914.16,86.14,2000.3,Y,Billed,INV-248-015,
USA Infrastructure,Water,Stormwater,CC-4112,Sam Whitfield,700415,Downtown Stormwater Master Plan,"Rivera, Sofia",E11138,CC-4230,PA Labor Cost JUL-25,Sam Whitfield,4.0,Deliverables & Reports,4.1,Final Report,Home,Timecard,US-Southeast Engineering,Professional Staff Labor,JUL-25,07/25/2025,07/25/2025,31401130,20,1760,668.8,0,0,109.3,2538.1,N,Billed,INV-415-015,
USA Infrastructure,Transportation,Aviation,CC-4230,Maria Delgado,700502,Airport APM Guideway Rehab,Stratus Aerial Imaging,,,AP Supplier Cost JUL-25,Maria Delgado,3.0,Analysis & Design,3.2,Design Development,Field,Supplier Invoice,US-Southeast Engineering,Subconsultant Services,JUL-25,07/25/2025,07/25/2025,31401304,0,0,0,50232.13,0,2260.45,52492.58,Y,Billed,INV-502-015,
USA Infrastructure,Transportation,Bridges,CC-4210,Jordan Arafat,700301,Coastal Bridge Inspection Program,"Chen, Wei",E10455,CC-4205,PA Labor Cost JUL-25,Jordan Arafat,2.0,Data Collection & Survey,2.2,Survey,Home,Timecard,US-Southeast Engineering,Professional Staff Labor,JUL-25,07/26/2025,07/26/2025,31400947,18.5,1702,646.76,0,0,105.69,2454.45,Y,Billed,INV-301-015,
USA Infrastructure,Transportation,Aviation,CC-4230,Maria Delgado,700502,Airport APM Guideway Rehab,"Patel, Devi",E10518,CC-4205,PA Labor Cost JUL-25,Maria Delgado,1.0,Project Management,1.1,Meetings & Coordination,Home,Timecard,US-Southeast Engineering,Professional Staff Labor,JUL-25,07/26/2025,07/25/2025,31401299,22,1562,593.56,0,0,97,2252.56,Y,Billed,INV-502-015,
USA Infrastructure,Transportation,Highways,CC-4205,Maria Delgado,700248,SR-417 Widening PD&E Study,"Smith, Alice",E10231,CC-4101,PA Labor Cost JUL-25,Maria Delgado,1.0,Project Management,1.1,Admin,Home,Timecard,US-Southeast Engineering,Professional Staff Labor,JUL-25,07/27/2025,07/25/2025,31400765,41.5,3237,1230.06,0,0,201.02,4668.08,Y,Billed,INV-248-015,
USA Infrastructure,Water,Stormwater,CC-4112,Sam Whitfield,700415,Downtown Stormwater Master Plan,"Nguyen, Thao",E10742,CC-4210,PA Labor Cost JUL-25,Sam Whitfield,4.0,Deliverables & Reports,4.1,Draft Report,Field,Timecard,US-Southeast Engineering,Field Staff Labor,JUL-25,07/27/2025,07/25/2025,31401126,38.5,2541,965.58,0,0,157.8,3664.38,Y,Billed,INV-415-015,
USA Infrastructure,Transportation,Aviation,CC-4230,Maria Delgado,700502,Airport APM Guideway Rehab,"Brown, Marcus",E10803,CC-4112,PA Labor Cost JUL-25,Maria Delgado,4.0,Deliverables & Reports,4.1,Draft Report,Home,Timecard,US-Southeast Engineering,Professional Staff Labor,JUL-25,07/27/2025,07/25/2025,31401302,11.5,977.5,371.45,0,0,60.7,1409.65,Y,Billed,INV-502-015,
USA Infrastructure,Transportation,Highways,CC-4205,Maria Delgado,700248,SR-417 Widening PD&E Study,"O'Neill, Kate",E10911,CC-4112,PA Labor Cost JUL-25,Maria Delgado,3.0,Analysis & Design,3.1,Modeling,Home,Timecard,US-Southeast Engineering,Professional Staff Labor,JUL-25,07/28/2025,07/27/2025,31400764,36,2664,1012.32,0,0,165.43,3841.75,N,Billed,INV-248-015,
USA Infrastructure,Transportation,Highways,CC-4205,Maria Delgado,700248,SR-417 Widening PD&E Study,GeoTech Drilling LLC,,,AP Supplier Cost JUL-25,Maria Delgado,3.0,Analysis & Design,3.2,Design Development,Field,Supplier Invoice,US-Southeast Engineering,Subconsultant Services,JUL-25,07/28/2025,07/27/2025,31400767,0,0,0,13166.1,0,592.47,13758.57,Y,Billed,INV-248-015,
USA Infrastructure,Transportation,Bridges,CC-4210,Jordan Arafat,700301,Coastal Bridge Inspection Program,"O'Neill, Kate",E10911,CC-4112,PA Labor Cost JUL-25,Jordan Arafat,2.0,Data Collection & Survey,2.1,Survey,Home,Timecard,US-Southeast Engineering,Professional Staff Labor,JUL-25,07/28/2025,07/26/2025,31400945,38.5,2849,1082.62,0,0,176.92,4108.54,Y,Billed,INV-301-015,
USA Infrastructure,Transportation,Bridges,CC-4210,Jordan Arafat,700301,Coastal Bridge Inspection Program,"Rivera, Sofia",E11138,CC-4230,PA Labor Cost JUL-25,Jordan Arafat,5.0,Field Services,5.2,Inspection,Home,Timecard,US-Southeast Engineering,Professional Staff Labor,JUL-25,07/28/2025,07/27/2025,31400948,32,2816,1070.08,0,0,174.87,4060.95,Y,Billed,INV-301-015,
USA Infrastructure,Water,Treatment,CC-4101,Jordan Arafat,700123,Lakeview WTP Phase 2 Design,Apex Survey Partners,,,AP Supplier Cost AUG-25,Jordan Arafat,3.0,Analysis & Design,3.2,Design Development,Field,Supplier Invoice,US-Southeast Engineering,Subconsultant Services,AUG-25,08/01/2025,08/01/2025,31400588,0,0,0,5214.57,0,234.66,5449.22,Y,Billed,INV-123-016,
USA Infrastructure,Transportation,Highways,CC-4205,Maria Delgado,700248,SR-417 Widening PD&E Study,"Smith, Alice",E10231,CC-4101,PA Labor Cost AUG-25,Maria Delgado,4.0,Deliverables & Reports,4.2,Draft Report,Home,Timecard,US-Southeast Engineering,Professional Staff Labor,AUG-25,08/02/2025,08/02/2025,31400773,44.5,3471,1318.98,0,0,215.55,5005.53,Y,Billed,INV-248-016,
USA Infrastructure,Transportation,Highways,CC-4205,Maria Delgado,700248,SR-417 Widening PD&E Study,"O'Neill, Kate",E10911,CC-4112,PA Labor Cost AUG-25,Maria Delgado,5.0,Field Services,5.1,Inspection,Home,Timecard,US-Southeast Engineering,Professional Staff Labor,AUG-25,08/03/2025,08/01/2025,31400775,50.5,3737,1420.06,0,0,232.07,5389.13,N,Billed,INV-248-016,
USA Infrastructure,Transportation,Highways,CC-4205,Maria Delgado,700248,SR-417 Widening PD&E Study,"Chen, Wei",E10455,CC-4205,PA Labor Cost AUG-25,Maria Delgado,5.0,Field Services,5.1,Inspection,Home,Timecard,US-Southeast Engineering,Professional Staff Labor,AUG-25,08/03/2025,08/01/2025,31400779,57,5244,1992.72,0,0,325.65,7562.37,Y,Billed,INV-248-016,
USA Infrastructure,Transportation,Highways,CC-4205,Maria Delgado,700248,SR-417 Widening PD&E Study,Apex Survey Partners,,,AP Supplier Cost AUG-25,Maria Delgado,3.0,Analysis & Design,3.2,Design Development,Field,Supplier Invoice,US-Southeast Engineering,Subconsultant Services,AUG-25,08/03/2025,08/02/2025,31400784,0,0,0,2736.67,0,123.15,2859.82,Y,Billed,INV-248-016,
USA Infrastructure,Transportation,Aviation,CC-4230,Maria Delgado,700502,Airport APM Guideway Rehab,"Brown, Marcus",E10803,CC-4112,PA Labor Cost AUG-25,Maria Delgado,1.0,Project Management,1.1,Admin,Home,Timecard,US-Southeast Engineering,Professional Staff Labor,AUG-25,08/03/2025,08/03/2025,31401309,61.5,5227.5,1986.45,0,0,324.63,7538.58,N,Billed,INV-502-016,
USA Infrastructure,Transportation,Aviation,CC-4230,Maria Delgado,700502,Airport APM Guideway Rehab,"Nguyen, Thao",E10742,CC-4210,PA Labor Cost AUG-25,Maria Delgado,2.0,Data Collection & Survey,2.2,Survey,Field,Timecard,US-Southeast Engineering,Field Staff Labor,AUG-25,08/03/2025,08/02/2025,31401310,20.5,1353,514.14,0,0,84.02,1951.16,Y,Billed,INV-502-016,
USA Infrastructure,Transportation,Highways,CC-4205,Maria Delgado,700248,SR-417 Widening PD&E Study,"Nguyen, Thao",E10742,CC-4210,PA Expense Cost AUG-25,Maria Delgado,2.0,Data Collection & Survey,2.1,Survey,Field,Expense Report,US-Southeast Engineering,Reproduction,AUG-25,08/04/2025,08/02/2025,31400785,0,0,0,0,2187.28,98.43,2285.71,Y,Billed,INV-248-016,
USA Infrastructure,Transportation,Aviation,CC-4230,Maria Delgado,700502,Airport APM Guideway Rehab,"Jones, Robert",E10342,CC-4101,PA Labor Cost AUG-25,Maria Delgado,2.0,Data Collection & Survey,2.1,Survey,Home,Timecard,US-Southeast Engineering,Professional Staff Labor,AUG-25,08/04/2025,08/04/2025,31401314,12,768,291.84,0,0,47.69,1107.53,Y,Billed,INV-502-016,
USA Infrastructure,Water,Treatment,CC-4101,Jordan Arafat,700123,Lakeview WTP Phase 2 Design,"Kowalski, Jan",E11024,CC-4230,PA Labor Cost AUG-25,Jordan Arafat,5.0,Field Services,5.2,CEI Support,Field,Timecard,US-Southeast Engineering,Field Staff Labor,AUG-25,08/05/2025,08/03/2025,31400583,33,2013,764.94,0,0,125.01,2902.95,Y,Billed,INV-123-016,
USA Infrastructure,Water,Stormwater,CC-4112,Sam Whitfield,700415,Downtown Stormwater Master Plan,BlueWater Environmental,,,AP Supplier Cost AUG-25,Sam Whitfield,3.0,Analysis & Design,3.2,Design Development,Field,Supplier Invoice,US-Southeast Engineering,Subconsultant Services,AUG-25,08/05/2025,08/05/2025,31401149,0,0,0,874.59,0,39.36,913.95,Y,Billed,INV-415-016,
USA Infrastructure,Water,Stormwater,CC-4112,Sam Whitfield,700415,Downtown Stormwater Master Plan,"Garcia, Luis",E10677,CC-4210,PA Labor Cost AUG-25,Sam Whitfield,1.0,Project Management,1.2,Admin,Field,Timecard,US-Southeast Engineering,Field Staff Labor,AUG-25,08/06/2025,08/05/2025,31401145,30,1740,661.2,0,0,108.05,2509.25,Y,Billed,INV-415-016,
USA Infrastructure,Water,Stormwater,CC-4112,Sam Whitfield,700415,Downtown Stormwater Master Plan,BlueWater Environmental,,,AP Supplier Cost AUG-25,Sam Whitfield,3.0,Analysis & Design,3.2,Design Development,Field,Supplier Invoice,US-Southeast Engineering,Subconsultant Services,AUG-25,08/06/2025,08/04/2025,31401148,0,0,0,1097.8,0,49.4,1147.2,N,Billed,INV-415-016,
USA Infrastructure,Water,Treatment,CC-4101,Jordan Arafat,700123,Lakeview WTP Phase 2 Design,Stratus Aerial Imaging,,,AP Supplier Cost AUG-25,Jordan Arafat,3.0,Analysis & Design,3.2,Design Development,Field,Supplier Invoice,US-Southeast Engineering,Subconsultant Services,AUG-25,08/07/2025,08/05/2025,31400587,0,0,0,6274.59,0,282.36,6556.94,Y,Billed,INV-123-016,
USA Infrastructure,Transportation,Bridges,CC-4210,Jordan Arafat,700301,Coastal Bridge Inspection Program,"Nguyen, Thao",E10742,CC-4210,PA Expense Cost AUG-25,Jordan Arafat,2.0,Data Collection & Survey,2.1,Survey,Field,Expense Report,US-Southeast Engineering,Field Supplies,AUG-25,08/07/2025,08/05/2025,31400970,0,0,0,0,3470.04,156.15,3626.19,N,Billed,INV-301-016,
USA Infrastructure,Transportation,Bridges,CC-4210,Jordan Arafat,700301,Coastal Bridge Inspection Program,"Rivera, Sofia",E11138,CC-4230,PA Expense Cost AUG-25,Jordan Arafat,2.0,Data Collection & Survey,2.1,Survey,Home,Expense Report,US-Southeast Engineering,Software & Data,AUG-25,08/07/2025,08/06/2025,31400971,0,0,0,0,6592.63,296.67,6889.3,Y,Billed,INV-301-016,
USA Infrastructure,Transportation,Highways,CC-4205,Maria Delgado,700248,SR-417 Widening PD&E Study,"Nguyen, Thao",E10742,CC-4210,PA Labor Cost AUG-25,Maria Delgado,2.0,Data Collection & Survey,2.1,Utility Locates,Field,Timecard,US-Southeast Engineering,Field Staff Labor,AUG-25,08/08/2025,08/06/2025,31400774,53,3498,1329.24,0,0,217.23,5044.47,Y,Billed,INV-248-016,
USA Infrastructure,Water,Stormwater,CC-4112,Sam Whitfield,700415,Downtown Stormwater Master Plan,"Garcia, Luis",E10677,CC-4210,PA Labor Cost AUG-25,Sam Whitfield,2.0,Data Collection & Survey,2.2,Utility Locates,Field,Timecard,US-Southeast Engineering,Field Staff Labor,AUG-25,08/08/2025,08/08/2025,31401142,46,2668,1013.84,0,0,165.68,3847.52,Y,Billed,INV-415-016,
USA Infrastructure,Water,Stormwater,CC-4112,Sam Whitfield,700415,Downtown Stormwater Master Plan,"Garcia, Luis",E10677,CC-4210,PA Expense Cost AUG-25,Sam Whitfield,2.0,Data Collection & Survey,2.1,Survey,Field,Expense Report,US-Southeast Engineering,Field Supplies,AUG-25,08/08/2025,08/08/2025,31401152,0,0,0,0,2056.24,92.53,2148.77,Y,Billed,INV-415-016,
USA Infrastructure,Water,Treatment,CC-4101,Jordan Arafat,700123,Lakeview WTP Phase 2 Design,"Smith, Alice",E10231,CC-4101,PA Labor Cost AUG-25,Jordan Arafat,1.0,Project Management,1.2,Admin,Home,Timecard,US-Southeast Engineering,Professional Staff Labor,AUG-25,08/09/2025,08/08/2025,31400585,67.5,5265,2000.7,0,0,326.96,7592.66,Y,Billed,INV-123-016,
USA Infrastructure,Transportation,Bridges,CC-4210,Jordan Arafat,700301,Coastal Bridge Inspection Program,"Kowalski, Jan",E11024,CC-4230,PA Labor Cost AUG-25,Jordan Arafat,1.0,Project Management,1.2,Admin,Field,Timecard,US-Southeast Engineering,Field Staff Labor,AUG-25,08/09/2025,08/07/2025,31400957,16,976,370.88,0,0,60.61,1407.49,Y,Billed,INV-301-016,
USA Infrastructure,Water,Stormwater,CC-4112,Sam Whitfield,700415,Downtown Stormwater Master Plan,"Rivera, Sofia",E11138,CC-4230,PA Labor Cost AUG-25,Sam Whitfield,2.0,Data Collection & Survey,2.2,Survey,Home,Timecard,US-Southeast Engineering,Professional Staff Labor,AUG-25,08/09/2025,08/07/2025,31401140,67.5,5940,2257.2,0,0,368.87,8566.07,Y,Billed,INV-415-016,
USA Infrastructure,Water,Treatment,CC-4101,Jordan Arafat,700123,Lakeview WTP Phase 2 Design,Apex Survey Partners,,,AP Supplier Cost AUG-25,Jordan Arafat,3.0,Analysis & Design,3.2,Design Development,Field,Supplier Invoice,US-Southeast Engineering,Subconsultant Services,AUG-25,08/10/2025,08/10/2025,31400589,0,0,0,6163.79,0,277.37,6441.16,Y,Billed,INV-123-016,
USA Infrastructure,Water,Stormwater,CC-4112,Sam Whitfield,700415,Downtown Stormwater Master Plan,"O'Neill, Kate",E10911,CC-4112,PA Labor Cost AUG-25,Sam Whitfield,2.0,Data Collection & Survey,2.1,Survey,Home,Timecard,US-Southeast Engineering,Professional Staff Labor,AUG-25,08/10/2025,08/09/2025,31401147,40.5,2997,1138.86,0,0,186.11,4321.97,Y,Billed,INV-415-016,
USA Infrastructure,Transportation,Aviation,CC-4230,Maria Delgado,700502,Airport APM Guideway Rehab,"Jones, Robert",E10342,CC-4101,PA Expense Cost AUG-25,Maria Delgado,2.0,Data Collection & Survey,2.1,Survey,Home,Expense Report,US-Southeast Engineering,Mileage,AUG-25,08/10/2025,08/10/2025,31401316,0,0,0,0,2500.16,112.51,2612.67,Y,Billed,INV-502-016,
USA Infrastructure,Transportation,Bridges,CC-4210,Jordan Arafat,700301,Coastal Bridge Inspection Program,GeoTech Drilling LLC,,,AP Supplier Cost AUG-25,Jordan Arafat,3.0,Analysis & Design,3.2,Design Development,Field,Supplier Invoice,US-Southeast Engineering,Subconsultant Services,AUG-25,08/11/2025,08/09/2025,31400967,0,0,0,7979.44,0,359.07,8338.52,Y,Billed,INV-301-016,
USA Infrastructure,Water,Stormwater,CC-4112,Sam Whitfield,700415,Downtown Stormwater Master Plan,"Brown, Marcus",E10803,CC-4112,PA Labor Cost AUG-25,Sam Whitfield,1.0,Project Management,1.1,Meetings & Coordination,Home,Timecard,US-Southeast Engineering,Professional Staff Labor,AUG-25,08/11/2025,08/09/2025,31401144,69.5,5907.5,2244.85,0,0,366.86,8519.21,Y,Billed,INV-415-016,
USA Infrastructure,Transportation,Aviation,CC-4230,Maria Delgado,700502,Airport APM Guideway Rehab,"Kowalski, Jan",E11024,CC-4230,PA Labor Cost AUG-25,Maria Delgado,2.0,Data Collection & Survey,2.2,Survey,Field,Timecard,US-Southeast Engineering,Field Staff Labor,AUG-25,08/11/2025,08/10/2025,31401313,19,1159,440.42,0,0,71.97,1671.39,Y,Billed,INV-502-016,
USA Infrastructure,Transportation,Aviation,CC-4230,Maria Delgado,700502,Airport APM Guideway Rehab,GeoTech Drilling LLC,,,AP Supplier Cost AUG-25,Maria Delgado,3.0,Analysis & Design,3.2,Design Development,Field,Supplier Invoice,US-Southeast Engineering,Subconsultant Services,AUG-25,08/11/2025,08/11/2025,31401315,0,0,0,31671.76,0,1425.23,33096.98,Y,Billed,INV-502-016,
USA Infrastructure,Transportation,Bridges,CC-4210,Jordan Arafat,700301,Coastal Bridge Inspection Program,"Garcia, Luis",E10677,CC-4210,PA Labor Cost AUG-25,Jordan Arafat,5.0,Field Services,5.2,CEI Support,Field,Timecard,US-Southeast Engineering,Field Staff Labor,AUG-25,08/12/2025,08/10/2025,31400961,15,870,330.6,0,0,54.03,1254.63,Y,Billed,INV-301-016,
USA Infrastructure,Transportation,Highways,CC-4205,Maria Delgado,700248,SR-417 Widening PD&E Study,"Kowalski, Jan",E11024,CC-4230,PA Labor Cost AUG-25,Maria Delgado,5.0,Field Services,5.2,CEI Support,Field,Timecard,US-Southeast Engineering,Field Staff Labor,AUG-25,08/13/2025,08/13/2025,31400778,27.5,1677.5,637.45,0,0,104.17,2419.12,Y,Billed,INV-248-016,
USA Infrastructure,Water,Treatment,CC-4101,Jordan Arafat,700123,Lakeview WTP Phase 2 Design,"Garcia, Luis",E10677,CC-4210,PA Labor Cost AUG-25,Jordan Arafat,4.0,Deliverables & Reports,4.1,Final Report,Field,Timecard,US-Southeast Engineering,Field Staff Labor,AUG-25,08/14/2025,08/12/2025,31400579,62.5,3625,1377.5,0,0,225.11,5227.61,Y,Billed,INV-123-016,
USA Infrastructure,Transportation,Highways,CC-4205,Maria Delgado,700248,SR-417 Widening PD&E Study,"Garcia, Luis",E10677,CC-4210,PA Labor Cost AUG-25,Maria Delgado,1.0,Project Management,1.1,Admin,Field,Timecard,US-Southeast Engineering,Field Staff Labor,AUG-25,08/14/2025,08/14/2025,31400772,14.5,841,319.58,0,0,52.23,1212.81,Y,Billed,INV-248-016,
USA Infrastructure,Transportation,Bridges,CC-4210,Jordan Arafat,700301,Coastal Bridge Inspection Program,"O'Neill, Kate",E10911,CC-4112,PA Labor Cost AUG-25,Jordan Arafat,4.0,Deliverables & Reports,4.2,Final Report,Home,Timecard,US-Southeast Engineering,Professional Staff Labor,AUG-25,08/14/2025,08/13/2025,31400956,47,3478,1321.64,0,0,215.98,5015.62,Y,Billed,INV-301-016,
USA Infrastructure,Transportation,Bridges,CC-4210,Jordan Arafat,700301,Coastal Bridge Inspection Program,"Garcia, Luis",E10677,CC-4210,PA Labor Cost AUG-25,Jordan Arafat,3.0,Analysis & Design,3.2,Design Development,Field,Timecard,US-Southeast Engineering,Field Staff Labor,AUG-25,08/14/2025,08/13/2025,31400962,42,2436,925.68,0,0,151.28,3512.96,Y,Billed,INV-301-016,
USA Infrastructure,Transportation,Highways,CC-4205,Maria Delgado,700248,SR-417 Widening PD&E Study,GeoTech Drilling LLC,,,AP Supplier Cost AUG-25,Maria Delgado,3.0,Analysis & Design,3.2,Design Development,Field,Supplier Invoice,US-Southeast Engineering,Subconsultant Services,AUG-25,08/15/2025,08/15/2025,31400782,0,0,0,10440.6,0,469.83,10910.43,Y,Billed,INV-248-016,
USA Infrastructure,Water,Stormwater,CC-4112,Sam Whitfield,700415,Downtown Stormwater Master Plan,"Kowalski, Jan",E11024,CC-4230,PA Labor Cost AUG-25,Sam Whitfield,2.0,Data Collection & Survey,2.2,Utility Locates,Field,Timecard,US-Southeast Engineering,Field Staff Labor,AUG-25,08/15/2025,08/13/2025,31401146,12,732,278.16,0,0,45.46,1055.62,Y,Billed,INV-415-016,
USA Infrastructure,Transportation,Bridges,CC-4210,Jordan Arafat,700301,Coastal Bridge Inspection Program,"Brown, Marcus",E10803,CC-4112,PA Labor Cost AUG-25,Jordan Arafat,3.0,Analysis & Design,3.1,Modeling,Home,Timecard,US-Southeast Engineering,Professional Staff Labor,AUG-25,08/16/2025,08/14/2025,31400964,32.5,2762.5,1049.75,0,0,171.55,3983.8,Y,Billed,INV-301-016,
USA Infrastructure,Water,Stormwater,CC-4112,Sam Whitfield,700415,Downtown Stormwater Master Plan,"Smith, Alice",E10231,CC-4101,PA Labor Cost AUG-25,Sam Whitfield,4.0,Deliverables & Reports,4.2,Draft Report,Home,Timecard,US-Southeast Engineering,Professional Staff Labor,AUG-25,08/16/2025,08/15/2025,31401141,27,2106,800.28,0,0,130.78,3037.06,N,Billed,INV-415-016,
USA Infrastructure,Water,Treatment,CC-4101,Jordan Arafat,700123,Lakeview WTP Phase 2 Design,"Smith, Alice",E10231,CC-4101,PA Labor Cost AUG-25,Jordan Arafat,3.0,Analysis & Design,3.1,Modeling,Home,Timecard,US-Southeast Engineering,Professional Staff Labor,AUG-25,08/17/2025,08/17/2025,31400581,20.5,1599,607.62,0,0,99.3,2305.92,Y,Billed,INV-123-016,
USA Infrastructure,Water,Treatment,CC-4101,Jordan Arafat,700123,Lakeview WTP Phase 2 Design,"Chen, Wei",E10455,CC-4205,PA Labor Cost AUG-25,Jordan Arafat,4.0,Deliverables & Reports,4.1,Final Report,Home,Timecard,US-Southeast Engineering,Professional Staff Labor,AUG-25,08/17/2025,08/17/2025,31400584,60.5,5566,2115.08,0,0,345.65,8026.73,Y,Billed,INV-123-016,
USA Infrastructure,Transportation,Bridges,CC-4210,Jordan Arafat,700301,Coastal Bridge Inspection Program,"Chen, Wei",E10455,CC-4205,PA Labor Cost AUG-25,Jordan Arafat,3.0,Analysis & Design,3.1,Design Development,Home,Timecard,US-Southeast Engineering,Professional Staff Labor,AUG-25,08/17/2025,08/15/2025,31400966,18,1656,629.28,0,0,102.84,2388.12,Y,Billed,INV-301-016,
USA Infrastructure,Transportation,Aviation,CC-4230,Maria Delgado,700502,Airport APM Guideway Rehab,"Jones, Robert",E10342,CC-4101,PA Labor Cost AUG-25,Maria Delgado,2.0,Data Collection & Survey,2.2,Survey,Home,Timecard,US-Southeast Engineering,Professional Staff Labor,AUG-25,08/17/2025,08/15/2025,31401311,23,1472,559.36,0,0,91.41,2122.77,Y,Billed,INV-502-016,
USA Infrastructure,Water,Treatment,CC-4101,Jordan Arafat,700123,Lakeview WTP Phase 2 Design,"Jones, Robert",E10342,CC-4101,PA Labor Cost AUG-25,Jordan Arafat,5.0,Field Services,5.2,CEI Support,Home,Timecard,US-Southeast Engineering,Professional Staff Labor,AUG-25,08/18/2025,08/16/2025,31400580,27.5,1760,668.8,0,0,109.3,2538.1,Y,Billed,INV-123-016,
USA Infrastructure,Water,Treatment,CC-4101,Jordan Arafat,700123,Lakeview WTP Phase 2 Design,"Nguyen, Thao",E10742,CC-4210,PA Labor Cost AUG-25,Jordan Arafat,2.0,Data Collection & Survey,2.1,Utility Locates,Field,Timecard,US-Southeast Engineering,Field Staff Labor,AUG-25,08/19/2025,08/17/2025,31400586,45.5,3003,1141.14,0,0,186.49,4330.63,Y,Billed,INV-123-016,
USA Infrastructure,Transportation,Highways,CC-4205,Maria Delgado,700248,SR-417 Widening PD&E Study,"O'Neill, Kate",E10911,CC-4112,PA Labor Cost AUG-25,Maria Delgado,2.0,Data Collection & Survey,2.1,Survey,Home,Timecard,US-Southeast Engineering,Professional Staff Labor,AUG-25,08/19/2025,08/18/2025,31400776,43.5,3219,1223.22,0,0,199.9,4642.12,Y,Billed,INV-248-016,
USA Infrastructure,Transportation,Highways,CC-4205,Maria Delgado,700248,SR-417 Widening PD&E Study,"Patel, Devi",E10518,CC-4205,PA Expense Cost AUG-25,Maria Delgado,2.0,Data Collection & Survey,2.1,Survey,Home,Expense Report,US-Southeast Engineering,Mileage,AUG-25,08/19/2025,08/17/2025,31400787,0,0,0,0,2909.63,130.93,3040.56,Y,Billed,INV-248-016,
USA Infrastructure,Transportation,Bridges,CC-4210,Jordan Arafat,700301,Coastal Bridge Inspection Program,"Rivera, Sofia",E11138,CC-4230,PA Labor Cost AUG-25,Jordan Arafat,1.0,Project Management,1.2,Meetings & Coordination,Home,Timecard,US-Southeast Engineering,Professional Staff Labor,AUG-25,08/19/2025,08/18/2025,31400958,59,5192,1972.96,0,0,322.42,7487.38,Y,Billed,INV-301-016,
USA Infrastructure,Transportation,Bridges,CC-4210,Jordan Arafat,700301,Coastal Bridge Inspection Program,"Smith, Alice",E10231,CC-4101,PA Labor Cost AUG-25,Jordan Arafat,1.0,Project Management,1.1,Meetings & Coordination,Home,Timecard,US-Southeast Engineering,Professional Staff Labor,AUG-25,08/19/2025,08/17/2025,31400959,46.5,3627,1378.26,0,0,225.24,5230.5,Y,Billed,INV-301-016,
USA Infrastructure,Water,Stormwater,CC-4112,Sam Whitfield,700415,Downtown Stormwater Master Plan,"Garcia, Luis",E10677,CC-4210,PA Expense Cost AUG-25,Sam Whitfield,2.0,Data Collection & Survey,2.1,Survey,Field,Expense Report,US-Southeast Engineering,Field Supplies,AUG-25,08/19/2025,08/18/2025,31401151,0,0,0,0,2099.3,94.47,2193.77,Y,Billed,INV-415-016,
USA Infrastructure,Transportation,Aviation,CC-4230,Maria Delgado,700502,Airport APM Guideway Rehab,"Patel, Devi",E10518,CC-4205,PA Expense Cost AUG-25,Maria Delgado,2.0,Data Collection & Survey,2.1,Survey,Home,Expense Report,US-Southeast Engineering,Software & Data,AUG-25,08/19/2025,08/17/2025,31401317,0,0,0,0,2778.47,125.03,2903.5,Y,Billed,INV-502-016,
USA Infrastructure,Water,Treatment,CC-4101,Jordan Arafat,700123,Lakeview WTP Phase 2 Design,"Garcia, Luis",E10677,CC-4210,PA Labor Cost AUG-25,Jordan Arafat,2.0,Data Collection & Survey,2.1,Survey,Field,Timecard,US-Southeast Engineering,Field Staff Labor,AUG-25,08/20/2025,08/18/2025,31400582,15,870,330.6,0,0,54.03,1254.63,N,Billed,INV-123-016,
USA Infrastructure,Transportation,Highways,CC-4205,Maria Delgado,700248,SR-417 Widening PD&E Study,TransCore ITS Inc,,,AP Supplier Cost AUG-25,Maria Delgado,3.0,Analysis & Design,3.2,Design Development,Field,Supplier Invoice,US-Southeast Engineering,Subconsultant Services,AUG-25,08/20/2025,08/20/2025,31400783,0,0,0,1938.23,0,87.22,2025.45,Y,Billed,INV-248-016,
USA Infrastructure,Transportation,Bridges,CC-4210,Jordan Arafat,700301,Coastal Bridge Inspection Program,"Jones, Robert",E10342,CC-4101,PA Labor Cost AUG-25,Jordan Arafat,2.0,Data Collection & Survey,2.2,Utility Locates,Home,Timecard,US-Southeast Engineering,Professional Staff Labor,AUG-25,08/20/2025,08/19/2025,31400960,22,1408,535.04,0,0,87.44,2030.48,Y,Billed,INV-301-016,
USA Infrastructure,Transportation,Bridges,CC-4210,Jordan Arafat,700301,Coastal Bridge Inspection Program,"O'Neill, Kate",E10911,CC-4112,PA Expense Cost AUG-25,Jordan Arafat,1.0,Project Management,1.1,Admin,Home,Cost Transfer,US-Southeast Engineering,Professional Staff Labor,AUG-25,08/20/2025,08/20/2025,31400972,-16.65,-1232.33,-468.28,0,0,-76.53,-1777.14,Y,Billed,INV-301-016,Transfer to 700302 per PM request
USA Infrastructure,Water,Stormwater,CC-4112,Sam Whitfield,700415,Downtown Stormwater Master Plan,"Jones, Robert",E10342,CC-4101,PA Labor Cost AUG-25,Sam Whitfield,5.0,Field Services,5.1,Inspection,Home,Timecard,US-Southeast Engineering,Professional Staff Labor,AUG-25,08/21/2025,08/20/2025,31401139,53.5,3424,1301.12,0,0,212.63,4937.75,Y,Billed,INV-415-016,
USA Infrastructure,Water,Treatment,CC-4101,Jordan Arafat,700123,Lakeview WTP Phase 2 Design,"Chen, Wei",E10455,CC-4205,PA Expense Cost AUG-25,Jordan Arafat,2.0,Data Collection & Survey,2.1,Survey,Home,Expense Report,US-Southeast Engineering,Field Supplies,AUG-25,08/23/2025,08/21/2025,31400590,0,0,0,0,4812.22,216.55,5028.77,Y,Billed,INV-123-016,
USA Infrastructure,Water,Treatment,CC-4101,Jordan Arafat,700123,Lakeview WTP Phase 2 Design,"Chen, Wei",E10455,CC-4205,PA Expense Cost AUG-25,Jordan Arafat,2.0,Data Collection & Survey,2.1,Survey,Home,Expense Report,US-Southeast Engineering,Mileage,AUG-25,08/23/2025,08/23/2025,31400591,0,0,0,0,8427.49,379.24,8806.73,Y,Billed,INV-123-016,
USA Infrastructure,Transportation,Highways,CC-4205,Maria Delgado,700248,SR-417 Widening PD&E Study,"Chen, Wei",E10455,CC-4205,PA Labor Cost AUG-25,Maria Delgado,5.0,Field Services,5.1,CEI Support,Home,Timecard,US-Southeast Engineering,Professional Staff Labor,AUG-25,08/23/2025,08/23/2025,31400777,31,2852,1083.76,0,0,177.11,4112.87,Y,Billed,INV-248-016,
USA Infrastructure,Water,Stormwater,CC-4112,Sam Whitfield,700415,Downtown Stormwater Master Plan,Apex Survey Partners,,,AP Supplier Cost AUG-25,Sam Whitfield,3.0,Analysis & Design,3.2,Design Development,Field,Supplier Invoice,US-Southeast Engineering,Subconsultant Services,AUG-25,08/24/2025,08/22/2025,31401150,0,0,0,1352.04,0,60.84,1412.88,Y,Billed,INV-415-016,
USA Infrastructure,Transportation,Aviation,CC-4230,Maria Delgado,700502,Airport APM Guideway Rehab,"O'Neill, Kate",E10911,CC-4112,PA Labor Cost AUG-25,Maria Delgado,4.0,Deliverables & Reports,4.2,Final Report,Home,Timecard,US-Southeast Engineering,Professional Staff Labor,AUG-25,08/24/2025,08/22/2025,31401308,39.5,2923,1110.74,0,0,181.52,4215.26,Y,Billed,INV-502-016,
USA Infrastructure,Transportation,Highways,CC-4205,Maria Delgado,700248,SR-417 Widening PD&E Study,"Patel, Devi",E10518,CC-4205,PA Expense Cost AUG-25,Maria Delgado,2.0,Data Collection & Survey,2.1,Survey,Home,Expense Report,US-Southeast Engineering,Travel & Lodging,AUG-25,08/25/2025,08/24/2025,31400786,0,0,0,0,1381.16,62.15,1443.31,Y,Billed,INV-248-016,
USA Infrastructure,Transportation,Bridges,CC-4210,Jordan Arafat,700301,Coastal Bridge Inspection Program,"Garcia, Luis",E10677,CC-4210,PA Labor Cost AUG-25,Jordan Arafat,5.0,Field Services,5.2,Inspection,Field,Timecard,US-Southeast Engineering,Field Staff Labor,AUG-25,08/25/2025,08/24/2025,31400963,39,2262,859.56,0,0,140.47,3262.03,Y,Unbilled,,
USA Infrastructure,Transportation,Bridges,CC-4210,Jordan Arafat,700301,Coastal Bridge Inspection Program,"Jones, Robert",E10342,CC-4101,PA Labor Cost AUG-25,Jordan Arafat,1.0,Project Management,1.2,Meetings & Coordination,Home,Timecard,US-Southeast Engineering,Professional Staff Labor,AUG-25,08/25/2025,08/25/2025,31400965,26,1664,632.32,0,0,103.33,2399.65,Y,Billed,INV-301-016,
USA Infrastructure,Transportation,Bridges,CC-4210,Jordan Arafat,700301,Coastal Bridge Inspection Program,Stratus Aerial Imaging,,,AP Supplier Cost AUG-25,Jordan Arafat,3.0,Analysis & Design,3.2,Design Development,Field,Supplier Invoice,US-Southeast Engineering,Subconsultant Services,AUG-25,08/25/2025,08/25/2025,31400968,0,0,0,14848.79,0,668.2,15516.99,Y,Billed,INV-301-016,
USA Infrastructure,Transportation,Bridges,CC-4210,Jordan Arafat,700301,Coastal Bridge Inspection Program,"Jones, Robert",E10342,CC-4101,PA Expense Cost AUG-25,Jordan Arafat,2.0,Data Collection & Survey,2.1,Survey,Home,Expense Report,US-Southeast Engineering,Reproduction,AUG-25,08/25/2025,08/23/2025,31400969,0,0,0,0,8199.91,369,8568.91,Y,Billed,INV-301-016,
USA Infrastructure,Transportation,Highways,CC-4205,Maria Delgado,700248,SR-417 Widening PD&E Study,"Patel, Devi",E10518,CC-4205,PA Labor Cost AUG-25,Maria Delgado,3.0,Analysis & Design,3.1,Modeling,Home,Timecard,US-Southeast Engineering,Professional Staff Labor,AUG-25,08/26/2025,08/25/2025,31400781,40,2840,1079.2,0,0,176.36,4095.56,Y,Billed,INV-248-016,
USA Infrastructure,Transportation,Aviation,CC-4230,Maria Delgado,700502,Airport APM Guideway Rehab,"Nguyen, Thao",E10742,CC-4210,PA Labor Cost AUG-25,Maria Delgado,4.0,Deliverables & Reports,4.2,Draft Report,Field,Timecard,US-Southeast Engineering,Field Staff Labor,AUG-25,08/26/2025,08/26/2025,31401312,44.5,2937,1116.06,0,0,182.39,4235.45,Y,Billed,INV-502-016,
USA Infrastructure,Transportation,Highways,CC-4205,Maria Delgado,700248,SR-417 Widening PD&E Study,"Kowalski, Jan",E11024,CC-4230,PA Labor Cost AUG-25,Maria Delgado,1.0,Project Management,1.2,Admin,Field,Timecard,US-Southeast Engineering,Field Staff Labor,AUG-25,08/27/2025,08/26/2025,31400780,34,2074,788.12,0,0,128.8,2990.92,Y,Billed,INV-248-016,
USA Infrastructure,Water,Stormwater,CC-4112,Sam Whitfield,700415,Downtown Stormwater Master Plan,"O'Neill, Kate",E10911,CC-4112,PA Labor Cost AUG-25,Sam Whitfield,1.0,Project Management,1.1,Admin,Home,Timecard,US-Southeast Engineering,Professional Staff Labor,AUG-25,08/27/2025,08/26/2025,31401143,8,592,224.96,0,0,36.76,853.72,Y,Billed,INV-415-016,
USA Infrastructure,Water,Treatment,CC-4101,Jordan Arafat,700123,Lakeview WTP Phase 2 Design,"Jones, Robert",E10342,CC-4101,PA Expense Cost SEP-25,Jordan Arafat,2.0,Data Collection & Survey,2.1,Survey,Home,Expense Report,US-Southeast Engineering,Software & Data,SEP-25,09/01/2025,09/01/2025,31400607,0,0,0,0,1276.93,57.46,1334.39,Y,Billed,INV-123-017,
USA Infrastructure,Water,Stormwater,CC-4112,Sam Whitfield,700415,Downtown Stormwater Master Plan,"Smith, Alice",E10231,CC-4101,PA Expense Cost SEP-25,Sam Whitfield,2.0,Data Collection & Survey,2.1,Survey,Home,Expense Report,US-Southeast Engineering,Field Supplies,SEP-25,09/01/2025,09/01/2025,31401163,0,0,0,0,1111.94,50.04,1161.98,Y,Billed,INV-415-017,
USA Infrastructure,Transportation,Aviation,CC-4230,Maria Delgado,700502,Airport APM Guideway Rehab,"Kowalski, Jan",E11024,CC-4230,PA Labor Cost SEP-25,Maria Delgado,2.0,Data Collection & Survey,2.2,Survey,Field,Timecard,US-Southeast Engineering,Field Staff Labor,SEP-25,09/01/2025,09/01/2025,31401318,14,854,324.52,0,0,53.03,1231.55,Y,Billed,INV-502-017,
USA Infrastructure,Transportation,Aviation,CC-4230,Maria Delgado,700502,Airport APM Guideway Rehab,"O'Neill, Kate",E10911,CC-4112,PA Labor Cost SEP-25,Maria Delgado,1.0,Project Management,1.1,Admin,Home,Timecard,US-Southeast Engineering,Professional Staff Labor,SEP-25,09/01/2025,09/01/2025,31401319,63.5,4699,1785.62,0,0,291.81,6776.43,Y,Billed,INV-502-017,
USA Infrastructure,Water,Treatment,CC-4101,Jordan Arafat,700123,Lakeview WTP Phase 2 Design,"Rivera, Sofia",E11138,CC-4230,PA Labor Cost SEP-25,Jordan Arafat,5.0,Field Services,5.1,CEI Support,Home,Timecard,US-Southeast Engineering,Professional Staff Labor,SEP-25,09/02/2025,09/02/2025,31400596,18.5,1628,618.64,0,0,101.1,2347.74,Y,Billed,INV-123-017,
USA Infrastructure,Transportation,Highways,CC-4205,Maria Delgado,700248,SR-417 Widening PD&E Study,"Garcia, Luis",E10677,CC-4210,PA Labor Cost SEP-25,Maria Delgado,5.0,Field Services,5.2,CEI Support,Field,Timecard,US-Southeast Engineering,Field Staff Labor,SEP-25,09/03/2025,09/03/2025,31400792,59,3422,1300.36,0,0,212.51,4934.87,Y,Billed,INV-248-017,
USA Infrastructure,Transportation,Bridges,CC-4210,Jordan Arafat,700301,Coastal Bridge Inspection Program,"Rivera, Sofia",E11138,CC-4230,PA Labor Cost SEP-25,Jordan Arafat,2.0,Data Collection & Survey,2.2,Survey,Home,Timecard,US-Southeast Engineering,Professional Staff Labor,SEP-25,09/03/2025,09/02/2025,31400980,62,5456,2073.28,0,0,338.82,7868.1,Y,Billed,INV-301-017,
USA Infrastructure,Transportation,Bridges,CC-4210,Jordan Arafat,700301,Coastal Bridge Inspection Program,"Rivera, Sofia",E11138,CC-4230,PA Expense Cost SEP-25,Jordan Arafat,2.0,Data Collection & Survey,2.1,Survey,Home,Expense Report,US-Southeast Engineering,Travel & Lodging,SEP-25,09/04/2025,09/02/2025,31400990,0,0,0,0,1401.79,63.08,1464.87,Y,Billed,INV-301-017,
USA Infrastructure,Water,Stormwater,CC-4112,Sam Whitfield,700415,Downtown Stormwater Master Plan,"Rivera, Sofia",E11138,CC-4230,PA Labor Cost SEP-25,Sam Whitfield,3.0,Analysis & Design,3.1,Design Development,Home,Timecard,US-Southeast Engineering,Professional Staff Labor,SEP-25,09/04/2025,09/02/2025,31401157,21.5,1892,718.96,0,0,117.49,2728.45,Y,Unbilled,,
USA Infrastructure,Water,Stormwater,CC-4112,Sam Whitfield,700415,Downtown Stormwater Master Plan,"O'Neill, Kate",E10911,CC-4112,PA Labor Cost SEP-25,Sam Whitfield,5.0,Field Services,5.1,Inspection,Home,Timecard,US-Southeast Engineering,Professional Staff Labor,SEP-25,09/04/2025,09/04/2025,31401158,52,3848,1462.24,0,0,238.96,5549.2,Y,Billed,INV-415-017,
USA Infrastructure,Water,Treatment,CC-4101,Jordan Arafat,700123,Lakeview WTP Phase 2 Design,"O'Neill, Kate",E10911,CC-4112,PA Labor Cost SEP-25,Jordan Arafat,2.0,Data Collection & Survey,2.2,Utility Locates,Home,Timecard,US-Southeast Engineering,Professional Staff Labor,SEP-25,09/05/2025,09/04/2025,31400599,63.5,4699,1785.62,0,0,291.81,6776.43,Y,Billed,INV-123-017,
USA Infrastructure,Water,Treatment,CC-4101,Jordan Arafat,700123,Lakeview WTP Phase 2 Design,TransCore ITS Inc,,,AP Supplier Cost SEP-25,Jordan Arafat,3.0,Analysis & Design,3.2,Design Development,Field,Supplier Invoice,US-Southeast Engineering,Subconsultant Services,SEP-25,09/05/2025,09/05/2025,31400603,0,0,0,8706.73,0,391.8,9098.53,Y,Billed,INV-123-017,
USA Infrastructure,Transportation,Bridges,CC-4210,Jordan Arafat,700301,Coastal Bridge Inspection Program,"Chen, Wei",E10455,CC-4205,PA Labor Cost SEP-25,Jordan Arafat,1.0,Project Management,1.2,Meetings & Coordination,Home,Timecard,US-Southeast Engineering,Professional Staff Labor,SEP-25,09/05/2025,09/03/2025,31400981,36,3312,1258.56,0,0,205.68,4776.24,Y,Billed,INV-301-017,
USA Infrastructure,Water,Stormwater,CC-4112,Sam Whitfield,700415,Downtown Stormwater Master Plan,"Smith, Alice",E10231,CC-4101,PA Labor Cost SEP-25,Sam Whitfield,2.0,Data Collection & Survey,2.1,Utility Locates,Home,Timecard,US-Southeast Engineering,Professional Staff Labor,SEP-25,09/05/2025,09/03/2025,31401153,41.5,3237,1230.06,0,0,201.02,4668.08,N,Billed,INV-415-017,
USA Infrastructure,Water,Treatment,CC-4101,Jordan Arafat,700123,Lakeview WTP Phase 2 Design,"Brown, Marcus",E10803,CC-4112,PA Labor Cost SEP-25,Jordan Arafat,4.0,Deliverables & Reports,4.1,Draft Report,Home,Timecard,US-Southeast Engineering,Professional Staff Labor,SEP-25,09/06/2025,09/04/2025,31400594,37,3145,1195.1,0,0,195.3,4535.4,N,Billed,INV-123-017,
USA Infrastructure,Transportation,Bridges,CC-4210,Jordan Arafat,700301,Coastal Bridge Inspection Program,"Garcia, Luis",E10677,CC-4210,PA Labor Cost SEP-25,Jordan Arafat,1.0,Project Management,1.2,Admin,Field,Timecard,US-Southeast Engineering,Field Staff Labor,SEP-25,09/06/2025,09/06/2025,31400977,24.5,1421,539.98,0,0,88.24,2049.22,Y,Billed,INV-301-017,
USA Infrastructure,Water,Stormwater,CC-4112,Sam Whitfield,700415,Downtown Stormwater Master Plan,"Patel, Devi",E10518,CC-4205,PA Expense Cost SEP-25,Sam Whitfield,2.0,Data Collection & Survey,2.1,Survey,Home,Expense Report,US-Southeast Engineering,Software & Data,SEP-25,09/06/2025,09/06/2025,31401164,0,0,0,0,2962.07,133.29,3095.36,Y,Billed,INV-415-017,
USA Infrastructure,Water,Treatment,CC-4101,Jordan Arafat,700123,Lakeview WTP Phase 2 Design,"Garcia, Luis",E10677,CC-4210,PA Expense Cost SEP-25,Jordan Arafat,2.0,Data Collection & Survey,2.1,Survey,Field,Expense Report,US-Southeast Engineering,Travel & Lodging,SEP-25,09/07/2025,09/06/2025,31400606,0,0,0,0,3367.89,151.56,3519.45,Y,Billed,INV-123-017,
USA Infrastructure,Transportation,Bridges,CC-4210,Jordan Arafat,700301,Coastal Bridge Inspection Program,"Jones, Robert",E10342,CC-4101,PA Expense Cost SEP-25,Jordan Arafat,2.0,Data Collection & Survey,2.1,Survey,Home,Expense Report,US-Southeast Engineering,Software & Data,SEP-25,09/07/2025,09/05/2025,31400986,0,0,0,0,6444.85,290.02,6734.86,Y,Billed,INV-301-017,
USA Infrastructure,Water,Stormwater,CC-4112,Sam Whitfield,700415,Downtown Stormwater Master Plan,"Chen, Wei",E10455,CC-4205,PA Labor Cost SEP-25,Sam Whitfield,4.0,Deliverables & Reports,4.2,Draft Report,Home,Timecard,US-Southeast Engineering,Professional Staff Labor,SEP-25,09/07/2025,09/05/2025,31401156,23,2116,804.08,0,0,131.4,3051.48,Y,Billed,INV-415-017,
USA Infrastructure,Water,Stormwater,CC-4112,Sam Whitfield,700415,Downtown Stormwater Master Plan,"Patel, Devi",E10518,CC-4205,PA Labor Cost SEP-25,Sam Whitfield,4.0,Deliverables & Reports,4.1,Final Report,Home,Timecard,US-Southeast Engineering,Professional Staff Labor,SEP-25,09/07/2025,09/07/2025,31401160,41.5,2946.5,1119.67,0,0,182.98,4249.15,Y,Unbilled,,
USA Infrastructure,Water,Stormwater,CC-4112,Sam Whitfield,700415,Downtown Stormwater Master Plan,TransCore ITS Inc,,,AP Supplier Cost SEP-25,Sam Whitfield,3.0,Analysis & Design,3.2,Design Development,Field,Supplier Invoice,US-Southeast Engineering,Subconsultant Services,SEP-25,09/07/2025,09/05/2025,31401162,0,0,0,3259.21,0,146.66,3405.87,Y,Billed,INV-415-017,
USA Infrastructure,Water,Treatment,CC-4101,Jordan Arafat,700123,Lakeview WTP Phase 2 Design,"Rivera, Sofia",E11138,CC-4230,PA Labor Cost SEP-25,Jordan Arafat,5.0,Field Services,5.2,CEI Support,Home,Timecard,US-Southeast Engineering,Professional Staff Labor,SEP-25,09/08/2025,09/07/2025,31400601,29.5,2596,986.48,0,0,161.21,3743.69,Y,Billed,INV-123-017,
USA Infrastructure,Transportation,Bridges,CC-4210,Jordan Arafat,700301,Coastal Bridge Inspection Program,"Rivera, Sofia",E11138,CC-4230,PA Labor Cost SEP-25,Jordan Arafat,3.0,Analysis & Design,3.1,Design Development,Home,Timecard,US-Southeast Engineering,Professional Staff Labor,SEP-25,09/08/2025,09/08/2025,31400982,40.5,3564,1354.32,0,0,221.32,5139.64,Y,Billed,INV-301-017,
USA Infrastructure,Transportation,Aviation,CC-4230,Maria Delgado,700502,Airport APM Guideway Rehab,"Rivera, Sofia",E11138,CC-4230,PA Expense Cost SEP-25,Maria Delgado,2.0,Data Collection & Survey,2.1,Survey,Home,Expense Report,US-Southeast Engineering,Travel & Lodging,SEP-25,09/09/2025,09/09/2025,31401328,0,0,0,0,645.32,29.04,674.36,Y,Billed,INV-502-017,
USA Infrastructure,Water,Treatment,CC-4101,Jordan Arafat,700123,Lakeview WTP Phase 2 Design,TransCore ITS Inc,,,AP Supplier Cost SEP-25,Jordan Arafat,3.0,Analysis & Design,3.2,Design Development,Field,Supplier Invoice,US-Southeast Engineering,Subconsultant Services,SEP-25,09/10/2025,09/08/2025,31400604,0,0,0,9838.54,0,442.73,10281.28,Y,Billed,INV-123-017,
USA Infrastructure,Water,Treatment,CC-4101,Jordan Arafat,700123,Lakeview WTP Phase 2 Design,"Nguyen, Thao",E10742,CC-4210,PA Expense Cost SEP-25,Jordan Arafat,2.0,Data Collection & Survey,2.1,Survey,Field,Expense Report,US-Southeast Engineering,Software & Data,SEP-25,09/10/2025,09/10/2025,31400605,0,0,0,0,5181.65,233.17,5414.82,Y,Billed,INV-123-017,
USA Infrastructure,Transportation,Highways,CC-4205,Maria Delgado,700248,SR-417 Widening PD&E Study,"Chen, Wei",E10455,CC-4205,PA Labor Cost SEP-25,Maria Delgado,4.0,Deliverables & Reports,4.1,Draft Report,Home,Timecard,US-Southeast Engineering,Professional Staff Labor,SEP-25,09/10/2025,09/08/2025,31400795,69,6348,2412.24,0,0,394.21,9154.45,Y,Billed,INV-248-017,
USA Infrastructure,Transportation,Aviation,CC-4230,Maria Delgado,700502,Airport APM Guideway Rehab,"Chen, Wei",E10455,CC-4205,PA Labor Cost SEP-25,Maria Delgado,2.0,Data Collection & Survey,2.2,Utility Locates,Home,Timecard,US-Southeast Engineering,Professional Staff Labor,SEP-25,09/10/2025,09/08/2025,31401324,16.5,1518,576.84,0,0,94.27,2189.11,Y,Billed,INV-502-017,
USA Infrastructure,Transportation,Aviation,CC-4230,Maria Delgado,700502,Airport APM Guideway Rehab,"O'Neill, Kate",E10911,CC-4112,PA Expense Cost SEP-25,Maria Delgado,2.0,Data Collection & Survey,2.1,Survey,Home,Expense Report,US-Southeast Engineering,Field Supplies,SEP-25,09/10/2025,09/10/2025,31401326,0,0,0,0,2473.27,111.3,2584.57,Y,Unbilled,,
USA Infrastructure,Transportation,Aviation,CC-4230,Maria Delgado,700502,Airport APM Guideway Rehab,"Patel, Devi",E10518,CC-4205,PA Expense Cost SEP-25,Maria Delgado,2.0,Data Collection & Survey,2.1,Survey,Home,Expense Report,US-Southeast Engineering,Mileage,SEP-25,09/10/2025,09/10/2025,31401327,0,0,0,0,1004.2,45.19,1049.39,Y,Billed,INV-502-017,
USA Infrastructure,Transportation,Bridges,CC-4210,Jordan Arafat,700301,Coastal Bridge Inspection Program,"Patel, Devi",E10518,CC-4205,PA Labor Cost SEP-25,Jordan Arafat,2.0,Data Collection & Survey,2.2,Utility Locates,Home,Timecard,US-Southeast Engineering,Professional Staff Labor,SEP-25,09/11/2025,09/11/2025,31400974,39.5,2804.5,1065.71,0,0,174.16,4044.37,Y,Billed,INV-301-017,
USA Infrastructure,Transportation,Aviation,CC-4230,Maria Delgado,700502,Airport APM Guideway Rehab,"Chen, Wei",E10455,CC-4205,PA Expense Cost SEP-25,Maria Delgado,2.0,Data Collection & Survey,2.1,Survey,Home,Expense Report,US-Southeast Engineering,Reproduction,SEP-25,09/11/2025,09/11/2025,31401329,0,0,0,0,1213.29,54.6,1267.89,Y,Billed,INV-502-017,
USA Infrastructure,Transportation,Highways,CC-4205,Maria Delgado,700248,SR-417 Widening PD&E Study,"Chen, Wei",E10455,CC-4205,PA Expense Cost SEP-25,Maria Delgado,1.0,Project Management,1.1,Admin,Home,Cost Transfer,US-Southeast Engineering,Professional Staff Labor,SEP-25,09/12/2025,09/12/2025,31400801,-6.2,-570.84,-216.92,0,0,-35.45,-823.2,Y,Billed,INV-248-017,Transfer to 700249 per PM request
USA Infrastructure,Transportation,Bridges,CC-4210,Jordan Arafat,700301,Coastal Bridge Inspection Program,"Rivera, Sofia",E11138,CC-4230,PA Labor Cost SEP-25,Jordan Arafat,5.0,Field Services,5.2,Inspection,Home,Timecard,US-Southeast Engineering,Professional Staff Labor,SEP-25,09/12/2025,09/11/2025,31400979,41.5,3652,1387.76,0,0,226.79,5266.55,Y,Billed,INV-301-017,
USA Infrastructure,Transportation,Aviation,CC-4230,Maria Delgado,700502,Airport APM Guideway Rehab,"Jones, Robert",E10342,CC-4101,PA Labor Cost SEP-25,Maria Delgado,2.0,Data Collection & Survey,2.2,Utility Locates,Home,Timecard,US-Southeast Engineering,Professional Staff Labor,SEP-25,09/12/2025,09/10/2025,31401321,48.5,3104,1179.52,0,0,192.76,4476.28,Y,Billed,INV-502-017,
USA Infrastructure,Transportation,Highways,CC-4205,Maria Delgado,700248,SR-417 Widening PD&E Study,"Jones, Robert",E10342,CC-4101,PA Expense Cost SEP-25,Maria Delgado,2.0,Data Collection & Survey,2.1,Survey,Home,Expense Report,US-Southeast Engineering,Travel & Lodging,SEP-25,09/13/2025,09/12/2025,31400798,0,0,0,0,4073.69,183.32,4257,Y,Billed,INV-248-017,
USA Infrastructure,Transportation,Bridges,CC-4210,Jordan Arafat,700301,Coastal Bridge Inspection Program,"Garcia, Luis",E10677,CC-4210,PA Labor Cost SEP-25,Jordan Arafat,5.0,Field Services,5.1,CEI Support,Field,Timecard,US-Southeast Engineering,Field Staff Labor,SEP-25,09/13/2025,09/12/2025,31400976,51.5,2987,1135.06,0,0,185.49,4307.55,Y,Billed,INV-301-017,
USA Infrastructure,Transportation,Aviation,CC-4230,Maria Delgado,700502,Airport APM Guideway Rehab,"Chen, Wei",E10455,CC-4205,PA Labor Cost SEP-25,Maria Delgado,3.0,Analysis & Design,3.1,Modeling,Home,Timecard,US-Southeast Engineering,Professional Staff Labor,SEP-25,09/13/2025,09/13/2025,31401322,33.5,3082,1171.16,0,0,191.39,4444.55,Y,Billed,INV-502-017,
USA Infrastructure,Transportation,Aviation,CC-4230,Maria Delgado,700502,Airport APM Guideway Rehab,GeoTech Drilling LLC,,,AP Supplier Cost SEP-25,Maria Delgado,3.0,Analysis & Design,3.2,Design Development,Field,Supplier Invoice,US-Southeast Engineering,Subconsultant Services,SEP-25,09/13/2025,09/11/2025,31401325,0,0,0,32016.5,0,1440.74,33457.25,Y,Billed,INV-502-017,
USA Infrastructure,Water,Treatment,CC-4101,Jordan Arafat,700123,Lakeview WTP Phase 2 Design,"Rivera, Sofia",E11138,CC-4230,PA Labor Cost SEP-25,Jordan Arafat,4.0,Deliverables & Reports,4.1,Final Report,Home,Timecard,US-Southeast Engineering,Professional Staff Labor,SEP-25,09/14/2025,09/13/2025,31400598,38,3344,1270.72,0,0,207.66,4822.38,Y,Unbilled,,
USA Infrastructure,Transportation,Highways,CC-4205,Maria Delgado,700248,SR-417 Widening PD&E Study,"O'Neill, Kate",E10911,CC-4112,PA Labor Cost SEP-25,Maria Delgado,5.0,Field Services,5.1,Inspection,Home,Timecard,US-Southeast Engineering,Professional Staff Labor,SEP-25,09/14/2025,09/13/2025,31400791,15.5,1147,435.86,0,0,71.23,1654.09,Y,Billed,INV-248-017,
USA Infrastructure,Transportation,Bridges,CC-4210,Jordan Arafat,700301,Coastal Bridge Inspection Program,"Brown, Marcus",E10803,CC-4112,PA Labor Cost SEP-25,Jordan Arafat,3.0,Analysis & Design,3.2,Design Development,Home,Timecard,US-Southeast Engineering,Professional Staff Labor,SEP-25,09/15/2025,09/14/2025,31400973,13,1105,419.9,0,0,68.62,1593.52,Y,Billed,INV-301-017,
USA Infrastructure,Transportation,Highways,CC-4205,Maria Delgado,700248,SR-417 Widening PD&E Study,"Jones, Robert",E10342,CC-4101,PA Expense Cost SEP-25,Maria Delgado,2.0,Data Collection & Survey,2.1,Survey,Home,Expense Report,US-Southeast Engineering,Reproduction,SEP-25,09/16/2025,09/15/2025,31400800,0,0,0,0,2209.73,99.44,2309.17,Y,Billed,INV-248-017,
USA Infrastructure,Transportation,Highways,CC-4205,Maria Delgado,700248,SR-417 Widening PD&E Study,"Kowalski, Jan",E11024,CC-4230,PA Expense Cost SEP-25,Maria Delgado,2.0,Data Collection & Survey,2.1,Survey,Field,Expense Report,US-Southeast Engineering,Reproduction,SEP-25,09/17/2025,09/16/2025,31400799,0,0,0,0,741.22,33.36,774.58,Y,Billed,INV-248-017,
USA Infrastructure,Transportation,Bridges,CC-4210,Jordan Arafat,700301,Coastal Bridge Inspection Program,"Nguyen, Thao",E10742,CC-4210,PA Expense Cost SEP-25,Jordan Arafat,2.0,Data Collection & Survey,2.1,Survey,Field,Expense Report,US-Southeast Engineering,Field Supplies,SEP-25,09/17/2025,09/15/2025,31400988,0,0,0,0,1790.18,80.56,1870.74,Y,Unbilled,,
USA Infrastructure,Water,Stormwater,CC-4112,Sam Whitfield,700415,Downtown Stormwater Master Plan,"Garcia, Luis",E10677,CC-4210,PA Labor Cost SEP-25,Sam Whitfield,3.0,Analysis & Design,3.1,Design Development,Field,Timecard,US-Southeast Engineering,Field Staff Labor,SEP-25,09/17/2025,09/17/2025,31401154,42.5,2465,936.7,0,0,153.08,3554.78,Y,Billed,INV-415-017,
USA Infrastructure,Transportation,Highways,CC-4205,Maria Delgado,700248,SR-417 Widening PD&E Study,"Rivera, Sofia",E11138,CC-4230,PA Labor Cost SEP-25,Maria Delgado,3.0,Analysis & Design,3.2,Design Development,Home,Timecard,US-Southeast Engineering,Professional Staff Labor,SEP-25,09/18/2025,09/16/2025,31400788,11,968,367.84,0,0,60.11,1395.95,Y,Billed,INV-248-017,
USA Infrastructure,Water,Stormwater,CC-4112,Sam Whitfield,700415,Downtown Stormwater Master Plan,"Nguyen, Thao",E10742,CC-4210,PA Labor Cost SEP-25,Sam Whitfield,2.0,Data Collection & Survey,2.1,Utility Locates,Field,Timecard,US-Southeast Engineering,Field Staff Labor,SEP-25,09/18/2025,09/16/2025,31401159,70,4620,1755.6,0,0,286.9,6662.5,Y,Billed,INV-415-017,
USA Infrastructure,Water,Treatment,CC-4101,Jordan Arafat,700123,Lakeview WTP Phase 2 Design,"Brown, Marcus",E10803,CC-4112,PA Labor Cost SEP-25,Jordan Arafat,2.0,Data Collection & Survey,2.2,Utility Locates,Home,Timecard,US-Southeast Engineering,Professional Staff Labor,SEP-25,09/19/2025,09/19/2025,31400592,23.5,1997.5,759.05,0,0,124.04,2880.59,Y,Billed,INV-123-017,
USA Infrastructure,Water,Treatment,CC-4101,Jordan Arafat,700123,Lakeview WTP Phase 2 Design,"Chen, Wei",E10455,CC-4205,PA Labor Cost SEP-25,Jordan Arafat,1.0,Project Management,1.2,Meetings & Coordination,Home,Timecard,US-Southeast Engineering,Professional Staff Labor,SEP-25,09/19/2025,09/19/2025,31400600,61.5,5658,2150.04,0,0,351.36,8159.4,Y,Billed,INV-123-017,
USA Infrastructure,Transportation,Aviation,CC-4230,Maria Delgado,700502,Airport APM Guideway Rehab,"O'Neill, Kate",E10911,CC-4112,PA Labor Cost SEP-25,Maria Delgado,5.0,Field Services,5.2,Inspection,Home,Timecard,US-Southeast Engineering,Professional Staff Labor,SEP-25,09/19/2025,09/19/2025,31401323,16.5,1221,463.98,0,0,75.82,1760.8,Y,Billed,INV-502-017,
USA Infrastructure,Water,Treatment,CC-4101,Jordan Arafat,700123,Lakeview WTP Phase 2 Design,"Nguyen, Thao",E10742,CC-4210,PA Labor Cost SEP-25,Jordan Arafat,2.0,Data Collection & Survey,2.1,Utility Locates,Field,Timecard,US-Southeast Engineering,Field Staff Labor,SEP-25,09/20/2025,09/18/2025,31400595,29.5,1947,739.86,0,0,120.91,2807.77,Y,Billed,INV-123-017,
USA Infrastructure,Transportation,Bridges,CC-4210,Jordan Arafat,700301,Coastal Bridge Inspection Program,"Brown, Marcus",E10803,CC-4112,PA Expense Cost SEP-25,Jordan Arafat,2.0,Data Collection & Survey,2.1,Survey,Home,Expense Report,US-Southeast Engineering,Reproduction,SEP-25,09/20/2025,09/19/2025,31400987,0,0,0,0,6569.46,295.63,6865.09,Y,Billed,INV-301-017,
USA Infrastructure,Transportation,Bridges,CC-4210,Jordan Arafat,700301,Coastal Bridge Inspection Program,"Chen, Wei",E10455,CC-4205,PA Labor Cost SEP-25,Jordan Arafat,4.0,Deliverables & Reports,4.1,Final Report,Home,Timecard,US-Southeast Engineering,Professional Staff Labor,SEP-25,09/21/2025,09/21/2025,31400975,30,2760,1048.8,0,0,171.4,3980.2,Y,Billed,INV-301-017,
USA Infrastructure,Water,Treatment,CC-4101,Jordan Arafat,700123,Lakeview WTP Phase 2 Design,"O'Neill, Kate",E10911,CC-4112,PA Labor Cost SEP-25,Jordan Arafat,5.0,Field Services,5.1,Inspection,Home,Timecard,US-Southeast Engineering,Professional Staff Labor,SEP-25,09/22/2025,09/22/2025,31400602,65.5,4847,1841.86,0,0,301,6989.86,Y,Billed,INV-123-017,
USA Infrastructure,Transportation,Bridges,CC-4210,Jordan Arafat,700301,Coastal Bridge Inspection Program,BlueWater Environmental,,,AP Supplier Cost SEP-25,Jordan Arafat,3.0,Analysis & Design,3.2,Design Development,Field,Supplier Invoice,US-Southeast Engineering,Subconsultant Services,SEP-25,09/22/2025,09/20/2025,31400985,0,0,0,3451.04,0,155.3,3606.34,Y,Billed,INV-301-017,
USA Infrastructure,Transportation,Bridges,CC-4210,Jordan Arafat,700301,Coastal Bridge Inspection Program,"Nguyen, Thao",E10742,CC-4210,PA Expense Cost SEP-25,Jordan Arafat,1.0,Project Management,1.1,Admin,Field,Cost Transfer,US-Southeast Engineering,Professional Staff Labor,SEP-25,09/22/2025,09/20/2025,31400991,-6.96,-459.31,-174.54,0,0,-28.52,-662.37,Y,Billed,INV-301-017,Transfer to 700302 per PM request
USA Infrastructure,Water,Treatment,CC-4101,Jordan Arafat,700123,Lakeview WTP Phase 2 Design,"Kowalski, Jan",E11024,CC-4230,PA Expense Cost SEP-25,Jordan Arafat,2.0,Data Collection & Survey,2.1,Survey,Field,Expense Report,US-Southeast Engineering,Reproduction,SEP-25,09/23/2025,09/21/2025,31400608,0,0,0,0,4082.49,183.71,4266.2,Y,Billed,INV-123-017,
USA Infrastructure,Transportation,Highways,CC-4205,Maria Delgado,700248,SR-417 Widening PD&E Study,"O'Neill, Kate",E10911,CC-4112,PA Labor Cost SEP-25,Maria Delgado,4.0,Deliverables & Reports,4.2,Draft Report,Home,Timecard,US-Southeast Engineering,Professional Staff Labor,SEP-25,09/23/2025,09/21/2025,31400793,48,3552,1349.76,0,0,220.58,5122.34,Y,Billed,INV-248-017,
USA Infrastructure,Water,Treatment,CC-4101,Jordan Arafat,700123,Lakeview WTP Phase 2 Design,"Smith, Alice",E10231,CC-4101,PA Labor Cost SEP-25,Jordan Arafat,5.0,Field Services,5.1,Inspection,Home,Timecard,US-Southeast Engineering,Professional Staff Labor,SEP-25,09/24/2025,09/24/2025,31400593,60.5,4719,1793.22,0,0,293.05,6805.27,Y,Billed,INV-123-017,
USA Infrastructure,Water,Treatment,CC-4101,Jordan Arafat,700123,Lakeview WTP Phase 2 Design,"Smith, Alice",E10231,CC-4101,PA Labor Cost SEP-25,Jordan Arafat,4.0,Deliverables & Reports,4.1,Final Report,Home,Timecard,US-Southeast Engineering,Professional Staff Labor,SEP-25,09/24/2025,09/22/2025,31400597,63,4914,1867.32,0,0,305.16,7086.48,Y,Unbilled,,
USA Infrastructure,Transportation,Highways,CC-4205,Maria Delgado,700248,SR-417 Widening PD&E Study,"Smith, Alice",E10231,CC-4101,PA Labor Cost SEP-25,Maria Delgado,5.0,Field Services,5.2,CEI Support,Home,Timecard,US-Southeast Engineering,Professional Staff Labor,SEP-25,09/24/2025,09/23/2025,31400794,59,4602,1748.76,0,0,285.78,6636.54,Y,Billed,INV-248-017,
USA Infrastructure,Transportation,Highways,CC-4205,Maria Delgado,700248,SR-417 Widening PD&E Study,GeoTech Drilling LLC,,,AP Supplier Cost SEP-25,Maria Delgado,3.0,Analysis & Design,3.2,Design Development,Field,Supplier Invoice,US-Southeast Engineering,Subconsultant Services,SEP-25,09/24/2025,09/24/2025,31400796,0,0,0,9225.24,0,415.14,9640.38,N,Billed,INV-248-017,
USA Infrastructure,Transportation,Bridges,CC-4210,Jordan Arafat,700301,Coastal Bridge Inspection Program,BlueWater Environmental,,,AP Supplier Cost SEP-25,Jordan Arafat,3.0,Analysis & Design,3.2,Design Development,Field,Supplier Invoice,US-Southeast Engineering,Subconsultant Services,SEP-25,09/24/2025,09/22/2025,31400984,0,0,0,3282.64,0,147.72,3430.36,Y,Billed,INV-301-017,
USA Infrastructure,Transportation,Highways,CC-4205,Maria Delgado,700248,SR-417 Widening PD&E Study,"O'Neill, Kate",E10911,CC-4112,PA Labor Cost SEP-25,Maria Delgado,4.0,Deliverables & Reports,4.1,Draft Report,Home,Timecard,US-Southeast Engineering,Professional Staff Labor,SEP-25,09/26/2025,09/26/2025,31400789,22,1628,618.64,0,0,101.1,2347.74,Y,Billed,INV-248-017,
USA Infrastructure,Transportation,Bridges,CC-4210,Jordan Arafat,700301,Coastal Bridge Inspection Program,"Nguyen, Thao",E10742,CC-4210,PA Expense Cost SEP-25,Jordan Arafat,2.0,Data Collection & Survey,2.1,Survey,Field,Expense Report,US-Southeast Engineering,Field Supplies,SEP-25,09/26/2025,09/25/2025,31400989,0,0,0,0,1274.8,57.37,1332.17,Y,Billed,INV-301-017,
USA Infrastructure,Transportation,Bridges,CC-4210,Jordan Arafat,700301,Coastal Bridge Inspection Program,BlueWater Environmental,,,AP Supplier Cost SEP-25,Jordan Arafat,3.0,Analysis & Design,3.2,Design Development,Field,Supplier Invoice,US-Southeast Engineering,Subconsultant Services,SEP-25,09/27/2025,09/26/2025,31400983,0,0,0,15117.66,0,680.29,15797.96,Y,Billed,INV-301-017,
USA Infrastructure,Water,Stormwater,CC-4112,Sam Whitfield,700415,Downtown Stormwater Master Plan,"Rivera, Sofia",E11138,CC-4230,PA Labor Cost SEP-25,Sam Whitfield,2.0,Data Collection & Survey,2.2,Survey,Home,Timecard,US-Southeast Engineering,Professional Staff Labor,SEP-25,09/27/2025,09/27/2025,31401155,72,6336,2407.68,0,0,393.47,9137.15,Y,Billed,INV-415-017,
USA Infrastructure,Transportation,Highways,CC-4205,Maria Delgado,700248,SR-417 Widening PD&E Study,"Chen, Wei",E10455,CC-4205,PA Labor Cost SEP-25,Maria Delgado,1.0,Project Management,1.2,Meetings & Coordination,Home,Timecard,US-Southeast Engineering,Professional Staff Labor,SEP-25,09/28/2025,09/26/2025,31400790,70.5,6486,2464.68,0,0,402.78,9353.46,Y,Billed,INV-248-017,
USA Infrastructure,Transportation,Highways,CC-4205,Maria Delgado,700248,SR-417 Widening PD&E Study,Stratus Aerial Imaging,,,AP Supplier Cost SEP-25,Maria Delgado,3.0,Analysis & Design,3.2,Design Development,Field,Supplier Invoice,US-Southeast Engineering,Subconsultant Services,SEP-25,09/28/2025,09/27/2025,31400797,0,0,0,7165.6,0,322.45,7488.05,Y,Unbilled,,
USA Infrastructure,Transportation,Bridges,CC-4210,Jordan Arafat,700301,Coastal Bridge Inspection Program,"Jones, Robert",E10342,CC-4101,PA Labor Cost SEP-25,Jordan Arafat,2.0,Data Collection & Survey,2.2,Survey,Home,Timecard,US-Southeast Engineering,Professional Staff Labor,SEP-25,09/28/2025,09/26/2025,31400978,70.5,4512,1714.56,0,0,280.2,6506.76,Y,Billed,INV-301-017,
USA Infrastructure,Water,Stormwater,CC-4112,Sam Whitfield,700415,Downtown Stormwater Master Plan,"Garcia, Luis",E10677,CC-4210,PA Labor Cost SEP-25,Sam Whitfield,1.0,Project Management,1.1,Meetings & Coordination,Field,Timecard,US-Southeast Engineering,Field Staff Labor,SEP-25,09/28/2025,09/27/2025,31401161,17,986,374.68,0,0,61.23,1421.91,Y,Billed,INV-415-017,
USA Infrastructure,Transportation,Aviation,CC-4230,Maria Delgado,700502,Airport APM Guideway Rehab,"O'Neill, Kate",E10911,CC-4112,PA Labor Cost SEP-25,Maria Delgado,5.0,Field Services,5.2,Inspection,Home,Timecard,US-Southeast Engineering,Professional Staff Labor,SEP-25,09/28/2025,09/27/2025,31401320,20.5,1517,576.46,0,0,94.21,2187.67,Y,Billed,INV-502-017,
USA Infrastructure,Water,Treatment,CC-4101,Jordan Arafat,700123,Lakeview WTP Phase 2 Design,"Smith, Alice",E10231,CC-4101,PA Labor Cost OCT-25,Jordan Arafat,2.0,Data Collection & Survey,2.2,Survey,Home,Timecard,US-Southeast Engineering,Professional Staff Labor,OCT-25,10/01/2025,10/01/2025,31400615,49,3822,1452.36,0,0,237.35,5511.71,Y,Billed,INV-123-018,
USA Infrastructure,Transportation,Highways,CC-4205,Maria Delgado,700248,SR-417 Widening PD&E Study,"Rivera, Sofia",E11138,CC-4230,PA Labor Cost OCT-25,Maria Delgado,5.0,Field Services,5.2,CEI Support,Home,Timecard,US-Southeast Engineering,Professional Staff Labor,OCT-25,10/01/2025,10/01/2025,31400806,14,1232,468.16,0,0,76.51,1776.67,Y,Billed,INV-248-018,
USA Infrastructure,Water,Stormwater,CC-4112,Sam Whitfield,700415,Downtown Stormwater Master Plan,"Brown, Marcus",E10803,CC-4112,PA Labor Cost OCT-25,Sam Whitfield,4.0,Deliverables & Reports,4.2,Final Report,Home,Timecard,US-Southeast Engineering,Professional Staff Labor,OCT-25,10/01/2025,10/01/2025,31401171,53,4505,1711.9,0,0,279.76,6496.66,Y,Billed,INV-415-018,
USA Infrastructure,Water,Treatment,CC-4101,Jordan Arafat,700123,Lakeview WTP Phase 2 Design,"Jones, Robert",E10342,CC-4101,PA Labor Cost OCT-25,Jordan Arafat,5.0,Field Services,5.2,Inspection,Home,Timecard,US-Southeast Engineering,Professional Staff Labor,OCT-25,10/02/2025,10/01/2025,31400610,43,2752,1045.76,0,0,170.9,3968.66,Y,Billed,INV-123-018,
USA Infrastructure,Transportation,Bridges,CC-4210,Jordan Arafat,700301,Coastal Bridge Inspection Program,"Brown, Marcus",E10803,CC-4112,PA Labor Cost OCT-25,Jordan Arafat,2.0,Data Collection & Survey,2.1,Utility Locates,Home,Timecard,US-Southeast Engineering,Professional Staff Labor,OCT-25,10/02/2025,10/02/2025,31400995,55,4675,1776.5,0,0,290.32,6741.82,Y,Billed,INV-301-018,
USA Infrastructure,Water,Stormwater,CC-4112,Sam Whitfield,700415,Downtown Stormwater Master Plan,GeoTech Drilling LLC,,,AP Supplier Cost OCT-25,Sam Whitfield,3.0,Analysis & Design,3.2,Design Development,Field,Supplier Invoice,US-Southeast Engineering,Subconsultant Services,OCT-25,10/02/2025,10/01/2025,31401176,0,0,0,1078.39,0,48.53,1126.92,Y,Billed,INV-415-018,
USA Infrastructure,Water,Treatment,CC-4101,Jordan Arafat,700123,Lakeview WTP Phase 2 Design,"Rivera, Sofia",E11138,CC-4230,PA Labor Cost OCT-25,Jordan Arafat,5.0,Field Services,5.2,Inspection,Home,Timecard,US-Southeast Engineering,Professional Staff Labor,OCT-25,10/03/2025,10/01/2025,31400612,65.5,5764,2190.32,0,0,357.94,8312.26,Y,Billed,INV-123-018,
USA Infrastructure,Transportation,Bridges,CC-4210,Jordan Arafat,700301,Coastal Bridge Inspection Program,"Smith, Alice",E10231,CC-4101,PA Labor Cost OCT-25,Jordan Arafat,4.0,Deliverables & Reports,4.2,Final Report,Home,Timecard,US-Southeast Engineering,Professional Staff Labor,OCT-25,10/03/2025,10/02/2025,31400998,34.5,2691,1022.58,0,0,167.11,3880.69,Y,Billed,INV-301-018,
USA Infrastructure,Transportation,Highways,CC-4205,Maria Delgado,700248,SR-417 Widening PD&E Study,"Jones, Robert",E10342,CC-4101,PA Labor Cost OCT-25,Maria Delgado,5.0,Field Services,5.1,Inspection,Home,Timecard,US-Southeast Engineering,Professional Staff Labor,OCT-25,10/04/2025,10/03/2025,31400803,70,4480,1702.4,0,0,278.21,6460.61,Y,Billed,INV-248-018,
USA Infrastructure,Water,Stormwater,CC-4112,Sam Whitfield,700415,Downtown Stormwater Master Plan,"Smith, Alice",E10231,CC-4101,PA Labor Cost OCT-25,Sam Whitfield,2.0,Data Collection & Survey,2.2,Survey,Home,Timecard,US-Southeast Engineering,Professional Staff Labor,OCT-25,10/04/2025,10/02/2025,31401165,69,5382,2045.16,0,0,334.22,7761.38,Y,Billed,INV-415-018,
USA Infrastructure,Transportation,Aviation,CC-4230,Maria Delgado,700502,Airport APM Guideway Rehab,TransCore ITS Inc,,,AP Supplier Cost OCT-25,Maria Delgado,3.0,Analysis & Design,3.2,Design Development,Field,Supplier Invoice,US-Southeast Engineering,Subconsultant Services,OCT-25,10/04/2025,10/02/2025,31401340,0,0,0,46249.14,0,2081.21,48330.35,N,Billed,INV-502-018,
USA Infrastructure,Water,Treatment,CC-4101,Jordan Arafat,700123,Lakeview WTP Phase 2 Design,"Kowalski, Jan",E11024,CC-4230,PA Labor Cost OCT-25,Jordan Arafat,4.0,Deliverables & Reports,4.2,Draft Report,Field,Timecard,US-Southeast Engineering,Field Staff Labor,OCT-25,10/05/2025,10/03/2025,31400611,19,1159,440.42,0,0,71.97,1671.39,Y,Billed,INV-123-018,
USA Infrastructure,Transportation,Bridges,CC-4210,Jordan Arafat,700301,Coastal Bridge Inspection Program,"Patel, Devi",E10518,CC-4205,PA Labor Cost OCT-25,Jordan Arafat,3.0,Analysis & Design,3.2,Design Development,Home,Timecard,US-Southeast Engineering,Professional Staff Labor,OCT-25,10/05/2025,10/05/2025,31400993,8.5,603.5,229.33,0,0,37.48,870.31,Y,Billed,INV-301-018,
USA Infrastructure,Transportation,Bridges,CC-4210,Jordan Arafat,700301,Coastal Bridge Inspection Program,"Rivera, Sofia",E11138,CC-4230,PA Expense Cost OCT-25,Jordan Arafat,2.0,Data Collection & Survey,2.1,Survey,Home,Expense Report,US-Southeast Engineering,Mileage,OCT-25,10/05/2025,10/04/2025,31401005,0,0,0,0,5410.46,243.47,5653.93,Y,Billed,INV-301-018,
USA Infrastructure,Transportation,Aviation,CC-4230,Maria Delgado,700502,Airport APM Guideway Rehab,"Jones, Robert",E10342,CC-4101,PA Labor Cost OCT-25,Maria Delgado,4.0,Deliverables & Reports,4.1,Final Report,Home,Timecard,US-Southeast Engineering,Professional Staff Labor,OCT-25,10/05/2025,10/04/2025,31401334,48,3072,1167.36,0,0,190.77,4430.13,Y,Billed,INV-502-018,
USA Infrastructure,Transportation,Bridges,CC-4210,Jordan Arafat,700301,Coastal Bridge Inspection Program,"Garcia, Luis",E10677,CC-4210,PA Labor Cost OCT-25,Jordan Arafat,3.0,Analysis & Design,3.2,Modeling,Field,Timecard,US-Southeast Engineering,Field Staff Labor,OCT-25,10/06/2025,10/04/2025,31400994,71,4118,1564.84,0,0,255.73,5938.57,Y,Billed,INV-301-018,
USA Infrastructure,Transportation,Bridges,CC-4210,Jordan Arafat,700301,Coastal Bridge Inspection Program,"Garcia, Luis",E10677,CC-4210,PA Labor Cost OCT-25,Jordan Arafat,4.0,Deliverables & Reports,4.1,Final Report,Field,Timecard,US-Southeast Engineering,Field Staff Labor,OCT-25,10/06/2025,10/04/2025,31400997,63.5,3683,1399.54,0,0,228.71,5311.25,Y,Billed,INV-301-018,
USA Infrastructure,Transportation,Highways,CC-4205,Maria Delgado,700248,SR-417 Widening PD&E Study,"Chen, Wei",E10455,CC-4205,PA Labor Cost OCT-25,Maria Delgado,1.0,Project Management,1.1,Meetings & Coordination,Home,Timecard,US-Southeast Engineering,Professional Staff Labor,OCT-25,10/07/2025,10/07/2025,31400809,11.5,1058,402.04,0,0,65.7,1525.74,Y,Billed,INV-248-018,
USA Infrastructure,Water,Stormwater,CC-4112,Sam Whitfield,700415,Downtown Stormwater Master Plan,"Nguyen, Thao",E10742,CC-4210,PA Labor Cost OCT-25,Sam Whitfield,2.0,Data Collection & Survey,2.2,Utility Locates,Field,Timecard,US-Southeast Engineering,Field Staff Labor,OCT-25,10/07/2025,10/07/2025,31401168,60,3960,1504.8,0,0,245.92,5710.72,Y,Billed,INV-415-018,
USA Infrastructure,Water,Stormwater,CC-4112,Sam Whitfield,700415,Downtown Stormwater Master Plan,"Nguyen, Thao",E10742,CC-4210,PA Labor Cost OCT-25,Sam Whitfield,4.0,Deliverables & Reports,4.2,Final Report,Field,Timecard,US-Southeast Engineering,Field Staff Labor,OCT-25,10/07/2025,10/06/2025,31401172,15,990,376.2,0,0,61.48,1427.68,Y,Unbilled,,
USA Infrastructure,Water,Treatment,CC-4101,Jordan Arafat,700123,Lakeview WTP Phase 2 Design,"O'Neill, Kate",E10911,CC-4112,PA Expense Cost OCT-25,Jordan Arafat,2.0,Data Collection & Survey,2.1,Survey,Home,Expense Report,US-Southeast Engineering,Reproduction,OCT-25,10/08/2025,10/08/2025,31400620,0,0,0,0,2618.71,117.84,2736.55,Y,Billed,INV-123-018,
USA Infrastructure,Transportation,Highways,CC-4205,Maria Delgado,700248,SR-417 Widening PD&E Study,"O'Neill, Kate",E10911,CC-4112,PA Labor Cost OCT-25,Maria Delgado,3.0,Analysis & Design,3.1,Design Development,Home,Timecard,US-Southeast Engineering,Professional Staff Labor,OCT-25,10/08/2025,10/07/2025,31400802,21,1554,590.52,0,0,96.5,2241.02,Y,Billed,INV-248-018,
USA Infrastructure,Transportation,Highways,CC-4205,Maria Delgado,700248,SR-417 Widening PD&E Study,"Brown, Marcus",E10803,CC-4112,PA Labor Cost OCT-25,Maria Delgado,2.0,Data Collection & Survey,2.1,Survey,Home,Timecard,US-Southeast Engineering,Professional Staff Labor,OCT-25,10/08/2025,10/08/2025,31400810,18,1530,581.4,0,0,95.01,2206.41,Y,Billed,INV-248-018,
USA Infrastructure,Transportation,Highways,CC-4205,Maria Delgado,700248,SR-417 Widening PD&E Study,"Chen, Wei",E10455,CC-4205,PA Expense Cost OCT-25,Maria Delgado,2.0,Data Collection & Survey,2.1,Survey,Home,Expense Report,US-Southeast Engineering,Travel & Lodging,OCT-25,10/08/2025,10/07/2025,31400813,0,0,0,0,2797.72,125.9,2923.61,N,Billed,INV-248-018,
USA Infrastructure,Water,Stormwater,CC-4112,Sam Whitfield,700415,Downtown Stormwater Master Plan,"Patel, Devi",E10518,CC-4205,PA Expense Cost OCT-25,Sam Whitfield,2.0,Data Collection & Survey,2.1,Survey,Home,Expense Report,US-Southeast Engineering,Travel & Lodging,OCT-25,10/08/2025,10/06/2025,31401177,0,0,0,0,1441.12,64.85,1505.97,Y,Billed,INV-415-018,
USA Infrastructure,Transportation,Aviation,CC-4230,Maria Delgado,700502,Airport APM Guideway Rehab,"Kowalski, Jan",E11024,CC-4230,PA Labor Cost OCT-25,Maria Delgado,3.0,Analysis & Design,3.1,Design Development,Field,Timecard,US-Southeast Engineering,Field Staff Labor,OCT-25,10/08/2025,10/06/2025,31401335,69.5,4239.5,1611.01,0,0,263.27,6113.78,Y,Billed,INV-502-018,
USA Infrastructure,Water,Stormwater,CC-4112,Sam Whitfield,700415,Downtown Stormwater Master Plan,GeoTech Drilling LLC,,,AP Supplier Cost OCT-25,Sam Whitfield,3.0,Analysis & Design,3.2,Design Development,Field,Supplier Invoice,US-Southeast Engineering,Subconsultant Services,OCT-25,10/09/2025,10/09/2025,31401174,0,0,0,1463.54,0,65.86,1529.4,Y,Billed,INV-415-018,
USA Infrastructure,Transportation,Aviation,CC-4230,Maria Delgado,700502,Airport APM Guideway Rehab,"O'Neill, Kate",E10911,CC-4112,PA Labor Cost OCT-25,Maria Delgado,4.0,Deliverables & Reports,4.1,Draft Report,Home,Timecard,US-Southeast Engineering,Professional Staff Labor,OCT-25,10/09/2025,10/08/2025,31401336,35,2590,984.2,0,0,160.84,3735.04,Y,Billed,INV-502-018,
USA Infrastructure,Transportation,Highways,CC-4205,Maria Delgado,700248,SR-417 Widening PD&E Study,"Nguyen, Thao",E10742,CC-4210,PA Labor Cost OCT-25,Maria Delgado,3.0,Analysis & Design,3.2,Modeling,Field,Timecard,US-Southeast Engineering,Field Staff Labor,OCT-25,10/11/2025,10/11/2025,31400804,11.5,759,288.42,0,0,47.13,1094.55,Y,Billed,INV-248-018,
USA Infrastructure,Transportation,Bridges,CC-4210,Jordan Arafat,700301,Coastal Bridge Inspection Program,GeoTech Drilling LLC,,,AP Supplier Cost OCT-25,Jordan Arafat,3.0,Analysis & Design,3.2,Design Development,Field,Supplier Invoice,US-Southeast Engineering,Subconsultant Services,OCT-25,10/11/2025,10/10/2025,31401001,0,0,0,20654.88,0,929.47,21584.35,Y,Billed,INV-301-018,
USA Infrastructure,Transportation,Bridges,CC-4210,Jordan Arafat,700301,Coastal Bridge Inspection Program,"Chen, Wei",E10455,CC-4205,PA Expense Cost OCT-25,Jordan Arafat,1.0,Project Management,1.1,Admin,Home,Cost Transfer,US-Southeast Engineering,Professional Staff Labor,OCT-25,10/11/2025,10/11/2025,31401006,-4.16,-382.41,-145.32,0,0,-23.75,-551.47,Y,Billed,INV-301-018,Transfer to 700302 per PM request
USA Infrastructure,Water,Treatment,CC-4101,Jordan Arafat,700123,Lakeview WTP Phase 2 Design,"O'Neill, Kate",E10911,CC-4112,PA Labor Cost OCT-25,Jordan Arafat,5.0,Field Services,5.2,Inspection,Home,Timecard,US-Southeast Engineering,Professional Staff Labor,OCT-25,10/12/2025,10/10/2025,31400614,49,3626,1377.88,0,0,225.17,5229.05,Y,Billed,INV-123-018,
USA Infrastructure,Transportation,Aviation,CC-4230,Maria Delgado,700502,Airport APM Guideway Rehab,"Chen, Wei",E10455,CC-4205,PA Expense Cost OCT-25,Maria Delgado,2.0,Data Collection & Survey,2.1,Survey,Home,Expense Report,US-Southeast Engineering,Field Supplies,OCT-25,10/12/2025,10/10/2025,31401343,0,0,0,0,4056.41,182.54,4238.95,Y,Billed,INV-502-018,
USA Infrastructure,Transportation,Bridges,CC-4210,Jordan Arafat,700301,Coastal Bridge Inspection Program,"Kowalski, Jan",E11024,CC-4230,PA Expense Cost OCT-25,Jordan Arafat,2.0,Data Collection & Survey,2.1,Survey,Field,Expense Report,US-Southeast Engineering,Field Supplies,OCT-25,10/13/2025,10/13/2025,31401004,0,0,0,0,2050.53,92.27,2142.8,Y,Billed,INV-301-018,
USA Infrastructure,Water,Stormwater,CC-4112,Sam Whitfield,700415,Downtown Stormwater Master Plan,"Nguyen, Thao",E10742,CC-4210,PA Labor Cost OCT-25,Sam Whitfield,4.0,Deliverables & Reports,4.1,Final Report,Field,Timecard,US-Southeast Engineering,Field Staff Labor,OCT-25,10/13/2025,10/11/2025,31401170,69,4554,1730.52,0,0,282.8,6567.32,N,Billed,INV-415-018,
USA Infrastructure,Transportation,Highways,CC-4205,Maria Delgado,700248,SR-417 Widening PD&E Study,BlueWater Environmental,,,AP Supplier Cost OCT-25,Maria Delgado,3.0,Analysis & Design,3.2,Design Development,Field,Supplier Invoice,US-Southeast Engineering,Subconsultant Services,OCT-25,10/14/2025,10/13/2025,31400812,0,0,0,19822.35,0,892.01,20714.36,Y,Billed,INV-248-018,
USA Infrastructure,Water,Stormwater,CC-4112,Sam Whitfield,700415,Downtown Stormwater Master Plan,"Garcia, Luis",E10677,CC-4210,PA Labor Cost OCT-25,Sam Whitfield,1.0,Project Management,1.1,Meetings & Coordination,Field,Timecard,US-Southeast Engineering,Field Staff Labor,OCT-25,10/14/2025,10/13/2025,31401169,39.5,2291,870.58,0,0,142.27,3303.85,Y,Billed,INV-415-018,
USA Infrastructure,Transportation,Aviation,CC-4230,Maria Delgado,700502,Airport APM Guideway Rehab,"Kowalski, Jan",E11024,CC-4230,PA Expense Cost OCT-25,Maria Delgado,2.0,Data Collection & Survey,2.1,Survey,Field,Expense Report,US-Southeast Engineering,Field Supplies,OCT-25,10/14/2025,10/14/2025,31401341,0,0,0,0,4946.24,222.58,5168.82,Y,Billed,INV-502-018,
USA Infrastructure,Water,Treatment,CC-4101,Jordan Arafat,700123,Lakeview WTP Phase 2 Design,"Smith, Alice",E10231,CC-4101,PA Expense Cost OCT-25,Jordan Arafat,2.0,Data Collection & Survey,2.1,Survey,Home,Expense Report,US-Southeast Engineering,Field Supplies,OCT-25,10/15/2025,10/15/2025,31400622,0,0,0,0,3526.83,158.71,3685.54,Y,Billed,INV-123-018,
USA Infrastructure,Transportation,Highways,CC-4205,Maria Delgado,700248,SR-417 Widening PD&E Study,"Chen, Wei",E10455,CC-4205,PA Labor Cost OCT-25,Maria Delgado,4.0,Deliverables & Reports,4.2,Final Report,Home,Timecard,US-Southeast Engineering,Professional Staff Labor,OCT-25,10/15/2025,10/14/2025,31400805,64,5888,2237.44,0,0,365.64,8491.08,Y,Billed,INV-248-018,
USA Infrastructure,Transportation,Highways,CC-4205,Maria Delgado,700248,SR-417 Widening PD&E Study,"Patel, Devi",E10518,CC-4205,PA Expense Cost OCT-25,Maria Delgado,2.0,Data Collection & Survey,2.1,Survey,Home,Expense Report,US-Southeast Engineering,Mileage,OCT-25,10/15/2025,10/13/2025,31400814,0,0,0,0,1485.36,66.84,1552.2,N,Billed,INV-248-018,
USA Infrastructure,Water,Treatment,CC-4101,Jordan Arafat,700123,Lakeview WTP Phase 2 Design,"Rivera, Sofia",E11138,CC-4230,PA Labor Cost OCT-25,Jordan Arafat,4.0,Deliverables & Reports,4.1,Draft Report,Home,Timecard,US-Southeast Engineering,Professional Staff Labor,OCT-25,10/16/2025,10/14/2025,31400616,24.5,2156,819.28,0,0,133.89,3109.17,Y,Billed,INV-123-018,
USA Infrastructure,Transportation,Bridges,CC-4210,Jordan Arafat,700301,Coastal Bridge Inspection Program,"Nguyen, Thao",E10742,CC-4210,PA Expense Cost OCT-25,Jordan Arafat,2.0,Data Collection & Survey,2.1,Survey,Field,Expense Report,US-Southeast Engineering,Reproduction,OCT-25,10/17/2025,10/17/2025,31401003,0,0,0,0,5460.43,245.72,5706.14,Y,Billed,INV-301-018,
USA Infrastructure,Water,Stormwater,CC-4112,Sam Whitfield,700415,Downtown Stormwater Master Plan,Apex Survey Partners,,,AP Supplier Cost OCT-25,Sam Whitfield,3.0,Analysis & Design,3.2,Design Development,Field,Supplier Invoice,US-Southeast Engineering,Subconsultant Services,OCT-25,10/17/2025,10/15/2025,31401175,0,0,0,530.15,0,23.86,554,Y,Billed,INV-415-018,
USA Infrastructure,Water,Stormwater,CC-4112,Sam Whitfield,700415,Downtown Stormwater Master Plan,"Kowalski, Jan",E11024,CC-4230,PA Expense Cost OCT-25,Sam Whitfield,2.0,Data Collection & Survey,2.1,Survey,Field,Expense Report,US-Southeast Engineering,Travel & Lodging,OCT-25,10/17/2025,10/17/2025,31401178,0,0,0,0,2398.98,107.95,2506.93,Y,Billed,INV-415-018,
USA Infrastructure,Transportation,Aviation,CC-4230,Maria Delgado,700502,Airport APM Guideway Rehab,"Kowalski, Jan",E11024,CC-4230,PA Expense Cost OCT-25,Maria Delgado,2.0,Data Collection & Survey,2.1,Survey,Field,Expense Report,US-Southeast Engineering,Travel & Lodging,OCT-25,10/17/2025,10/16/2025,31401342,0,0,0,0,4241.9,190.89,4432.78,Y,Billed,INV-502-018,
USA Infrastructure,Water,Treatment,CC-4101,Jordan Arafat,700123,Lakeview WTP Phase 2 Design,"O'Neill, Kate",E10911,CC-4112,PA Expense Cost OCT-25,Jordan Arafat,2.0,Data Collection & Survey,2.1,Survey,Home,Expense Report,US-Southeast Engineering,Mileage,OCT-25,10/19/2025,10/17/2025,31400619,0,0,0,0,6409.33,288.42,6697.75,Y,Billed,INV-123-018,
USA Infrastructure,Transportation,Aviation,CC-4230,Maria Delgado,700502,Airport APM Guideway Rehab,"Garcia, Luis",E10677,CC-4210,PA Labor Cost OCT-25,Maria Delgado,2.0,Data Collection & Survey,2.1,Utility Locates,Field,Timecard,US-Southeast Engineering,Field Staff Labor,OCT-25,10/19/2025,10/18/2025,31401337,12,696,264.48,0,0,43.22,1003.7,Y,Unbilled,,
USA Infrastructure,Transportation,Aviation,CC-4230,Maria Delgado,700502,Airport APM Guideway Rehab,"O'Neill, Kate",E10911,CC-4112,PA Labor Cost OCT-25,Maria Delgado,1.0,Project Management,1.2,Admin,Home,Timecard,US-Southeast Engineering,Professional Staff Labor,OCT-25,10/19/2025,10/19/2025,31401338,21,1554,590.52,0,0,96.5,2241.02,Y,Unbilled,,
USA Infrastructure,Water,Treatment,CC-4101,Jordan Arafat,700123,Lakeview WTP Phase 2 Design,"Kowalski, Jan",E11024,CC-4230,PA Labor Cost OCT-25,Jordan Arafat,3.0,Analysis & Design,3.1,Design Development,Field,Timecard,US-Southeast Engineering,Field Staff Labor,OCT-25,10/20/2025,10/18/2025,31400613,53,3233,1228.54,0,0,200.77,4662.31,Y,Billed,INV-123-018,
USA Infrastructure,Transportation,Highways,CC-4205,Maria Delgado,700248,SR-417 Widening PD&E Study,"Jones, Robert",E10342,CC-4101,PA Expense Cost OCT-25,Maria Delgado,2.0,Data Collection & Survey,2.1,Survey,Home,Expense Report,US-Southeast Engineering,Reproduction,OCT-25,10/20/2025,10/18/2025,31400816,0,0,0,0,1895.4,85.29,1980.69,Y,Billed,INV-248-018,
USA Infrastructure,Transportation,Bridges,CC-4210,Jordan Arafat,700301,Coastal Bridge Inspection Program,"Nguyen, Thao",E10742,CC-4210,PA Labor Cost OCT-25,Jordan Arafat,3.0,Analysis & Design,3.1,Design Development,Field,Timecard,US-Southeast Engineering,Field Staff Labor,OCT-25,10/20/2025,10/19/2025,31400992,32.5,2145,815.1,0,0,133.2,3093.3,Y,Billed,INV-301-018,
USA Infrastructure,Transportation,Aviation,CC-4230,Maria Delgado,700502,Airport APM Guideway Rehab,"Kowalski, Jan",E11024,CC-4230,PA Labor Cost OCT-25,Maria Delgado,4.0,Deliverables & Reports,4.2,Draft Report,Field,Timecard,US-Southeast Engineering,Field Staff Labor,OCT-25,10/20/2025,10/18/2025,31401331,42.5,2592.5,985.15,0,0,160.99,3738.64,Y,Billed,INV-502-018,
USA Infrastructure,Transportation,Aviation,CC-4230,Maria Delgado,700502,Airport APM Guideway Rehab,"Smith, Alice",E10231,CC-4101,PA Labor Cost OCT-25,Maria Delgado,5.0,Field Services,5.2,CEI Support,Home,Timecard,US-Southeast Engineering,Professional Staff Labor,OCT-25,10/20/2025,10/18/2025,31401332,18,1404,533.52,0,0,87.19,2024.71,Y,Billed,INV-502-018,
USA Infrastructure,Water,Treatment,CC-4101,Jordan Arafat,700123,Lakeview WTP Phase 2 Design,"Smith, Alice",E10231,CC-4101,PA Expense Cost OCT-25,Jordan Arafat,2.0,Data Collection & Survey,2.1,Survey,Home,Expense Report,US-Southeast Engineering,Travel & Lodging,OCT-25,10/22/2025,10/20/2025,31400621,0,0,0,0,2184.79,98.32,2283.1,Y,Billed,INV-123-018,
USA Infrastructure,Transportation,Bridges,CC-4210,Jordan Arafat,700301,Coastal Bridge Inspection Program,"O'Neill, Kate",E10911,CC-4112,PA Labor Cost OCT-25,Jordan Arafat,3.0,Analysis & Design,3.2,Modeling,Home,Timecard,US-Southeast Engineering,Professional Staff Labor,OCT-25,10/22/2025,10/22/2025,31401000,46,3404,1293.52,0,0,211.39,4908.91,N,Billed,INV-301-018,
USA Infrastructure,Water,Stormwater,CC-4112,Sam Whitfield,700415,Downtown Stormwater Master Plan,"Kowalski, Jan",E11024,CC-4230,PA Labor Cost OCT-25,Sam Whitfield,2.0,Data Collection & Survey,2.1,Utility Locates,Field,Timecard,US-Southeast Engineering,Field Staff Labor,OCT-25,10/22/2025,10/21/2025,31401173,42.5,2592.5,985.15,0,0,160.99,3738.64,Y,Billed,INV-415-018,
USA Infrastructure,Water,Treatment,CC-4101,Jordan Arafat,700123,Lakeview WTP Phase 2 Design,"Brown, Marcus",E10803,CC-4112,PA Labor Cost OCT-25,Jordan Arafat,3.0,Analysis & Design,3.2,Design Development,Home,Timecard,US-Southeast Engineering,Professional Staff Labor,OCT-25,10/23/2025,10/23/2025,31400609,62,5270,2002.6,0,0,327.27,7599.87,Y,Billed,INV-123-018,
USA Infrastructure,Water,Treatment,CC-4101,Jordan Arafat,700123,Lakeview WTP Phase 2 Design,BlueWater Environmental,,,AP Supplier Cost OCT-25,Jordan Arafat,3.0,Analysis & Design,3.2,Design Development,Field,Supplier Invoice,US-Southeast Engineering,Subconsultant Services,OCT-25,10/23/2025,10/21/2025,31400618,0,0,0,19652.87,0,884.38,20537.25,Y,Billed,INV-123-018,
USA Infrastructure,Transportation,Bridges,CC-4210,Jordan Arafat,700301,Coastal Bridge Inspection Program,"Chen, Wei",E10455,CC-4205,PA Labor Cost OCT-25,Jordan Arafat,5.0,Field Services,5.2,CEI Support,Home,Timecard,US-Southeast Engineering,Professional Staff Labor,OCT-25,10/23/2025,10/21/2025,31400999,69,6348,2412.24,0,0,394.21,9154.45,Y,Billed,INV-301-018,
USA Infrastructure,Transportation,Aviation,CC-4230,Maria Delgado,700502,Airport APM Guideway Rehab,"Nguyen, Thao",E10742,CC-4210,PA Labor Cost OCT-25,Maria Delgado,3.0,Analysis & Design,3.1,Modeling,Field,Timecard,US-Southeast Engineering,Field Staff Labor,OCT-25,10/23/2025,10/23/2025,31401333,39.5,2607,990.66,0,0,161.89,3759.55,Y,Billed,INV-502-018,
USA Infrastructure,Transportation,Highways,CC-4205,Maria Delgado,700248,SR-417 Widening PD&E Study,"Garcia, Luis",E10677,CC-4210,PA Labor Cost OCT-25,Maria Delgado,3.0,Analysis & Design,3.1,Design Development,Field,Timecard,US-Southeast Engineering,Field Staff Labor,OCT-25,10/24/2025,10/22/2025,31400807,67,3886,1476.68,0,0,241.32,5604,Y,Billed,INV-248-018,
USA Infrastructure,Transportation,Highways,CC-4205,Maria Delgado,700248,SR-417 Widening PD&E Study,"Chen, Wei",E10455,CC-4205,PA Labor Cost OCT-25,Maria Delgado,4.0,Deliverables & Reports,4.2,Final Report,Home,Timecard,US-Southeast Engineering,Professional Staff Labor,OCT-25,10/24/2025,10/22/2025,31400811,26,2392,908.96,0,0,148.54,3449.5,Y,Billed,INV-248-018,
USA Infrastructure,Transportation,Aviation,CC-4230,Maria Delgado,700502,Airport APM Guideway Rehab,"Brown, Marcus",E10803,CC-4112,PA Labor Cost OCT-25,Maria Delgado,5.0,Field Services,5.2,CEI Support,Home,Timecard,US-Southeast Engineering,Professional Staff Labor,OCT-25,10/24/2025,10/23/2025,31401330,28,2380,904.4,0,0,147.8,3432.2,Y,Billed,INV-502-018,
USA Infrastructure,Water,Treatment,CC-4101,Jordan Arafat,700123,Lakeview WTP Phase 2 Design,"Chen, Wei",E10455,CC-4205,PA Labor Cost OCT-25,Jordan Arafat,1.0,Project Management,1.2,Meetings & Coordination,Home,Timecard,US-Southeast Engineering,Professional Staff Labor,OCT-25,10/25/2025,10/24/2025,31400617,47,4324,1643.12,0,0,268.52,6235.64,Y,Billed,INV-123-018,
USA Infrastructure,Transportation,Bridges,CC-4210,Jordan Arafat,700301,Coastal Bridge Inspection Program,"Nguyen, Thao",E10742,CC-4210,PA Expense Cost OCT-25,Jordan Arafat,2.0,Data Collection & Survey,2.1,Survey,Field,Expense Report,US-Southeast Engineering,Software & Data,OCT-25,10/25/2025,10/25/2025,31401002,0,0,0,0,3602.5,162.11,3764.61,Y,Billed,INV-301-018,
USA Infrastructure,Water,Stormwater,CC-4112,Sam Whitfield,700415,Downtown Stormwater Master Plan,"Chen, Wei",E10455,CC-4205,PA Labor Cost OCT-25,Sam Whitfield,2.0,Data Collection & Survey,2.2,Survey,Home,Timecard,US-Southeast Engineering,Professional Staff Labor,OCT-25,10/25/2025,10/23/2025,31401167,15,1380,524.4,0,0,85.7,1990.1,Y,Billed,INV-415-018,
USA Infrastructure,Transportation,Bridges,CC-4210,Jordan Arafat,700301,Coastal Bridge Inspection Program,"Garcia, Luis",E10677,CC-4210,PA Labor Cost OCT-25,Jordan Arafat,1.0,Project Management,1.1,Meetings & Coordination,Field,Timecard,US-Southeast Engineering,Field Staff Labor,OCT-25,10/26/2025,10/25/2025,31400996,43.5,2523,958.74,0,0,156.68,3638.42,Y,Billed,INV-301-018,
USA Infrastructure,Transportation,Highways,CC-4205,Maria Delgado,700248,SR-417 Widening PD&E Study,"Rivera, Sofia",E11138,CC-4230,PA Expense Cost OCT-25,Maria Delgado,2.0,Data Collection & Survey,2.1,Survey,Home,Expense Report,US-Southeast Engineering,Travel & Lodging,OCT-25,10/27/2025,10/26/2025,31400815,0,0,0,0,2316.82,104.26,2421.08,Y,Billed,INV-248-018,
USA Infrastructure,Water,Stormwater,CC-4112,Sam Whitfield,700415,Downtown Stormwater Master Plan,"Brown, Marcus",E10803,CC-4112,PA Labor Cost OCT-25,Sam Whitfield,4.0,Deliverables & Reports,4.1,Final Report,Home,Timecard,US-Southeast Engineering,Professional Staff Labor,OCT-25,10/27/2025,10/26/2025,31401166,37,3145,1195.1,0,0,195.3,4535.4,Y,Billed,INV-415-018,
USA Infrastructure,Transportation,Highways,CC-4205,Maria Delgado,700248,SR-417 Widening PD&E Study,"Patel, Devi",E10518,CC-4205,PA Labor Cost OCT-25,Maria Delgado,4.0,Deliverables & Reports,4.2,Draft Report,Home,Timecard,US-Southeast Engineering,Professional Staff Labor,OCT-25,10/28/2025,10/26/2025,31400808,66,4686,1780.68,0,0,291,6757.68,Y,Billed,INV-248-018,
USA Infrastructure,Transportation,Aviation,CC-4230,Maria Delgado,700502,Airport APM Guideway Rehab,Stratus Aerial Imaging,,,AP Supplier Cost OCT-25,Maria Delgado,3.0,Analysis & Design,3.2,Design Development,Field,Supplier Invoice,US-Southeast Engineering,Subconsultant Services,OCT-25,10/28/2025,10/27/2025,31401339,0,0,0,33218.12,0,1494.82,34712.94,Y,Unbilled,,
USA Infrastructure,Water,Treatment,CC-4101,Jordan Arafat,700123,Lakeview WTP Phase 2 Design,"Smith, Alice",E10231,CC-4101,PA Labor Cost NOV-25,Jordan Arafat,4.0,Deliverables & Reports,4.1,Draft Report,Home,Timecard,US-Southeast Engineering,Professional Staff Labor,NOV-25,11/01/2025,11/01/2025,31400627,48.5,3783,1437.54,0,0,234.92,5455.46,Y,Billed,INV-123-019,
USA Infrastructure,Water,Treatment,CC-4101,Jordan Arafat,700123,Lakeview WTP Phase 2 Design,"Nguyen, Thao",E10742,CC-4210,PA Labor Cost NOV-25,Jordan Arafat,5.0,Field Services,5.1,Inspection,Field,Timecard,US-Southeast Engineering,Field Staff Labor,NOV-25,11/02/2025,11/01/2025,31400625,41,2706,1028.28,0,0,168.04,3902.32,Y,Billed,INV-123-019,
USA Infrastructure,Water,Treatment,CC-4101,Jordan Arafat,700123,Lakeview WTP Phase 2 Design,"Patel, Devi",E10518,CC-4205,PA Expense Cost NOV-25,Jordan Arafat,2.0,Data Collection & Survey,2.1,Survey,Home,Expense Report,US-Southeast Engineering,Field Supplies,NOV-25,11/02/2025,11/01/2025,31400637,0,0,0,0,5730.03,257.85,5987.88,Y,Unbilled,,
USA Infrastructure,Water,Treatment,CC-4101,Jordan Arafat,700123,Lakeview WTP Phase 2 Design,"Jones, Robert",E10342,CC-4101,PA Labor Cost NOV-25,Jordan Arafat,4.0,Deliverables & Reports,4.1,Final Report,Home,Timecard,US-Southeast Engineering,Professional Staff Labor,NOV-25,11/03/2025,11/02/2025,31400624,51,3264,1240.32,0,0,202.69,4707.01,Y,Billed,INV-123-019,
USA Infrastructure,Transportation,Highways,CC-4205,Maria Delgado,700248,SR-417 Widening PD&E Study,"Patel, Devi",E10518,CC-4205,PA Expense Cost NOV-25,Maria Delgado,1.0,Project Management,1.1,Admin,Home,Cost Transfer,US-Southeast Engineering,Professional Staff Labor,NOV-25,11/03/2025,11/01/2025,31400827,-12.4,-880.64,-334.64,0,0,-54.69,-1269.97,Y,Billed,INV-248-019,Transfer to 700249 per PM request
USA Infrastructure,Transportation,Bridges,CC-4210,Jordan Arafat,700301,Coastal Bridge Inspection Program,"Rivera, Sofia",E11138,CC-4230,PA Labor Cost NOV-25,Jordan Arafat,1.0,Project Management,1.2,Admin,Home,Timecard,US-Southeast Engineering,Professional Staff Labor,NOV-25,11/03/2025,11/01/2025,31401013,49,4312,1638.56,0,0,267.78,6218.34,Y,Billed,INV-301-019,
USA Infrastructure,Transportation,Aviation,CC-4230,Maria Delgado,700502,Airport APM Guideway Rehab,"Rivera, Sofia",E11138,CC-4230,PA Expense Cost NOV-25,Maria Delgado,2.0,Data Collection & Survey,2.1,Survey,Home,Expense Report,US-Southeast Engineering,Mileage,NOV-25,11/03/2025,11/03/2025,31401351,0,0,0,0,1999.39,89.97,2089.37,Y,Billed,INV-502-019,
USA Infrastructure,Water,Treatment,CC-4101,Jordan Arafat,700123,Lakeview WTP Phase 2 Design,"O'Neill, Kate",E10911,CC-4112,PA Labor Cost NOV-25,Jordan Arafat,3.0,Analysis & Design,3.1,Design Development,Home,Timecard,US-Southeast Engineering,Professional Staff Labor,NOV-25,11/04/2025,11/04/2025,31400629,19.5,1443,548.34,0,0,89.61,2080.95,Y,Billed,INV-123-019,
USA Infrastructure,Water,Treatment,CC-4101,Jordan Arafat,700123,Lakeview WTP Phase 2 Design,GeoTech Drilling LLC,,,AP Supplier Cost NOV-25,Jordan Arafat,3.0,Analysis & Design,3.2,Design Development,Field,Supplier Invoice,US-Southeast Engineering,Subconsultant Services,NOV-25,11/04/2025,11/03/2025,31400635,0,0,0,3488.28,0,156.97,3645.25,Y,Billed,INV-123-019,
USA Infrastructure,Transportation,Aviation,CC-4230,Maria Delgado,700502,Airport APM Guideway Rehab,"Patel, Devi",E10518,CC-4205,PA Labor Cost NOV-25,Maria Delgado,1.0,Project Management,1.2,Meetings & Coordination,Home,Timecard,US-Southeast Engineering,Professional Staff Labor,NOV-25,11/05/2025,11/03/2025,31401346,25,1775,674.5,0,0,110.23,2559.73,Y,Billed,INV-502-019,
USA Infrastructure,Transportation,Bridges,CC-4210,Jordan Arafat,700301,Coastal Bridge Inspection Program,GeoTech Drilling LLC,,,AP Supplier Cost NOV-25,Jordan Arafat,3.0,Analysis & Design,3.2,Design Development,Field,Supplier Invoice,US-Southeast Engineering,Subconsultant Services,NOV-25,11/06/2025,11/05/2025,31401016,0,0,0,2848.04,0,128.16,2976.2,Y,Billed,INV-301-019,
USA Infrastructure,Transportation,Highways,CC-4205,Maria Delgado,700248,SR-417 Widening PD&E Study,GeoTech Drilling LLC,,,AP Supplier Cost NOV-25,Maria Delgado,3.0,Analysis & Design,3.2,Design Development,Field,Supplier Invoice,US-Southeast Engineering,Subconsultant Services,NOV-25,11/07/2025,11/06/2025,31400824,0,0,0,22726.24,0,1022.68,23748.92,Y,Billed,INV-248-019,
USA Infrastructure,Transportation,Bridges,CC-4210,Jordan Arafat,700301,Coastal Bridge Inspection Program,"Patel, Devi",E10518,CC-4205,PA Labor Cost NOV-25,Jordan Arafat,2.0,Data Collection & Survey,2.1,Utility Locates,Home,Timecard,US-Southeast Engineering,Professional Staff Labor,NOV-25,11/07/2025,11/07/2025,31401011,16,1136,431.68,0,0,70.55,1638.23,Y,Billed,INV-301-019,
USA Infrastructure,Transportation,Bridges,CC-4210,Jordan Arafat,700301,Coastal Bridge Inspection Program,"Jones, Robert",E10342,CC-4101,PA Expense Cost NOV-25,Jordan Arafat,2.0,Data Collection & Survey,2.1,Survey,Home,Expense Report,US-Southeast Engineering,Travel & Lodging,NOV-25,11/07/2025,11/05/2025,31401020,0,0,0,0,1931.16,86.9,2018.06,Y,Unbilled,,
USA Infrastructure,Water,Treatment,CC-4101,Jordan Arafat,700123,Lakeview WTP Phase 2 Design,"Garcia, Luis",E10677,CC-4210,PA Labor Cost NOV-25,Jordan Arafat,5.0,Field Services,5.1,Inspection,Field,Timecard,US-Southeast Engineering,Field Staff Labor,NOV-25,11/08/2025,11/06/2025,31400632,33,1914,727.32,0,0,118.86,2760.18,Y,Billed,INV-123-019,
USA Infrastructure,Transportation,Highways,CC-4205,Maria Delgado,700248,SR-417 Widening PD&E Study,"Garcia, Luis",E10677,CC-4210,PA Labor Cost NOV-25,Maria Delgado,1.0,Project Management,1.1,Meetings & Coordination,Field,Timecard,US-Southeast Engineering,Field Staff Labor,NOV-25,11/08/2025,11/08/2025,31400822,26.5,1537,584.06,0,0,95.45,2216.51,Y,Billed,INV-248-019,
USA Infrastructure,Transportation,Highways,CC-4205,Maria Delgado,700248,SR-417 Widening PD&E Study,"Smith, Alice",E10231,CC-4101,PA Expense Cost NOV-25,Maria Delgado,2.0,Data Collection & Survey,2.1,Survey,Home,Expense Report,US-Southeast Engineering,Software & Data,NOV-25,11/08/2025,11/07/2025,31400825,0,0,0,0,2781.26,125.16,2906.41,N,Billed,INV-248-019,
USA Infrastructure,Transportation,Bridges,CC-4210,Jordan Arafat,700301,Coastal Bridge Inspection Program,TransCore ITS Inc,,,AP Supplier Cost NOV-25,Jordan Arafat,3.0,Analysis & Design,3.2,Design Development,Field,Supplier Invoice,US-Southeast Engineering,Subconsultant Services,NOV-25,11/08/2025,11/06/2025,31401015,0,0,0,8756.6,0,394.05,9150.65,N,Billed,INV-301-019,
USA Infrastructure,Water,Stormwater,CC-4112,Sam Whitfield,700415,Downtown Stormwater Master Plan,"Smith, Alice",E10231,CC-4101,PA Labor Cost NOV-25,Sam Whitfield,1.0,Project Management,1.1,Admin,Home,Timecard,US-Southeast Engineering,Professional Staff Labor,NOV-25,11/08/2025,11/08/2025,31401186,60,4680,1778.4,0,0,290.63,6749.03,Y,Billed,INV-415-019,
USA Infrastructure,Water,Stormwater,CC-4112,Sam Whitfield,700415,Downtown Stormwater Master Plan,"Rivera, Sofia",E11138,CC-4230,PA Labor Cost NOV-25,Sam Whitfield,5.0,Field Services,5.1,CEI Support,Home,Timecard,US-Southeast Engineering,Professional Staff Labor,NOV-25,11/09/2025,11/08/2025,31401182,36.5,3212,1220.56,0,0,199.47,4632.03,Y,Billed,INV-415-019,
USA Infrastructure,Water,Stormwater,CC-4112,Sam Whitfield,700415,Downtown Stormwater Master Plan,"Rivera, Sofia",E11138,CC-4230,PA Expense Cost NOV-25,Sam Whitfield,2.0,Data Collection & Survey,2.1,Survey,Home,Expense Report,US-Southeast Engineering,Mileage,NOV-25,11/09/2025,11/09/2025,31401193,0,0,0,0,150.12,6.76,156.88,Y,Billed,INV-415-019,
USA Infrastructure,Water,Treatment,CC-4101,Jordan Arafat,700123,Lakeview WTP Phase 2 Design,"Kowalski, Jan",E11024,CC-4230,PA Labor Cost NOV-25,Jordan Arafat,2.0,Data Collection & Survey,2.2,Utility Locates,Field,Timecard,US-Southeast Engineering,Field Staff Labor,NOV-25,11/10/2025,11/08/2025,31400626,26,1586,602.68,0,0,98.49,2287.17,Y,Billed,INV-123-019,
USA Infrastructure,Water,Stormwater,CC-4112,Sam Whitfield,700415,Downtown Stormwater Master Plan,GeoTech Drilling LLC,,,AP Supplier Cost NOV-25,Sam Whitfield,3.0,Analysis & Design,3.2,Design Development,Field,Supplier Invoice,US-Southeast Engineering,Subconsultant Services,NOV-25,11/10/2025,11/08/2025,31401188,0,0,0,678.25,0,30.52,708.77,Y,Billed,INV-415-019,
USA Infrastructure,Water,Treatment,CC-4101,Jordan Arafat,700123,Lakeview WTP Phase 2 Design,BlueWater Environmental,,,AP Supplier Cost NOV-25,Jordan Arafat,3.0,Analysis & Design,3.2,Design Development,Field,Supplier Invoice,US-Southeast Engineering,Subconsultant Services,NOV-25,11/11/2025,11/09/2025,31400636,0,0,0,6029.64,0,271.33,6300.97,Y,Unbilled,,
USA Infrastructure,Water,Treatment,CC-4101,Jordan Arafat,700123,Lakeview WTP Phase 2 Design,"Patel, Devi",E10518,CC-4205,PA Expense Cost NOV-25,Jordan Arafat,2.0,Data Collection & Survey,2.1,Survey,Home,Expense Report,US-Southeast Engineering,Field Supplies,NOV-25,11/11/2025,11/09/2025,31400638,0,0,0,0,8436.39,379.64,8816.03,Y,Billed,INV-123-019,
USA Infrastructure,Water,Stormwater,CC-4112,Sam Whitfield,700415,Downtown Stormwater Master Plan,"Garcia, Luis",E10677,CC-4210,PA Labor Cost NOV-25,Sam Whitfield,1.0,Project Management,1.2,Meetings & Coordination,Field,Timecard,US-Southeast Engineering,Field Staff Labor,NOV-25,11/11/2025,11/11/2025,31401181,12.5,725,275.5,0,0,45.02,1045.52,Y,Billed,INV-415-019,
USA Infrastructure,Water,Stormwater,CC-4112,Sam Whitfield,700415,Downtown Stormwater Master Plan,"Garcia, Luis",E10677,CC-4210,PA Expense Cost NOV-25,Sam Whitfield,2.0,Data Collection & Survey,2.1,Survey,Field,Expense Report,US-Southeast Engineering,Field Supplies,NOV-25,11/11/2025,11/11/2025,31401190,0,0,0,0,2180.36,98.12,2278.48,Y,Unbilled,,
USA Infrastructure,Transportation,Aviation,CC-4230,Maria Delgado,700502,Airport APM Guideway Rehab,"Nguyen, Thao",E10742,CC-4210,PA Expense Cost NOV-25,Maria Delgado,2.0,Data Collection & Survey,2.1,Survey,Field,Expense Report,US-Southeast Engineering,Travel & Lodging,NOV-25,11/12/2025,11/12/2025,31401352,0,0,0,0,914.71,41.16,955.88,Y,Billed,INV-502-019,
USA Infrastructure,Transportation,Bridges,CC-4210,Jordan Arafat,700301,Coastal Bridge Inspection Program,"Jones, Robert",E10342,CC-4101,PA Labor Cost NOV-25,Jordan Arafat,3.0,Analysis & Design,3.2,Modeling,Home,Timecard,US-Southeast Engineering,Professional Staff Labor,NOV-25,11/13/2025,11/13/2025,31401012,42.5,2720,1033.6,0,0,168.91,3922.51,Y,Billed,INV-301-019,
USA Infrastructure,Transportation,Bridges,CC-4210,Jordan Arafat,700301,Coastal Bridge Inspection Program,"Brown, Marcus",E10803,CC-4112,PA Labor Cost NOV-25,Jordan Arafat,5.0,Field Services,5.1,Inspection,Home,Timecard,US-Southeast Engineering,Professional Staff Labor,NOV-25,11/14/2025,11/12/2025,31401010,60,5100,1938,0,0,316.71,7354.71,Y,Billed,INV-301-019,
USA Infrastructure,Transportation,Bridges,CC-4210,Jordan Arafat,700301,Coastal Bridge Inspection Program,"Brown, Marcus",E10803,CC-4112,PA Expense Cost NOV-25,Jordan Arafat,2.0,Data Collection & Survey,2.1,Survey,Home,Expense Report,US-Southeast Engineering,Software & Data,NOV-25,11/14/2025,11/14/2025,31401019,0,0,0,0,1885.6,84.85,1970.46,Y,Billed,INV-301-019,
USA Infrastructure,Water,Stormwater,CC-4112,Sam Whitfield,700415,Downtown Stormwater Master Plan,"Rivera, Sofia",E11138,CC-4230,PA Labor Cost NOV-25,Sam Whitfield,4.0,Deliverables & Reports,4.1,Final Report,Home,Timecard,US-Southeast Engineering,Professional Staff Labor,NOV-25,11/14/2025,11/13/2025,31401179,27.5,2420,919.6,0,0,150.28,3489.88,Y,Billed,INV-415-019,
USA Infrastructure,Water,Treatment,CC-4101,Jordan Arafat,700123,Lakeview WTP Phase 2 Design,"Garcia, Luis",E10677,CC-4210,PA Labor Cost NOV-25,Jordan Arafat,3.0,Analysis & Design,3.2,Design Development,Field,Timecard,US-Southeast Engineering,Field Staff Labor,NOV-25,11/15/2025,11/15/2025,31400623,55.5,3219,1223.22,0,0,199.9,4642.12,Y,Billed,INV-123-019,
USA Infrastructure,Water,Stormwater,CC-4112,Sam Whitfield,700415,Downtown Stormwater Master Plan,"Kowalski, Jan",E11024,CC-4230,PA Labor Cost NOV-25,Sam Whitfield,2.0,Data Collection & Survey,2.2,Utility Locates,Field,Timecard,US-Southeast Engineering,Field Staff Labor,NOV-25,11/15/2025,11/13/2025,31401184,27,1647,625.86,0,0,102.28,2375.14,Y,Billed,INV-415-019,
USA Infrastructure,Transportation,Aviation,CC-4230,Maria Delgado,700502,Airport APM Guideway Rehab,"Nguyen, Thao",E10742,CC-4210,PA Labor Cost NOV-25,Maria Delgado,4.0,Deliverables & Reports,4.2,Final Report,Field,Timecard,US-Southeast Engineering,Field Staff Labor,NOV-25,11/15/2025,11/15/2025,31401344,17.5,1155,438.9,0,0,71.73,1665.63,Y,Unbilled,,
USA Infrastructure,Transportation,Highways,CC-4205,Maria Delgado,700248,SR-417 Widening PD&E Study,"Chen, Wei",E10455,CC-4205,PA Labor Cost NOV-25,Maria Delgado,5.0,Field Services,5.2,Inspection,Home,Timecard,US-Southeast Engineering,Professional Staff Labor,NOV-25,11/16/2025,11/14/2025,31400820,8,736,279.68,0,0,45.71,1061.39,Y,Billed,INV-248-019,
USA Infrastructure,Water,Stormwater,CC-4112,Sam Whitfield,700415,Downtown Stormwater Master Plan,"Jones, Robert",E10342,CC-4101,PA Labor Cost NOV-25,Sam Whitfield,5.0,Field Services,5.2,CEI Support,Home,Timecard,US-Southeast Engineering,Professional Staff Labor,NOV-25,11/16/2025,11/14/2025,31401180,56.5,3616,1374.08,0,0,224.55,5214.63,Y,Billed,INV-415-019,
USA Infrastructure,Transportation,Aviation,CC-4230,Maria Delgado,700502,Airport APM Guideway Rehab,"Patel, Devi",E10518,CC-4205,PA Expense Cost NOV-25,Maria Delgado,2.0,Data Collection & Survey,2.1,Survey,Home,Expense Report,US-Southeast Engineering,Reproduction,NOV-25,11/16/2025,11/14/2025,31401353,0,0,0,0,2143.82,96.47,2240.29,Y,Billed,INV-502-019,
USA Infrastructure,Transportation,Bridges,CC-4210,Jordan Arafat,700301,Coastal Bridge Inspection Program,"Jones, Robert",E10342,CC-4101,PA Expense Cost NOV-25,Jordan Arafat,2.0,Data Collection & Survey,2.1,Survey,Home,Expense Report,US-Southeast Engineering,Travel & Lodging,NOV-25,11/17/2025,11/16/2025,31401021,0,0,0,0,2762.74,124.32,2887.06,Y,Billed,INV-301-019,
USA Infrastructure,Water,Stormwater,CC-4112,Sam Whitfield,700415,Downtown Stormwater Master Plan,TransCore ITS Inc,,,AP Supplier Cost NOV-25,Sam Whitfield,3.0,Analysis & Design,3.2,Design Development,Field,Supplier Invoice,US-Southeast Engineering,Subconsultant Services,NOV-25,11/18/2025,11/18/2025,31401189,0,0,0,623.97,0,28.08,652.05,Y,Billed,INV-415-019,
USA Infrastructure,Water,Stormwater,CC-4112,Sam Whitfield,700415,Downtown Stormwater Master Plan,"Rivera, Sofia",E11138,CC-4230,PA Expense Cost NOV-25,Sam Whitfield,2.0,Data Collection & Survey,2.1,Survey,Home,Expense Report,US-Southeast Engineering,Mileage,NOV-25,11/18/2025,11/17/2025,31401194,0,0,0,0,179.96,8.1,188.06,Y,Billed,INV-415-019,
USA Infrastructure,Transportation,Highways,CC-4205,Maria Delgado,700248,SR-417 Widening PD&E Study,"Kowalski, Jan",E11024,CC-4230,PA Expense Cost NOV-25,Maria Delgado,2.0,Data Collection & Survey,2.1,Survey,Field,Expense Report,US-Southeast Engineering,Mileage,NOV-25,11/19/2025,11/18/2025,31400826,0,0,0,0,6958.56,313.14,7271.7,Y,Billed,INV-248-019,
USA Infrastructure,Transportation,Aviation,CC-4230,Maria Delgado,700502,Airport APM Guideway Rehab,GeoTech Drilling LLC,,,AP Supplier Cost NOV-25,Maria Delgado,3.0,Analysis & Design,3.2,Design Development,Field,Supplier Invoice,US-Southeast Engineering,Subconsultant Services,NOV-25,11/19/2025,11/17/2025,31401350,0,0,0,30347.53,0,1365.64,31713.17,Y,Billed,INV-502-019,
USA Infrastructure,Water,Treatment,CC-4101,Jordan Arafat,700123,Lakeview WTP Phase 2 Design,BlueWater Environmental,,,AP Supplier Cost NOV-25,Jordan Arafat,3.0,Analysis & Design,3.2,Design Development,Field,Supplier Invoice,US-Southeast Engineering,Subconsultant Services,NOV-25,11/20/2025,11/20/2025,31400634,0,0,0,9370.65,0,421.68,9792.33,Y,Billed,INV-123-019,
USA Infrastructure,Transportation,Bridges,CC-4210,Jordan Arafat,700301,Coastal Bridge Inspection Program,"Chen, Wei",E10455,CC-4205,PA Expense Cost NOV-25,Jordan Arafat,2.0,Data Collection & Survey,2.1,Survey,Home,Expense Report,US-Southeast Engineering,Software & Data,NOV-25,11/20/2025,11/18/2025,31401018,0,0,0,0,5257.23,236.58,5493.8,Y,Billed,INV-301-019,
USA Infrastructure,Transportation,Bridges,CC-4210,Jordan Arafat,700301,Coastal Bridge Inspection Program,"Patel, Devi",E10518,CC-4205,PA Labor Cost NOV-25,Jordan Arafat,4.0,Deliverables & Reports,4.2,Draft Report,Home,Timecard,US-Southeast Engineering,Professional Staff Labor,NOV-25,11/21/2025,11/19/2025,31401008,71.5,5076.5,1929.07,0,0,315.25,7320.82,Y,Billed,INV-301-019,
USA Infrastructure,Transportation,Bridges,CC-4210,Jordan Arafat,700301,Coastal Bridge Inspection Program,"Chen, Wei",E10455,CC-4205,PA Labor Cost NOV-25,Jordan Arafat,4.0,Deliverables & Reports,4.2,Final Report,Home,Timecard,US-Southeast Engineering,Professional Staff Labor,NOV-25,11/21/2025,11/20/2025,31401014,9,828,314.64,0,0,51.42,1194.06,Y,Billed,INV-301-019,
USA Infrastructure,Water,Stormwater,CC-4112,Sam Whitfield,700415,Downtown Stormwater Master Plan,"Garcia, Luis",E10677,CC-4210,PA Labor Cost NOV-25,Sam Whitfield,3.0,Analysis & Design,3.2,Design Development,Field,Timecard,US-Southeast Engineering,Field Staff Labor,NOV-25,11/21/2025,11/19/2025,31401183,29,1682,639.16,0,0,104.45,2425.61,Y,Billed,INV-415-019,
USA Infrastructure,Transportation,Aviation,CC-4230,Maria Delgado,700502,Airport APM Guideway Rehab,"Rivera, Sofia",E11138,CC-4230,PA Labor Cost NOV-25,Maria Delgado,3.0,Analysis & Design,3.2,Design Development,Home,Timecard,US-Southeast Engineering,Professional Staff Labor,NOV-25,11/21/2025,11/21/2025,31401348,66.5,5852,2223.76,0,0,363.41,8439.17,Y,Billed,INV-502-019,
USA Infrastructure,Transportation,Highways,CC-4205,Maria Delgado,700248,SR-417 Widening PD&E Study,"Kowalski, Jan",E11024,CC-4230,PA Labor Cost NOV-25,Maria Delgado,1.0,Project Management,1.2,Meetings & Coordination,Field,Timecard,US-Southeast Engineering,Field Staff Labor,NOV-25,11/22/2025,11/21/2025,31400817,55.5,3385.5,1286.49,0,0,210.24,4882.23,Y,Billed,INV-248-019,
USA Infrastructure,Transportation,Highways,CC-4205,Maria Delgado,700248,SR-417 Widening PD&E Study,"Kowalski, Jan",E11024,CC-4230,PA Labor Cost NOV-25,Maria Delgado,5.0,Field Services,5.1,Inspection,Field,Timecard,US-Southeast Engineering,Field Staff Labor,NOV-25,11/22/2025,11/21/2025,31400819,61.5,3751.5,1425.57,0,0,232.97,5410.04,Y,Billed,INV-248-019,
USA Infrastructure,Transportation,Highways,CC-4205,Maria Delgado,700248,SR-417 Widening PD&E Study,"Smith, Alice",E10231,CC-4101,PA Labor Cost NOV-25,Maria Delgado,2.0,Data Collection & Survey,2.1,Utility Locates,Home,Timecard,US-Southeast Engineering,Professional Staff Labor,NOV-25,11/23/2025,11/21/2025,31400821,50.5,3939,1496.82,0,0,244.61,5680.43,Y,Billed,INV-248-019,
USA Infrastructure,Water,Stormwater,CC-4112,Sam Whitfield,700415,Downtown Stormwater Master Plan,"Brown, Marcus",E10803,CC-4112,PA Expense Cost NOV-25,Sam Whitfield,2.0,Data Collection & Survey,2.1,Survey,Home,Expense Report,US-Southeast Engineering,Mileage,NOV-25,11/23/2025,11/22/2025,31401192,0,0,0,0,420.66,18.93,439.59,Y,Billed,INV-415-019,
USA Infrastructure,Transportation,Highways,CC-4205,Maria Delgado,700248,SR-417 Widening PD&E Study,"Brown, Marcus",E10803,CC-4112,PA Labor Cost NOV-25,Maria Delgado,3.0,Analysis & Design,3.1,Modeling,Home,Timecard,US-Southeast Engineering,Professional Staff Labor,NOV-25,11/24/2025,11/23/2025,31400818,54,4590,1744.2,0,0,285.04,6619.24,Y,Billed,INV-248-019,
USA Infrastructure,Transportation,Bridges,CC-4210,Jordan Arafat,700301,Coastal Bridge Inspection Program,"Patel, Devi",E10518,CC-4205,PA Expense Cost NOV-25,Jordan Arafat,2.0,Data Collection & Survey,2.1,Survey,Home,Expense Report,US-Southeast Engineering,Mileage,NOV-25,11/24/2025,11/22/2025,31401022,0,0,0,0,2265.95,101.97,2367.91,Y,Billed,INV-301-019,
USA Infrastructure,Water,Stormwater,CC-4112,Sam Whitfield,700415,Downtown Stormwater Master Plan,"Chen, Wei",E10455,CC-4205,PA Expense Cost NOV-25,Sam Whitfield,2.0,Data Collection & Survey,2.1,Survey,Home,Expense Report,US-Southeast Engineering,Reproduction,NOV-25,11/24/2025,11/22/2025,31401191,0,0,0,0,922.96,41.53,964.49,Y,Billed,INV-415-019,
USA Infrastructure,Transportation,Aviation,CC-4230,Maria Delgado,700502,Airport APM Guideway Rehab,"Chen, Wei",E10455,CC-4205,PA Labor Cost NOV-25,Maria Delgado,5.0,Field Services,5.1,CEI Support,Home,Timecard,US-Southeast Engineering,Professional Staff Labor,NOV-25,11/24/2025,11/24/2025,31401349,6.5,598,227.24,0,0,37.14,862.38,N,Billed,INV-502-019,
USA Infrastructure,Water,Treatment,CC-4101,Jordan Arafat,700123,Lakeview WTP Phase 2 Design,"Jones, Robert",E10342,CC-4101,PA Labor Cost NOV-25,Jordan Arafat,3.0,Analysis & Design,3.2,Design Development,Home,Timecard,US-Southeast Engineering,Professional Staff Labor,NOV-25,11/25/2025,11/23/2025,31400628,38,2432,924.16,0,0,151.03,3507.19,Y,Billed,INV-123-019,
USA Infrastructure,Transportation,Highways,CC-4205,Maria Delgado,700248,SR-417 Widening PD&E Study,"Brown, Marcus",E10803,CC-4112,PA Labor Cost NOV-25,Maria Delgado,1.0,Project Management,1.1,Admin,Home,Timecard,US-Southeast Engineering,Professional Staff Labor,NOV-25,11/26/2025,11/25/2025,31400823,42,3570,1356.6,0,0,221.7,5148.3,Y,Billed,INV-248-019,
USA Infrastructure,Water,Stormwater,CC-4112,Sam Whitfield,700415,Downtown Stormwater Master Plan,BlueWater Environmental,,,AP Supplier Cost NOV-25,Sam Whitfield,3.0,Analysis & Design,3.2,Design Development,Field,Supplier Invoice,US-Southeast Engineering,Subconsultant Services,NOV-25,11/26/2025,11/25/2025,31401187,0,0,0,1781.03,0,80.15,1861.17,Y,Billed,INV-415-019,
USA Infrastructure,Transportation,Aviation,CC-4230,Maria Delgado,700502,Airport APM Guideway Rehab,"Garcia, Luis",E10677,CC-4210,PA Labor Cost NOV-25,Maria Delgado,3.0,Analysis & Design,3.2,Design Development,Field,Timecard,US-Southeast Engineering,Field Staff Labor,NOV-25,11/26/2025,11/25/2025,31401347,21,1218,462.84,0,0,75.64,1756.48,N,Billed,INV-502-019,
USA Infrastructure,Water,Treatment,CC-4101,Jordan Arafat,700123,Lakeview WTP Phase 2 Design,"Chen, Wei",E10455,CC-4205,PA Labor Cost NOV-25,Jordan Arafat,5.0,Field Services,5.1,CEI Support,Home,Timecard,US-Southeast Engineering,Professional Staff Labor,NOV-25,11/27/2025,11/25/2025,31400630,65,5980,2272.4,0,0,371.36,8623.76,Y,Billed,INV-123-019,
USA Infrastructure,Water,Treatment,CC-4101,Jordan Arafat,700123,Lakeview WTP Phase 2 Design,"Chen, Wei",E10455,CC-4205,PA Labor Cost NOV-25,Jordan Arafat,3.0,Analysis & Design,3.1,Design Development,Home,Timecard,US-Southeast Engineering,Professional Staff Labor,NOV-25,11/27/2025,11/25/2025,31400631,39,3588,1363.44,0,0,222.81,5174.25,Y,Billed,INV-123-019,
USA Infrastructure,Water,Treatment,CC-4101,Jordan Arafat,700123,Lakeview WTP Phase 2 Design,"Rivera, Sofia",E11138,CC-4230,PA Labor Cost NOV-25,Jordan Arafat,3.0,Analysis & Design,3.2,Modeling,Home,Timecard,US-Southeast Engineering,Professional Staff Labor,NOV-25,11/27/2025,11/27/2025,31400633,30,2640,1003.2,0,0,163.94,3807.14,Y,Billed,INV-123-019,
USA Infrastructure,Transportation,Bridges,CC-4210,Jordan Arafat,700301,Coastal Bridge Inspection Program,"Nguyen, Thao",E10742,CC-4210,PA Labor Cost NOV-25,Jordan Arafat,4.0,Deliverables & Reports,4.2,Draft Report,Field,Timecard,US-Southeast Engineering,Field Staff Labor,NOV-25,11/27/2025,11/26/2025,31401007,23,1518,576.84,0,0,94.27,2189.11,Y,Billed,INV-301-019,
USA Infrastructure,Water,Stormwater,CC-4112,Sam Whitfield,700415,Downtown Stormwater Master Plan,"O'Neill, Kate",E10911,CC-4112,PA Labor Cost NOV-25,Sam Whitfield,1.0,Project Management,1.2,Admin,Home,Timecard,US-Southeast Engineering,Professional Staff Labor,NOV-25,11/27/2025,11/25/2025,31401185,43,3182,1209.16,0,0,197.6,4588.76,Y,Billed,INV-415-019,
USA Infrastructure,Transportation,Aviation,CC-4230,Maria Delgado,700502,Airport APM Guideway Rehab,"Nguyen, Thao",E10742,CC-4210,PA Labor Cost NOV-25,Maria Delgado,5.0,Field Services,5.1,Inspection,Field,Timecard,US-Southeast Engineering,Field Staff Labor,NOV-25,11/27/2025,11/27/2025,31401345,69.5,4587,1743.06,0,0,284.85,6614.91,Y,Billed,INV-502-019,
USA Infrastructure,Transportation,Bridges,CC-4210,Jordan Arafat,700301,Coastal Bridge Inspection Program,"Kowalski, Jan",E11024,CC-4230,PA Labor Cost NOV-25,Jordan Arafat,4.0,Deliverables & Reports,4.1,Final Report,Field,Timecard,US-Southeast Engineering,Field Staff Labor,NOV-25,11/28/2025,11/27/2025,31401009,14,854,324.52,0,0,53.03,1231.55,Y,Billed,INV-301-019,
USA Infrastructure,Transportation,Bridges,CC-4210,Jordan Arafat,700301,Coastal Bridge Inspection Program,GeoTech Drilling LLC,,,AP Supplier Cost NOV-25,Jordan Arafat,3.0,Analysis & Design,3.2,Design Development,Field,Supplier Invoice,US-Southeast Engineering,Subconsultant Services,NOV-25,11/28/2025,11/26/2025,31401017,0,0,0,6023.71,0,271.07,6294.77,Y,Billed,INV-301-019,
USA Infrastructure,Water,Stormwater,CC-4112,Sam Whitfield,700415,Downtown Stormwater Master Plan,TransCore ITS Inc,,,AP Supplier Cost DEC-25,Sam Whitfield,3.0,Analysis & Design,3.2,Design Development,Field,Supplier Invoice,US-Southeast Engineering,Subconsultant Services,DEC-25,12/01/2025,12/01/2025,31401205,0,0,0,2149.26,0,96.72,2245.98,Y,Unbilled,,
USA Infrastructure,Water,Stormwater,CC-4112,Sam Whitfield,700415,Downtown Stormwater Master Plan,"Patel, Devi",E10518,CC-4205,PA Expense Cost DEC-25,Sam Whitfield,2.0,Data Collection & Survey,2.1,Survey,Home,Expense Report,US-Southeast Engineering,Mileage,DEC-25,12/01/2025,12/01/2025,31401208,0,0,0,0,797.63,35.89,833.52,Y,Billed,INV-415-020,
USA Infrastructure,Transportation,Highways,CC-4205,Maria Delgado,700248,SR-417 Widening PD&E Study,"Patel, Devi",E10518,CC-4205,PA Labor Cost DEC-25,Maria Delgado,1.0,Project Management,1.1,Admin,Home,Timecard,US-Southeast Engineering,Professional Staff Labor,DEC-25,12/03/2025,12/03/2025,31400831,26,1846,701.48,0,0,114.64,2662.12,Y,Billed,INV-248-020,
USA Infrastructure,Water,Stormwater,CC-4112,Sam Whitfield,700415,Downtown Stormwater Master Plan,"O'Neill, Kate",E10911,CC-4112,PA Labor Cost DEC-25,Sam Whitfield,3.0,Analysis & Design,3.2,Design Development,Home,Timecard,US-Southeast Engineering,Professional Staff Labor,DEC-25,12/03/2025,12/03/2025,31401199,34,2516,956.08,0,0,156.24,3628.32,Y,Billed,INV-415-020,
USA Infrastructure,Water,Stormwater,CC-4112,Sam Whitfield,700415,Downtown Stormwater Master Plan,"O'Neill, Kate",E10911,CC-4112,PA Labor Cost DEC-25,Sam Whitfield,4.0,Deliverables & Reports,4.2,Final Report,Home,Timecard,US-Southeast Engineering,Professional Staff Labor,DEC-25,12/03/2025,12/02/2025,31401203,11.5,851,323.38,0,0,52.85,1227.23,Y,Billed,INV-415-020,
USA Infrastructure,Water,Stormwater,CC-4112,Sam Whitfield,700415,Downtown Stormwater Master Plan,"O'Neill, Kate",E10911,CC-4112,PA Expense Cost DEC-25,Sam Whitfield,2.0,Data Collection & Survey,2.1,Survey,Home,Expense Report,US-Southeast Engineering,Reproduction,DEC-25,12/03/2025,12/01/2025,31401210,0,0,0,0,839.05,37.76,876.81,Y,Billed,INV-415-020,
USA Infrastructure,Water,Treatment,CC-4101,Jordan Arafat,700123,Lakeview WTP Phase 2 Design,"Rivera, Sofia",E11138,CC-4230,PA Expense Cost DEC-25,Jordan Arafat,2.0,Data Collection & Survey,2.1,Survey,Home,Expense Report,US-Southeast Engineering,Field Supplies,DEC-25,12/04/2025,12/02/2025,31400651,0,0,0,0,6217.27,279.78,6497.05,Y,Billed,INV-123-020,
USA Infrastructure,Water,Treatment,CC-4101,Jordan Arafat,700123,Lakeview WTP Phase 2 Design,"Chen, Wei",E10455,CC-4205,PA Expense Cost DEC-25,Jordan Arafat,2.0,Data Collection & Survey,2.1,Survey,Home,Expense Report,US-Southeast Engineering,Mileage,DEC-25,12/04/2025,12/04/2025,31400654,0,0,0,0,587.99,26.46,614.44,Y,Billed,INV-123-020,
USA Infrastructure,Water,Treatment,CC-4101,Jordan Arafat,700123,Lakeview WTP Phase 2 Design,"Kowalski, Jan",E11024,CC-4230,PA Expense Cost DEC-25,Jordan Arafat,2.0,Data Collection & Survey,2.1,Survey,Field,Expense Report,US-Southeast Engineering,Travel & Lodging,DEC-25,12/04/2025,12/04/2025,31400655,0,0,0,0,1456.25,65.53,1521.78,Y,Billed,INV-123-020,
USA Infrastructure,Transportation,Highways,CC-4205,Maria Delgado,700248,SR-417 Widening PD&E Study,"Chen, Wei",E10455,CC-4205,PA Labor Cost DEC-25,Maria Delgado,5.0,Field Services,5.2,Inspection,Home,Timecard,US-Southeast Engineering,Professional Staff Labor,DEC-25,12/04/2025,12/03/2025,31400828,42.5,3910,1485.8,0,0,242.81,5638.61,Y,Billed,INV-248-020,
USA Infrastructure,Transportation,Highways,CC-4205,Maria Delgado,700248,SR-417 Widening PD&E Study,"Kowalski, Jan",E11024,CC-4230,PA Labor Cost DEC-25,Maria Delgado,3.0,Analysis & Design,3.1,Design Development,Field,Timecard,US-Southeast Engineering,Field Staff Labor,DEC-25,12/04/2025,12/04/2025,31400837,61,3721,1413.98,0,0,231.07,5366.05,Y,Billed,INV-248-020,
USA Infrastructure,Transportation,Bridges,CC-4210,Jordan Arafat,700301,Coastal Bridge Inspection Program,"Garcia, Luis",E10677,CC-4210,PA Expense Cost DEC-25,Jordan Arafat,2.0,Data Collection & Survey,2.1,Survey,Field,Expense Report,US-Southeast Engineering,Travel & Lodging,DEC-25,12/05/2025,12/05/2025,31401033,0,0,0,0,6633.23,298.5,6931.73,N,Billed,INV-301-020,
USA Infrastructure,Transportation,Highways,CC-4205,Maria Delgado,700248,SR-417 Widening PD&E Study,TransCore ITS Inc,,,AP Supplier Cost DEC-25,Maria Delgado,3.0,Analysis & Design,3.2,Design Development,Field,Supplier Invoice,US-Southeast Engineering,Subconsultant Services,DEC-25,12/06/2025,12/04/2025,31400839,0,0,0,10125.41,0,455.64,10581.05,Y,Billed,INV-248-020,
USA Infrastructure,Transportation,Bridges,CC-4210,Jordan Arafat,700301,Coastal Bridge Inspection Program,GeoTech Drilling LLC,,,AP Supplier Cost DEC-25,Jordan Arafat,3.0,Analysis & Design,3.2,Design Development,Field,Supplier Invoice,US-Southeast Engineering,Subconsultant Services,DEC-25,12/06/2025,12/06/2025,31401031,0,0,0,3920.52,0,176.42,4096.94,Y,Billed,INV-301-020,
USA Infrastructure,Water,Stormwater,CC-4112,Sam Whitfield,700415,Downtown Stormwater Master Plan,"Kowalski, Jan",E11024,CC-4230,PA Labor Cost DEC-25,Sam Whitfield,4.0,Deliverables & Reports,4.1,Draft Report,Field,Timecard,US-Southeast Engineering,Field Staff Labor,DEC-25,12/06/2025,12/05/2025,31401198,40,2440,927.2,0,0,151.52,3518.72,Y,Billed,INV-415-020,
USA Infrastructure,Transportation,Highways,CC-4205,Maria Delgado,700248,SR-417 Widening PD&E Study,"Rivera, Sofia",E11138,CC-4230,PA Expense Cost DEC-25,Maria Delgado,2.0,Data Collection & Survey,2.1,Survey,Home,Expense Report,US-Southeast Engineering,Reproduction,DEC-25,12/07/2025,12/06/2025,31400842,0,0,0,0,5059.42,227.67,5287.1,Y,Billed,INV-248-020,
USA Infrastructure,Transportation,Bridges,CC-4210,Jordan Arafat,700301,Coastal Bridge Inspection Program,"Patel, Devi",E10518,CC-4205,PA Labor Cost DEC-25,Jordan Arafat,1.0,Project Management,1.2,Admin,Home,Timecard,US-Southeast Engineering,Professional Staff Labor,DEC-25,12/07/2025,12/05/2025,31401028,8.5,603.5,229.33,0,0,37.48,870.31,Y,Billed,INV-301-020,
USA Infrastructure,Water,Stormwater,CC-4112,Sam Whitfield,700415,Downtown Stormwater Master Plan,"Garcia, Luis",E10677,CC-4210,PA Labor Cost DEC-25,Sam Whitfield,2.0,Data Collection & Survey,2.2,Utility Locates,Field,Timecard,US-Southeast Engineering,Field Staff Labor,DEC-25,12/07/2025,12/06/2025,31401195,64,3712,1410.56,0,0,230.52,5353.08,N,Billed,INV-415-020,
USA Infrastructure,Water,Treatment,CC-4101,Jordan Arafat,700123,Lakeview WTP Phase 2 Design,"Brown, Marcus",E10803,CC-4112,PA Labor Cost DEC-25,Jordan Arafat,5.0,Field Services,5.1,Inspection,Home,Timecard,US-Southeast Engineering,Professional Staff Labor,DEC-25,12/08/2025,12/08/2025,31400643,62.5,5312.5,2018.75,0,0,329.91,7661.16,Y,Billed,INV-123-020,
USA Infrastructure,Transportation,Highways,CC-4205,Maria Delgado,700248,SR-417 Widening PD&E Study,"Garcia, Luis",E10677,CC-4210,PA Labor Cost DEC-25,Maria Delgado,1.0,Project Management,1.2,Meetings & Coordination,Field,Timecard,US-Southeast Engineering,Field Staff Labor,DEC-25,12/08/2025,12/07/2025,31400835,39.5,2291,870.58,0,0,142.27,3303.85,Y,Billed,INV-248-020,
USA Infrastructure,Transportation,Highways,CC-4205,Maria Delgado,700248,SR-417 Widening PD&E Study,BlueWater Environmental,,,AP Supplier Cost DEC-25,Maria Delgado,3.0,Analysis & Design,3.2,Design Development,Field,Supplier Invoice,US-Southeast Engineering,Subconsultant Services,DEC-25,12/08/2025,12/08/2025,31400841,0,0,0,4238.76,0,190.74,4429.5,Y,Billed,INV-248-020,
USA Infrastructure,Water,Stormwater,CC-4112,Sam Whitfield,700415,Downtown Stormwater Master Plan,"Patel, Devi",E10518,CC-4205,PA Labor Cost DEC-25,Sam Whitfield,2.0,Data Collection & Survey,2.2,Utility Locates,Home,Timecard,US-Southeast Engineering,Professional Staff Labor,DEC-25,12/08/2025,12/08/2025,31401201,26.5,1881.5,714.97,0,0,116.84,2713.31,Y,Billed,INV-415-020,
USA Infrastructure,Transportation,Bridges,CC-4210,Jordan Arafat,700301,Coastal Bridge Inspection Program,"Jones, Robert",E10342,CC-4101,PA Labor Cost DEC-25,Jordan Arafat,5.0,Field Services,5.2,CEI Support,Home,Timecard,US-Southeast Engineering,Professional Staff Labor,DEC-25,12/09/2025,12/08/2025,31401024,14.5,928,352.64,0,0,57.63,1338.27,Y,Unbilled,,
USA Infrastructure,Transportation,Bridges,CC-4210,Jordan Arafat,700301,Coastal Bridge Inspection Program,"Patel, Devi",E10518,CC-4205,PA Labor Cost DEC-25,Jordan Arafat,4.0,Deliverables & Reports,4.1,Draft Report,Home,Timecard,US-Southeast Engineering,Professional Staff Labor,DEC-25,12/10/2025,12/08/2025,31401023,47,3337,1268.06,0,0,207.23,4812.29,Y,Billed,INV-301-020,
USA Infrastructure,Water,Stormwater,CC-4112,Sam Whitfield,700415,Downtown Stormwater Master Plan,"O'Neill, Kate",E10911,CC-4112,PA Labor Cost DEC-25,Sam Whitfield,4.0,Deliverables & Reports,4.2,Draft Report,Home,Timecard,US-Southeast Engineering,Professional Staff Labor,DEC-25,12/10/2025,12/08/2025,31401196,44.5,3293,1251.34,0,0,204.5,4748.84,Y,Billed,INV-415-020,
USA Infrastructure,Transportation,Aviation,CC-4230,Maria Delgado,700502,Airport APM Guideway Rehab,"Nguyen, Thao",E10742,CC-4210,PA Labor Cost DEC-25,Maria Delgado,2.0,Data Collection & Survey,2.2,Utility Locates,Field,Timecard,US-Southeast Engineering,Field Staff Labor,DEC-25,12/10/2025,12/09/2025,31401354,34.5,2277,865.26,0,0,141.4,3283.66,Y,Billed,INV-502-020,
USA Infrastructure,Transportation,Aviation,CC-4230,Maria Delgado,700502,Airport APM Guideway Rehab,"Chen, Wei",E10455,CC-4205,PA Labor Cost DEC-25,Maria Delgado,4.0,Deliverables & Reports,4.2,Draft Report,Home,Timecard,US-Southeast Engineering,Professional Staff Labor,DEC-25,12/10/2025,12/10/2025,31401358,54,4968,1887.84,0,0,308.51,7164.35,Y,Billed,INV-502-020,
USA Infrastructure,Transportation,Aviation,CC-4230,Maria Delgado,700502,Airport APM Guideway Rehab,"Smith, Alice",E10231,CC-4101,PA Expense Cost DEC-25,Maria Delgado,2.0,Data Collection & Survey,2.1,Survey,Home,Expense Report,US-Southeast Engineering,Travel & Lodging,DEC-25,12/11/2025,12/09/2025,31401363,0,0,0,0,2935.66,132.1,3067.76,Y,Billed,INV-502-020,
USA Infrastructure,Transportation,Highways,CC-4205,Maria Delgado,700248,SR-417 Widening PD&E Study,"Garcia, Luis",E10677,CC-4210,PA Labor Cost DEC-25,Maria Delgado,3.0,Analysis & Design,3.1,Design Development,Field,Timecard,US-Southeast Engineering,Field Staff Labor,DEC-25,12/12/2025,12/10/2025,31400836,16.5,957,363.66,0,0,59.43,1380.09,Y,Billed,INV-248-020,
USA Infrastructure,Water,Treatment,CC-4101,Jordan Arafat,700123,Lakeview WTP Phase 2 Design,"Jones, Robert",E10342,CC-4101,PA Labor Cost DEC-25,Jordan Arafat,2.0,Data Collection & Survey,2.2,Survey,Home,Timecard,US-Southeast Engineering,Professional Staff Labor,DEC-25,12/13/2025,12/11/2025,31400645,9.5,608,231.04,0,0,37.76,876.8,Y,Unbilled,,
USA Infrastructure,Water,Stormwater,CC-4112,Sam Whitfield,700415,Downtown Stormwater Master Plan,Apex Survey Partners,,,AP Supplier Cost DEC-25,Sam Whitfield,3.0,Analysis & Design,3.2,Design Development,Field,Supplier Invoice,US-Southeast Engineering,Subconsultant Services,DEC-25,12/13/2025,12/13/2025,31401206,0,0,0,1046.76,0,47.1,1093.87,Y,Unbilled,,
USA Infrastructure,Transportation,Aviation,CC-4230,Maria Delgado,700502,Airport APM Guideway Rehab,GeoTech Drilling LLC,,,AP Supplier Cost DEC-25,Maria Delgado,3.0,Analysis & Design,3.2,Design Development,Field,Supplier Invoice,US-Southeast Engineering,Subconsultant Services,DEC-25,12/13/2025,12/13/2025,31401361,0,0,0,30854.03,0,1388.43,32242.47,Y,Billed,INV-502-020,
USA Infrastructure,Transportation,Aviation,CC-4230,Maria Delgado,700502,Airport APM Guideway Rehab,"Nguyen, Thao",E10742,CC-4210,PA Expense Cost DEC-25,Maria Delgado,2.0,Data Collection & Survey,2.1,Survey,Field,Expense Report,US-Southeast Engineering,Mileage,DEC-25,12/13/2025,12/12/2025,31401362,0,0,0,0,2206.68,99.3,2305.98,Y,Unbilled,,
USA Infrastructure,Water,Treatment,CC-4101,Jordan Arafat,700123,Lakeview WTP Phase 2 Design,"Kowalski, Jan",E11024,CC-4230,PA Labor Cost DEC-25,Jordan Arafat,4.0,Deliverables & Reports,4.2,Draft Report,Field,Timecard,US-Southeast Engineering,Field Staff Labor,DEC-25,12/14/2025,12/12/2025,31400644,9,549,208.62,0,0,34.09,791.71,Y,Billed,INV-123-020,
USA Infrastructure,Transportation,Highways,CC-4205,Maria Delgado,700248,SR-417 Widening PD&E Study,"Brown, Marcus",E10803,CC-4112,PA Labor Cost DEC-25,Maria Delgado,1.0,Project Management,1.2,Admin,Home,Timecard,US-Southeast Engineering,Professional Staff Labor,DEC-25,12/14/2025,12/13/2025,31400832,46,3910,1485.8,0,0,242.81,5638.61,N,Billed,INV-248-020,
USA Infrastructure,Transportation,Highways,CC-4205,Maria Delgado,700248,SR-417 Widening PD&E Study,"Patel, Devi",E10518,CC-4205,PA Labor Cost DEC-25,Maria Delgado,5.0,Field Services,5.2,Inspection,Home,Timecard,US-Southeast Engineering,Professional Staff Labor,DEC-25,12/14/2025,12/13/2025,31400833,63,4473,1699.74,0,0,277.77,6450.51,Y,Billed,INV-248-020,
USA Infrastructure,Transportation,Highways,CC-4205,Maria Delgado,700248,SR-417 Widening PD&E Study,"Chen, Wei",E10455,CC-4205,PA Expense Cost DEC-25,Maria Delgado,2.0,Data Collection & Survey,2.1,Survey,Home,Expense Report,US-Southeast Engineering,Reproduction,DEC-25,12/14/2025,12/13/2025,31400843,0,0,0,0,5302.24,238.6,5540.85,Y,Billed,INV-248-020,
USA Infrastructure,Water,Treatment,CC-4101,Jordan Arafat,700123,Lakeview WTP Phase 2 Design,"O'Neill, Kate",E10911,CC-4112,PA Labor Cost DEC-25,Jordan Arafat,3.0,Analysis & Design,3.2,Design Development,Home,Timecard,US-Southeast Engineering,Professional Staff Labor,DEC-25,12/15/2025,12/14/2025,31400642,49.5,3663,1391.94,0,0,227.47,5282.41,Y,Billed,INV-123-020,
USA Infrastructure,Transportation,Bridges,CC-4210,Jordan Arafat,700301,Coastal Bridge Inspection Program,BlueWater Environmental,,,AP Supplier Cost DEC-25,Jordan Arafat,3.0,Analysis & Design,3.2,Design Development,Field,Supplier Invoice,US-Southeast Engineering,Subconsultant Services,DEC-25,12/15/2025,12/13/2025,31401032,0,0,0,5714.69,0,257.16,5971.85,Y,Billed,INV-301-020,
USA Infrastructure,Transportation,Bridges,CC-4210,Jordan Arafat,700301,Coastal Bridge Inspection Program,"Kowalski, Jan",E11024,CC-4230,PA Expense Cost DEC-25,Jordan Arafat,2.0,Data Collection & Survey,2.1,Survey,Field,Expense Report,US-Southeast Engineering,Reproduction,DEC-25,12/15/2025,12/13/2025,31401035,0,0,0,0,4119.32,185.37,4304.69,Y,Billed,INV-301-020,
USA Infrastructure,Water,Stormwater,CC-4112,Sam Whitfield,700415,Downtown Stormwater Master Plan,"Rivera, Sofia",E11138,CC-4230,PA Labor Cost DEC-25,Sam Whitfield,1.0,Project Management,1.1,Meetings & Coordination,Home,Timecard,US-Southeast Engineering,Professional Staff Labor,DEC-25,12/15/2025,12/15/2025,31401204,55.5,4884,1855.92,0,0,303.3,7043.22,Y,Billed,INV-415-020,
USA Infrastructure,Transportation,Aviation,CC-4230,Maria Delgado,700502,Airport APM Guideway Rehab,"Smith, Alice",E10231,CC-4101,PA Labor Cost DEC-25,Maria Delgado,4.0,Deliverables & Reports,4.1,Draft Report,Home,Timecard,US-Southeast Engineering,Professional Staff Labor,DEC-25,12/15/2025,12/13/2025,31401356,14,1092,414.96,0,0,67.81,1574.77,Y,Billed,INV-502-020,
USA Infrastructure,Water,Treatment,CC-4101,Jordan Arafat,700123,Lakeview WTP Phase 2 Design,"Chen, Wei",E10455,CC-4205,PA Labor Cost DEC-25,Jordan Arafat,3.0,Analysis & Design,3.1,Modeling,Home,Timecard,US-Southeast Engineering,Professional Staff Labor,DEC-25,12/16/2025,12/14/2025,31400639,12.5,1150,437,0,0,71.41,1658.42,Y,Unbilled,,
USA Infrastructure,Transportation,Bridges,CC-4210,Jordan Arafat,700301,Coastal Bridge Inspection Program,"Jones, Robert",E10342,CC-4101,PA Labor Cost DEC-25,Jordan Arafat,5.0,Field Services,5.2,Inspection,Home,Timecard,US-Southeast Engineering,Professional Staff Labor,DEC-25,12/16/2025,12/14/2025,31401025,70.5,4512,1714.56,0,0,280.2,6506.76,Y,Billed,INV-301-020,
USA Infrastructure,Transportation,Highways,CC-4205,Maria Delgado,700248,SR-417 Widening PD&E Study,"Brown, Marcus",E10803,CC-4112,PA Labor Cost DEC-25,Maria Delgado,2.0,Data Collection & Survey,2.1,Utility Locates,Home,Timecard,US-Southeast Engineering,Professional Staff Labor,DEC-25,12/17/2025,12/17/2025,31400829,56.5,4802.5,1824.95,0,0,298.24,6925.69,Y,Billed,INV-248-020,
USA Infrastructure,Water,Stormwater,CC-4112,Sam Whitfield,700415,Downtown Stormwater Master Plan,"Rivera, Sofia",E11138,CC-4230,PA Labor Cost DEC-25,Sam Whitfield,2.0,Data Collection & Survey,2.1,Utility Locates,Home,Timecard,US-Southeast Engineering,Professional Staff Labor,DEC-25,12/17/2025,12/17/2025,31401202,69.5,6116,2324.08,0,0,379.8,8819.88,Y,Billed,INV-415-020,
USA Infrastructure,Water,Stormwater,CC-4112,Sam Whitfield,700415,Downtown Stormwater Master Plan,"Kowalski, Jan",E11024,CC-4230,PA Expense Cost DEC-25,Sam Whitfield,2.0,Data Collection & Survey,2.1,Survey,Field,Expense Report,US-Southeast Engineering,Software & Data,DEC-25,12/17/2025,12/17/2025,31401207,0,0,0,0,1508.53,67.88,1576.42,Y,Billed,INV-415-020,
USA Infrastructure,Transportation,Highways,CC-4205,Maria Delgado,700248,SR-417 Widening PD&E Study,"Chen, Wei",E10455,CC-4205,PA Labor Cost DEC-25,Maria Delgado,3.0,Analysis & Design,3.2,Design Development,Home,Timecard,US-Southeast Engineering,Professional Staff Labor,DEC-25,12/18/2025,12/18/2025,31400830,45,4140,1573.2,0,0,257.09,5970.29,Y,Billed,INV-248-020,
USA Infrastructure,Transportation,Bridges,CC-4210,Jordan Arafat,700301,Coastal Bridge Inspection Program,GeoTech Drilling LLC,,,AP Supplier Cost DEC-25,Jordan Arafat,3.0,Analysis & Design,3.2,Design Development,Field,Supplier Invoice,US-Southeast Engineering,Subconsultant Services,DEC-25,12/18/2025,12/18/2025,31401030,0,0,0,7519.99,0,338.4,7858.39,Y,Billed,INV-301-020,
USA Infrastructure,Transportation,Aviation,CC-4230,Maria Delgado,700502,Airport APM Guideway Rehab,"Nguyen, Thao",E10742,CC-4210,PA Labor Cost DEC-25,Maria Delgado,2.0,Data Collection & Survey,2.2,Utility Locates,Field,Timecard,US-Southeast Engineering,Field Staff Labor,DEC-25,12/18/2025,12/18/2025,31401359,13,858,326.04,0,0,53.28,1237.32,Y,Billed,INV-502-020,
USA Infrastructure,Transportation,Bridges,CC-4210,Jordan Arafat,700301,Coastal Bridge Inspection Program,"Rivera, Sofia",E11138,CC-4230,PA Labor Cost DEC-25,Jordan Arafat,1.0,Project Management,1.1,Admin,Home,Timecard,US-Southeast Engineering,Professional Staff Labor,DEC-25,12/19/2025,12/17/2025,31401027,53.5,4708,1789.04,0,0,292.37,6789.41,Y,Unbilled,,
USA Infrastructure,Water,Treatment,CC-4101,Jordan Arafat,700123,Lakeview WTP Phase 2 Design,"Smith, Alice",E10231,CC-4101,PA Labor Cost DEC-25,Jordan Arafat,5.0,Field Services,5.2,CEI Support,Home,Timecard,US-Southeast Engineering,Professional Staff Labor,DEC-25,12/21/2025,12/19/2025,31400640,33.5,2613,992.94,0,0,162.27,3768.21,Y,Billed,INV-123-020,
USA Infrastructure,Water,Treatment,CC-4101,Jordan Arafat,700123,Lakeview WTP Phase 2 Design,"Kowalski, Jan",E11024,CC-4230,PA Expense Cost DEC-25,Jordan Arafat,2.0,Data Collection & Survey,2.1,Survey,Field,Expense Report,US-Southeast Engineering,Field Supplies,DEC-25,12/21/2025,12/20/2025,31400652,0,0,0,0,2380.14,107.11,2487.24,Y,Billed,INV-123-020,
USA Infrastructure,Water,Treatment,CC-4101,Jordan Arafat,700123,Lakeview WTP Phase 2 Design,"Brown, Marcus",E10803,CC-4112,PA Expense Cost DEC-25,Jordan Arafat,2.0,Data Collection & Survey,2.1,Survey,Home,Expense Report,US-Southeast Engineering,Travel & Lodging,DEC-25,12/21/2025,12/21/2025,31400653,0,0,0,0,2644.51,119,2763.51,Y,Unbilled,,
USA Infrastructure,Transportation,Bridges,CC-4210,Jordan Arafat,700301,Coastal Bridge Inspection Program,"Nguyen, Thao",E10742,CC-4210,PA Labor Cost DEC-25,Jordan Arafat,1.0,Project Management,1.1,Admin,Field,Timecard,US-Southeast Engineering,Field Staff Labor,DEC-25,12/21/2025,12/19/2025,31401029,51.5,3399,1291.62,0,0,211.08,4901.7,Y,Billed,INV-301-020,
USA Infrastructure,Water,Treatment,CC-4101,Jordan Arafat,700123,Lakeview WTP Phase 2 Design,"Rivera, Sofia",E11138,CC-4230,PA Labor Cost DEC-25,Jordan Arafat,5.0,Field Services,5.1,Inspection,Home,Timecard,US-Southeast Engineering,Professional Staff Labor,DEC-25,12/22/2025,12/21/2025,31400648,9.5,836,317.68,0,0,51.92,1205.6,Y,Billed,INV-123-020,
USA Infrastructure,Transportation,Bridges,CC-4210,Jordan Arafat,700301,Coastal Bridge Inspection Program,"Garcia, Luis",E10677,CC-4210,PA Labor Cost DEC-25,Jordan Arafat,3.0,Analysis & Design,3.2,Design Development,Field,Timecard,US-Southeast Engineering,Field Staff Labor,DEC-25,12/23/2025,12/23/2025,31401026,57.5,3335,1267.3,0,0,207.1,4809.4,Y,Billed,INV-301-020,
USA Infrastructure,Transportation,Aviation,CC-4230,Maria Delgado,700502,Airport APM Guideway Rehab,"Patel, Devi",E10518,CC-4205,PA Labor Cost DEC-25,Maria Delgado,5.0,Field Services,5.1,Inspection,Home,Timecard,US-Southeast Engineering,Professional Staff Labor,DEC-25,12/23/2025,12/22/2025,31401357,19.5,1384.5,526.11,0,0,85.98,1996.59,Y,Billed,INV-502-020,
USA Infrastructure,Water,Treatment,CC-4101,Jordan Arafat,700123,Lakeview WTP Phase 2 Design,"Kowalski, Jan",E11024,CC-4230,PA Labor Cost DEC-25,Jordan Arafat,1.0,Project Management,1.2,Admin,Field,Timecard,US-Southeast Engineering,Field Staff Labor,DEC-25,12/24/2025,12/22/2025,31400641,52.5,3202.5,1216.95,0,0,198.88,4618.33,Y,Billed,INV-123-020,
USA Infrastructure,Water,Treatment,CC-4101,Jordan Arafat,700123,Lakeview WTP Phase 2 Design,"Garcia, Luis",E10677,CC-4210,PA Labor Cost DEC-25,Jordan Arafat,1.0,Project Management,1.1,Meetings & Coordination,Field,Timecard,US-Southeast Engineering,Field Staff Labor,DEC-25,12/24/2025,12/22/2025,31400649,66.5,3857,1465.66,0,0,239.52,5562.18,Y,Billed,INV-123-020,
USA Infrastructure,Transportation,Highways,CC-4205,Maria Delgado,700248,SR-417 Widening PD&E Study,"Garcia, Luis",E10677,CC-4210,PA Labor Cost DEC-25,Maria Delgado,1.0,Project Management,1.1,Admin,Field,Timecard,US-Southeast Engineering,Field Staff Labor,DEC-25,12/24/2025,12/23/2025,31400838,34.5,2001,760.38,0,0,124.26,2885.64,Y,Billed,INV-248-020,
USA Infrastructure,Transportation,Highways,CC-4205,Maria Delgado,700248,SR-417 Widening PD&E Study,GeoTech Drilling LLC,,,AP Supplier Cost DEC-25,Maria Delgado,3.0,Analysis & Design,3.2,Design Development,Field,Supplier Invoice,US-Southeast Engineering,Subconsultant Services,DEC-25,12/24/2025,12/22/2025,31400840,0,0,0,9813.06,0,441.59,10254.65,Y,Billed,INV-248-020,
USA Infrastructure,Water,Stormwater,CC-4112,Sam Whitfield,700415,Downtown Stormwater Master Plan,"Jones, Robert",E10342,CC-4101,PA Expense Cost DEC-25,Sam Whitfield,2.0,Data Collection & Survey,2.1,Survey,Home,Expense Report,US-Southeast Engineering,Reproduction,DEC-25,12/24/2025,12/24/2025,31401209,0,0,0,0,849.82,38.24,888.06,Y,Billed,INV-415-020,
USA Infrastructure,Transportation,Highways,CC-4205,Maria Delgado,700248,SR-417 Widening PD&E Study,"Rivera, Sofia",E11138,CC-4230,PA Labor Cost DEC-25,Maria Delgado,1.0,Project Management,1.2,Meetings & Coordination,Home,Timecard,US-Southeast Engineering,Professional Staff Labor,DEC-25,12/25/2025,12/25/2025,31400834,61,5368,2039.84,0,0,333.35,7741.19,Y,Billed,INV-248-020,
USA Infrastructure,Water,Stormwater,CC-4112,Sam Whitfield,700415,Downtown Stormwater Master Plan,"Kowalski, Jan",E11024,CC-4230,PA Labor Cost DEC-25,Sam Whitfield,5.0,Field Services,5.2,Inspection,Field,Timecard,US-Southeast Engineering,Field Staff Labor,DEC-25,12/25/2025,12/24/2025,31401197,38,2318,880.84,0,0,143.95,3342.79,Y,Billed,INV-415-020,
USA Infrastructure,Transportation,Aviation,CC-4230,Maria Delgado,700502,Airport APM Guideway Rehab,"Jones, Robert",E10342,CC-4101,PA Labor Cost DEC-25,Maria Delgado,2.0,Data Collection & Survey,2.1,Utility Locates,Home,Timecard,US-Southeast Engineering,Professional Staff Labor,DEC-25,12/25/2025,12/25/2025,31401355,22.5,1440,547.2,0,0,89.42,2076.62,Y,Billed,INV-502-020,
USA Infrastructure,Water,Treatment,CC-4101,Jordan Arafat,700123,Lakeview WTP Phase 2 Design,"Smith, Alice",E10231,CC-4101,PA Labor Cost DEC-25,Jordan Arafat,2.0,Data Collection & Survey,2.2,Utility Locates,Home,Timecard,US-Southeast Engineering,Professional Staff Labor,DEC-25,12/26/2025,12/25/2025,31400646,44,3432,1304.16,0,0,213.13,4949.29,Y,Unbilled,,
USA Infrastructure,Water,Treatment,CC-4101,Jordan Arafat,700123,Lakeview WTP Phase 2 Design,"O'Neill, Kate",E10911,CC-4112,PA Labor Cost DEC-25,Jordan Arafat,4.0,Deliverables & Reports,4.2,Final Report,Home,Timecard,US-Southeast Engineering,Professional Staff Labor,DEC-25,12/27/2025,12/27/2025,31400647,69,5106,1940.28,0,0,317.08,7363.36,Y,Billed,INV-123-020,
USA Infrastructure,Water,Stormwater,CC-4112,Sam Whitfield,700415,Downtown Stormwater Master Plan,"O'Neill, Kate",E10911,CC-4112,PA Labor Cost DEC-25,Sam Whitfield,2.0,Data Collection & Survey,2.2,Survey,Home,Timecard,US-Southeast Engineering,Professional Staff Labor,DEC-25,12/27/2025,12/27/2025,31401200,29.5,2183,829.54,0,0,135.56,3148.1,Y,Billed,INV-415-020,
USA Infrastructure,Transportation,Aviation,CC-4230,Maria Delgado,700502,Airport APM Guideway Rehab,"Brown, Marcus",E10803,CC-4112,PA Labor Cost DEC-25,Maria Delgado,1.0,Project Management,1.1,Meetings & Coordination,Home,Timecard,US-Southeast Engineering,Professional Staff Labor,DEC-25,12/27/2025,12/26/2025,31401360,40,3400,1292,0,0,211.14,4903.14,Y,Billed,INV-502-020,
USA Infrastructure,Water,Treatment,CC-4101,Jordan Arafat,700123,Lakeview WTP Phase 2 Design,Stratus Aerial Imaging,,,AP Supplier Cost DEC-25,Jordan Arafat,3.0,Analysis & Design,3.2,Design Development,Field,Supplier Invoice,US-Southeast Engineering,Subconsultant Services,DEC-25,12/28/2025,12/26/2025,31400650,0,0,0,17714.87,0,797.17,18512.04,Y,Billed,INV-123-020,
USA Infrastructure,Transportation,Bridges,CC-4210,Jordan Arafat,700301,Coastal Bridge Inspection Program,"Kowalski, Jan",E11024,CC-4230,PA Expense Cost DEC-25,Jordan Arafat,2.0,Data Collection & Survey,2.1,Survey,Field,Expense Report,US-Southeast Engineering,Software & Data,DEC-25,12/28/2025,12/27/2025,31401034,0,0,0,0,2971.61,133.72,3105.33,Y,Billed,INV-301-020,
USA Infrastructure,Transportation,Bridges,CC-4210,Jordan Arafat,700301,Coastal Bridge Inspection Program,Apex Survey Partners,,,AP Supplier Cost JAN-26,Jordan Arafat,3.0,Analysis & Design,3.2,Design Development,Field,Supplier Invoice,US-Southeast Engineering,Subconsultant Services,JAN-26,01/01/2026,01/01/2026,31401044,0,0,0,4567.78,0,205.55,4773.33,Y,Billed,INV-301-021,
USA Infrastructure,Water,Stormwater,CC-4112,Sam Whitfield,700415,Downtown Stormwater Master Plan,"Kowalski, Jan",E11024,CC-4230,PA Labor Cost JAN-26,Sam Whitfield,5.0,Field Services,5.1,CEI Support,Field,Timecard,US-Southeast Engineering,Field Staff Labor,JAN-26,01/01/2026,01/01/2026,31401216,39,2379,904.02,0,0,147.74,3430.76,Y,Billed,INV-415-021,
USA Infrastructure,Water,Treatment,CC-4101,Jordan Arafat,700123,Lakeview WTP Phase 2 Design,"Chen, Wei",E10455,CC-4205,PA Labor Cost JAN-26,Jordan Arafat,5.0,Field Services,5.1,Inspection,Home,Timecard,US-Southeast Engineering,Professional Staff Labor,JAN-26,01/02/2026,01/02/2026,31400656,16.5,1518,576.84,0,0,94.27,2189.11,Y,Billed,INV-123-021,
USA Infrastructure,Transportation,Bridges,CC-4210,Jordan Arafat,700301,Coastal Bridge Inspection Program,"Brown, Marcus",E10803,CC-4112,PA Labor Cost JAN-26,Jordan Arafat,1.0,Project Management,1.2,Meetings & Coordination,Home,Timecard,US-Southeast Engineering,Professional Staff Labor,JAN-26,01/02/2026,01/01/2026,31401036,53.5,4547.5,1728.05,0,0,282.4,6557.95,Y,Billed,INV-301-021,
USA Infrastructure,Water,Treatment,CC-4101,Jordan Arafat,700123,Lakeview WTP Phase 2 Design,"Garcia, Luis",E10677,CC-4210,PA Labor Cost JAN-26,Jordan Arafat,1.0,Project Management,1.2,Admin,Field,Timecard,US-Southeast Engineering,Field Staff Labor,JAN-26,01/03/2026,01/03/2026,31400657,47,2726,1035.88,0,0,169.28,3931.16,Y,Billed,INV-123-021,
USA Infrastructure,Water,Treatment,CC-4101,Jordan Arafat,700123,Lakeview WTP Phase 2 Design,GeoTech Drilling LLC,,,AP Supplier Cost JAN-26,Jordan Arafat,3.0,Analysis & Design,3.2,Design Development,Field,Supplier Invoice,US-Southeast Engineering,Subconsultant Services,JAN-26,01/03/2026,01/02/2026,31400665,0,0,0,4819.07,0,216.86,5035.92,Y,Unbilled,,
USA Infrastructure,Transportation,Bridges,CC-4210,Jordan Arafat,700301,Coastal Bridge Inspection Program,"Chen, Wei",E10455,CC-4205,PA Expense Cost JAN-26,Jordan Arafat,2.0,Data Collection & Survey,2.1,Survey,Home,Expense Report,US-Southeast Engineering,Travel & Lodging,JAN-26,01/03/2026,01/01/2026,31401049,0,0,0,0,726.3,32.68,758.99,Y,Billed,INV-301-021,
USA Infrastructure,Transportation,Highways,CC-4205,Maria Delgado,700248,SR-417 Widening PD&E Study,"Smith, Alice",E10231,CC-4101,PA Expense Cost JAN-26,Maria Delgado,2.0,Data Collection & Survey,2.1,Survey,Home,Expense Report,US-Southeast Engineering,Travel & Lodging,JAN-26,01/04/2026,01/03/2026,31400857,0,0,0,0,1666.63,75,1741.62,Y,Unbilled,,
USA Infrastructure,Transportation,Bridges,CC-4210,Jordan Arafat,700301,Coastal Bridge Inspection Program,"Garcia, Luis",E10677,CC-4210,PA Labor Cost JAN-26,Jordan Arafat,3.0,Analysis & Design,3.2,Design Development,Field,Timecard,US-Southeast Engineering,Field Staff Labor,JAN-26,01/04/2026,01/03/2026,31401043,23,1334,506.92,0,0,82.84,1923.76,Y,Billed,INV-301-021,
USA Infrastructure,Water,Stormwater,CC-4112,Sam Whitfield,700415,Downtown Stormwater Master Plan,"O'Neill, Kate",E10911,CC-4112,PA Expense Cost JAN-26,Sam Whitfield,2.0,Data Collection & Survey,2.1,Survey,Home,Expense Report,US-Southeast Engineering,Reproduction,JAN-26,01/05/2026,01/03/2026,31401222,0,0,0,0,1320.71,59.43,1380.15,N,Billed,INV-415-021,
USA Infrastructure,Transportation,Aviation,CC-4230,Maria Delgado,700502,Airport APM Guideway Rehab,"Chen, Wei",E10455,CC-4205,PA Labor Cost JAN-26,Maria Delgado,2.0,Data Collection & Survey,2.2,Utility Locates,Home,Timecard,US-Southeast Engineering,Professional Staff Labor,JAN-26,01/05/2026,01/03/2026,31401371,57.5,5290,2010.2,0,0,328.51,7628.71,Y,Billed,INV-502-021,
USA Infrastructure,Transportation,Aviation,CC-4230,Maria Delgado,700502,Airport APM Guideway Rehab,TransCore ITS Inc,,,AP Supplier Cost JAN-26,Maria Delgado,3.0,Analysis & Design,3.2,Design Development,Field,Supplier Invoice,US-Southeast Engineering,Subconsultant Services,JAN-26,01/05/2026,01/04/2026,31401372,0,0,0,76133.8,0,3426.02,79559.82,Y,Billed,INV-502-021,
USA Infrastructure,Water,Treatment,CC-4101,Jordan Arafat,700123,Lakeview WTP Phase 2 Design,"O'Neill, Kate",E10911,CC-4112,PA Labor Cost JAN-26,Jordan Arafat,5.0,Field Services,5.2,Inspection,Home,Timecard,US-Southeast Engineering,Professional Staff Labor,JAN-26,01/06/2026,01/06/2026,31400661,19,1406,534.28,0,0,87.31,2027.59,Y,Billed,INV-123-021,
USA Infrastructure,Transportation,Highways,CC-4205,Maria Delgado,700248,SR-417 Widening PD&E Study,"Patel, Devi",E10518,CC-4205,PA Labor Cost JAN-26,Maria Delgado,5.0,Field Services,5.1,CEI Support,Home,Timecard,US-Southeast Engineering,Professional Staff Labor,JAN-26,01/06/2026,01/05/2026,31400844,37.5,2662.5,1011.75,0,0,165.34,3839.59,Y,Billed,INV-248-021,
USA Infrastructure,Transportation,Bridges,CC-4210,Jordan Arafat,700301,Coastal Bridge Inspection Program,"Jones, Robert",E10342,CC-4101,PA Expense Cost JAN-26,Jordan Arafat,2.0,Data Collection & Survey,2.1,Survey,Home,Expense Report,US-Southeast Engineering,Field Supplies,JAN-26,01/06/2026,01/04/2026,31401046,0,0,0,0,6515.28,293.19,6808.46,Y,Billed,INV-301-021,
USA Infrastructure,Water,Stormwater,CC-4112,Sam Whitfield,700415,Downtown Stormwater Master Plan,BlueWater Environmental,,,AP Supplier Cost JAN-26,Sam Whitfield,3.0,Analysis & Design,3.2,Design Development,Field,Supplier Invoice,US-Southeast Engineering,Subconsultant Services,JAN-26,01/06/2026,01/05/2026,31401220,0,0,0,2791.44,0,125.61,2917.06,Y,Billed,INV-415-021,
USA Infrastructure,Transportation,Highways,CC-4205,Maria Delgado,700248,SR-417 Widening PD&E Study,"Patel, Devi",E10518,CC-4205,PA Labor Cost JAN-26,Maria Delgado,4.0,Deliverables & Reports,4.2,Draft Report,Home,Timecard,US-Southeast Engineering,Professional Staff Labor,JAN-26,01/07/2026,01/06/2026,31400849,47,3337,1268.06,0,0,207.23,4812.29,Y,Billed,INV-248-021,
USA Infrastructure,Transportation,Aviation,CC-4230,Maria Delgado,700502,Airport APM Guideway Rehab,"Brown, Marcus",E10803,CC-4112,PA Labor Cost JAN-26,Maria Delgado,5.0,Field Services,5.2,CEI Support,Home,Timecard,US-Southeast Engineering,Professional Staff Labor,JAN-26,01/07/2026,01/07/2026,31401364,49.5,4207.5,1598.85,0,0,261.29,6067.64,N,Billed,INV-502-021,
USA Infrastructure,Transportation,Aviation,CC-4230,Maria Delgado,700502,Airport APM Guideway Rehab,"Garcia, Luis",E10677,CC-4210,PA Expense Cost JAN-26,Maria Delgado,2.0,Data Collection & Survey,2.1,Survey,Field,Expense Report,US-Southeast Engineering,Software & Data,JAN-26,01/07/2026,01/06/2026,31401374,0,0,0,0,3500.3,157.51,3657.81,Y,Billed,INV-502-021,
USA Infrastructure,Transportation,Highways,CC-4205,Maria Delgado,700248,SR-417 Widening PD&E Study,"Jones, Robert",E10342,CC-4101,PA Labor Cost JAN-26,Maria Delgado,3.0,Analysis & Design,3.1,Modeling,Home,Timecard,US-Southeast Engineering,Professional Staff Labor,JAN-26,01/08/2026,01/08/2026,31400845,50.5,3232,1228.16,0,0,200.71,4660.87,Y,Billed,INV-248-021,
USA Infrastructure,Water,Stormwater,CC-4112,Sam Whitfield,700415,Downtown Stormwater Master Plan,"Rivera, Sofia",E11138,CC-4230,PA Labor Cost JAN-26,Sam Whitfield,1.0,Project Management,1.2,Meetings & Coordination,Home,Timecard,US-Southeast Engineering,Professional Staff Labor,JAN-26,01/08/2026,01/07/2026,31401219,69,6072,2307.36,0,0,377.07,8756.43,Y,Billed,INV-415-021,
USA Infrastructure,Transportation,Aviation,CC-4230,Maria Delgado,700502,Airport APM Guideway Rehab,"Kowalski, Jan",E11024,CC-4230,PA Labor Cost JAN-26,Maria Delgado,3.0,Analysis & Design,3.2,Design Development,Field,Timecard,US-Southeast Engineering,Field Staff Labor,JAN-26,01/08/2026,01/06/2026,31401365,40.5,2470.5,938.79,0,0,153.42,3562.71,Y,Billed,INV-502-021,
USA Infrastructure,Transportation,Bridges,CC-4210,Jordan Arafat,700301,Coastal Bridge Inspection Program,"Jones, Robert",E10342,CC-4101,PA Labor Cost JAN-26,Jordan Arafat,2.0,Data Collection & Survey,2.2,Utility Locates,Home,Timecard,US-Southeast Engineering,Professional Staff Labor,JAN-26,01/09/2026,01/08/2026,31401037,64.5,4128,1568.64,0,0,256.35,5952.99,Y,Billed,INV-301-021,
USA Infrastructure,Transportation,Aviation,CC-4230,Maria Delgado,700502,Airport APM Guideway Rehab,"Patel, Devi",E10518,CC-4205,PA Labor Cost JAN-26,Maria Delgado,3.0,Analysis & Design,3.1,Modeling,Home,Timecard,US-Southeast Engineering,Professional Staff Labor,JAN-26,01/09/2026,01/09/2026,31401366,58.5,4153.5,1578.33,0,0,257.93,5989.76,Y,Billed,INV-502-021,
USA Infrastructure,Transportation,Aviation,CC-4230,Maria Delgado,700502,Airport APM Guideway Rehab,"Chen, Wei",E10455,CC-4205,PA Expense Cost JAN-26,Maria Delgado,2.0,Data Collection & Survey,2.1,Survey,Home,Expense Report,US-Southeast Engineering,Mileage,JAN-26,01/09/2026,01/07/2026,31401373,0,0,0,0,6002.05,270.09,6272.14,Y,Billed,INV-502-021,
USA Infrastructure,Water,Treatment,CC-4101,Jordan Arafat,700123,Lakeview WTP Phase 2 Design,"Patel, Devi",E10518,CC-4205,PA Labor Cost JAN-26,Jordan Arafat,1.0,Project Management,1.2,Meetings & Coordination,Home,Timecard,US-Southeast Engineering,Professional Staff Labor,JAN-26,01/11/2026,01/09/2026,31400658,22.5,1597.5,607.05,0,0,99.2,2303.75,Y,Billed,INV-123-021,
USA Infrastructure,Transportation,Bridges,CC-4210,Jordan Arafat,700301,Coastal Bridge Inspection Program,"Patel, Devi",E10518,CC-4205,PA Expense Cost JAN-26,Jordan Arafat,2.0,Data Collection & Survey,2.1,Survey,Home,Expense Report,US-Southeast Engineering,Reproduction,JAN-26,01/11/2026,01/10/2026,31401048,0,0,0,0,1779.96,80.1,1860.06,Y,Billed,INV-301-021,
USA Infrastructure,Transportation,Aviation,CC-4230,Maria Delgado,700502,Airport APM Guideway Rehab,"Garcia, Luis",E10677,CC-4210,PA Labor Cost JAN-26,Maria Delgado,3.0,Analysis & Design,3.1,Design Development,Field,Timecard,US-Southeast Engineering,Field Staff Labor,JAN-26,01/11/2026,01/11/2026,31401367,12,696,264.48,0,0,43.22,1003.7,Y,Billed,INV-502-021,
USA Infrastructure,Transportation,Aviation,CC-4230,Maria Delgado,700502,Airport APM Guideway Rehab,"O'Neill, Kate",E10911,CC-4112,PA Expense Cost JAN-26,Maria Delgado,2.0,Data Collection & Survey,2.1,Survey,Home,Expense Report,US-Southeast Engineering,Field Supplies,JAN-26,01/11/2026,01/10/2026,31401376,0,0,0,0,549.23,24.72,573.94,Y,Billed,INV-502-021,
USA Infrastructure,Transportation,Highways,CC-4205,Maria Delgado,700248,SR-417 Widening PD&E Study,"Smith, Alice",E10231,CC-4101,PA Labor Cost JAN-26,Maria Delgado,1.0,Project Management,1.2,Admin,Home,Timecard,US-Southeast Engineering,Professional Staff Labor,JAN-26,01/13/2026,01/12/2026,31400852,63,4914,1867.32,0,0,305.16,7086.48,Y,Billed,INV-248-021,
USA Infrastructure,Transportation,Bridges,CC-4210,Jordan Arafat,700301,Coastal Bridge Inspection Program,"Garcia, Luis",E10677,CC-4210,PA Expense Cost JAN-26,Jordan Arafat,2.0,Data Collection & Survey,2.1,Survey,Field,Expense Report,US-Southeast Engineering,Mileage,JAN-26,01/13/2026,01/11/2026,31401050,0,0,0,0,1384.19,62.29,1446.48,Y,Unbilled,,
USA Infrastructure,Transportation,Aviation,CC-4230,Maria Delgado,700502,Airport APM Guideway Rehab,"Patel, Devi",E10518,CC-4205,PA Expense Cost JAN-26,Maria Delgado,2.0,Data Collection & Survey,2.1,Survey,Home,Expense Report,US-Southeast Engineering,Field Supplies,JAN-26,01/13/2026,01/12/2026,31401377,0,0,0,0,843.4,37.95,881.35,Y,Unbilled,,
USA Infrastructure,Transportation,Highways,CC-4205,Maria Delgado,700248,SR-417 Widening PD&E Study,Apex Survey Partners,,,AP Supplier Cost JAN-26,Maria Delgado,3.0,Analysis & Design,3.2,Design Development,Field,Supplier Invoice,US-Southeast Engineering,Subconsultant Services,JAN-26,01/14/2026,01/12/2026,31400855,0,0,0,6479.93,0,291.6,6771.53,Y,Billed,INV-248-021,
USA Infrastructure,Transportation,Bridges,CC-4210,Jordan Arafat,700301,Coastal Bridge Inspection Program,"Jones, Robert",E10342,CC-4101,PA Labor Cost JAN-26,Jordan Arafat,1.0,Project Management,1.1,Admin,Home,Timecard,US-Southeast Engineering,Professional Staff Labor,JAN-26,01/14/2026,01/13/2026,31401042,48.5,3104,1179.52,0,0,192.76,4476.28,N,Billed,INV-301-021,
USA Infrastructure,Water,Stormwater,CC-4112,Sam Whitfield,700415,Downtown Stormwater Master Plan,"Kowalski, Jan",E11024,CC-4230,PA Labor Cost JAN-26,Sam Whitfield,2.0,Data Collection & Survey,2.1,Survey,Field,Timecard,US-Southeast Engineering,Field Staff Labor,JAN-26,01/14/2026,01/12/2026,31401215,18,1098,417.24,0,0,68.19,1583.43,Y,Billed,INV-415-021,
USA Infrastructure,Water,Treatment,CC-4101,Jordan Arafat,700123,Lakeview WTP Phase 2 Design,"Garcia, Luis",E10677,CC-4210,PA Expense Cost JAN-26,Jordan Arafat,2.0,Data Collection & Survey,2.1,Survey,Field,Expense Report,US-Southeast Engineering,Reproduction,JAN-26,01/15/2026,01/15/2026,31400667,0,0,0,0,4492.75,202.17,4694.92,Y,Billed,INV-123-021,
USA Infrastructure,Water,Treatment,CC-4101,Jordan Arafat,700123,Lakeview WTP Phase 2 Design,"Chen, Wei",E10455,CC-4205,PA Expense Cost JAN-26,Jordan Arafat,2.0,Data Collection & Survey,2.1,Survey,Home,Expense Report,US-Southeast Engineering,Mileage,JAN-26,01/15/2026,01/15/2026,31400669,0,0,0,0,1889.24,85.02,1974.25,Y,Billed,INV-123-021,
USA Infrastructure,Transportation,Bridges,CC-4210,Jordan Arafat,700301,Coastal Bridge Inspection Program,"Chen, Wei",E10455,CC-4205,PA Labor Cost JAN-26,Jordan Arafat,3.0,Analysis & Design,3.1,Modeling,Home,Timecard,US-Southeast Engineering,Professional Staff Labor,JAN-26,01/15/2026,01/15/2026,31401038,68,6256,2377.28,0,0,388.5,9021.78,Y,Billed,INV-301-021,
USA Infrastructure,Water,Treatment,CC-4101,Jordan Arafat,700123,Lakeview WTP Phase 2 Design,"O'Neill, Kate",E10911,CC-4112,PA Labor Cost JAN-26,Jordan Arafat,5.0,Field Services,5.1,CEI Support,Home,Timecard,US-Southeast Engineering,Professional Staff Labor,JAN-26,01/16/2026,01/14/2026,31400660,13.5,999,379.62,0,0,62.04,1440.66,N,Billed,INV-123-021,
USA Infrastructure,Water,Stormwater,CC-4112,Sam Whitfield,700415,Downtown Stormwater Master Plan,"Jones, Robert",E10342,CC-4101,PA Labor Cost JAN-26,Sam Whitfield,4.0,Deliverables & Reports,4.2,Final Report,Home,Timecard,US-Southeast Engineering,Professional Staff Labor,JAN-26,01/16/2026,01/16/2026,31401212,70.5,4512,1714.56,0,0,280.2,6506.76,Y,Unbilled,,
USA Infrastructure,Transportation,Aviation,CC-4230,Maria Delgado,700502,Airport APM Guideway Rehab,"Nguyen, Thao",E10742,CC-4210,PA Labor Cost JAN-26,Maria Delgado,3.0,Analysis & Design,3.2,Modeling,Field,Timecard,US-Southeast Engineering,Field Staff Labor,JAN-26,01/16/2026,01/16/2026,31401369,35.5,2343,890.34,0,0,145.5,3378.84,Y,Billed,INV-502-021,
USA Infrastructure,Water,Treatment,CC-4101,Jordan Arafat,700123,Lakeview WTP Phase 2 Design,"Brown, Marcus",E10803,CC-4112,PA Expense Cost JAN-26,Jordan Arafat,2.0,Data Collection & Survey,2.1,Survey,Home,Expense Report,US-Southeast Engineering,Mileage,JAN-26,01/17/2026,01/16/2026,31400668,0,0,0,0,5661.46,254.77,5916.23,N,Billed,INV-123-021,
USA Infrastructure,Transportation,Aviation,CC-4230,Maria Delgado,700502,Airport APM Guideway Rehab,"O'Neill, Kate",E10911,CC-4112,PA Labor Cost JAN-26,Maria Delgado,5.0,Field Services,5.1,CEI Support,Home,Timecard,US-Southeast Engineering,Professional Staff Labor,JAN-26,01/17/2026,01/17/2026,31401368,53,3922,1490.36,0,0,243.56,5655.92,Y,Billed,INV-502-021,
USA Infrastructure,Water,Treatment,CC-4101,Jordan Arafat,700123,Lakeview WTP Phase 2 Design,"Jones, Robert",E10342,CC-4101,PA Expense Cost JAN-26,Jordan Arafat,1.0,Project Management,1.1,Admin,Home,Cost Transfer,US-Southeast Engineering,Professional Staff Labor,JAN-26,01/18/2026,01/18/2026,31400671,-4.82,-308.64,-117.28,0,0,-19.17,-445.09,Y,Billed,INV-123-021,Transfer to 700124 per PM request
USA Infrastructure,Transportation,Aviation,CC-4230,Maria Delgado,700502,Airport APM Guideway Rehab,"Rivera, Sofia",E11138,CC-4230,PA Labor Cost JAN-26,Maria Delgado,2.0,Data Collection & Survey,2.1,Survey,Home,Timecard,US-Southeast Engineering,Professional Staff Labor,JAN-26,01/18/2026,01/16/2026,31401370,63,5544,2106.72,0,0,344.28,7995,Y,Billed,INV-502-021,
USA Infrastructure,Transportation,Highways,CC-4205,Maria Delgado,700248,SR-417 Widening PD&E Study,"Smith, Alice",E10231,CC-4101,PA Labor Cost JAN-26,Maria Delgado,1.0,Project Management,1.2,Admin,Home,Timecard,US-Southeast Engineering,Professional Staff Labor,JAN-26,01/19/2026,01/18/2026,31400846,11.5,897,340.86,0,0,55.7,1293.56,Y,Billed,INV-248-021,
USA Infrastructure,Transportation,Highways,CC-4205,Maria Delgado,700248,SR-417 Widening PD&E Study,"Chen, Wei",E10455,CC-4205,PA Labor Cost JAN-26,Maria Delgado,2.0,Data Collection & Survey,2.1,Survey,Home,Timecard,US-Southeast Engineering,Professional Staff Labor,JAN-26,01/19/2026,01/19/2026,31400847,49.5,4554,1730.52,0,0,282.8,6567.32,Y,Billed,INV-248-021,
USA Infrastructure,Water,Stormwater,CC-4112,Sam Whitfield,700415,Downtown Stormwater Master Plan,"Nguyen, Thao",E10742,CC-4210,PA Expense Cost JAN-26,Sam Whitfield,2.0,Data Collection & Survey,2.1,Survey,Field,Expense Report,US-Southeast Engineering,Mileage,JAN-26,01/19/2026,01/17/2026,31401223,0,0,0,0,1198.94,53.95,1252.89,Y,Billed,INV-415-021,
USA Infrastructure,Transportation,Highways,CC-4205,Maria Delgado,700248,SR-417 Widening PD&E Study,"Jones, Robert",E10342,CC-4101,PA Labor Cost JAN-26,Maria Delgado,2.0,Data Collection & Survey,2.1,Survey,Home,Timecard,US-Southeast Engineering,Professional Staff Labor,JAN-26,01/20/2026,01/18/2026,31400851,22,1408,535.04,0,0,87.44,2030.48,Y,Billed,INV-248-021,
USA Infrastructure,Transportation,Highways,CC-4205,Maria Delgado,700248,SR-417 Widening PD&E Study,"Patel, Devi",E10518,CC-4205,PA Labor Cost JAN-26,Maria Delgado,4.0,Deliverables & Reports,4.1,Final Report,Home,Timecard,US-Southeast Engineering,Professional Staff Labor,JAN-26,01/21/2026,01/21/2026,31400850,70.5,5005.5,1902.09,0,0,310.84,7218.43,Y,Billed,INV-248-021,
USA Infrastructure,Transportation,Highways,CC-4205,Maria Delgado,700248,SR-417 Widening PD&E Study,TransCore ITS Inc,,,AP Supplier Cost JAN-26,Maria Delgado,3.0,Analysis & Design,3.2,Design Development,Field,Supplier Invoice,US-Southeast Engineering,Subconsultant Services,JAN-26,01/22/2026,01/21/2026,31400853,0,0,0,12040.64,0,541.83,12582.47,Y,Billed,INV-248-021,
USA Infrastructure,Transportation,Highways,CC-4205,Maria Delgado,700248,SR-417 Widening PD&E Study,"Smith, Alice",E10231,CC-4101,PA Expense Cost JAN-26,Maria Delgado,2.0,Data Collection & Survey,2.1,Survey,Home,Expense Report,US-Southeast Engineering,Reproduction,JAN-26,01/22/2026,01/21/2026,31400856,0,0,0,0,5428.96,244.3,5673.26,Y,Billed,INV-248-021,
USA Infrastructure,Transportation,Highways,CC-4205,Maria Delgado,700248,SR-417 Widening PD&E Study,"Chen, Wei",E10455,CC-4205,PA Expense Cost JAN-26,Maria Delgado,2.0,Data Collection & Survey,2.1,Survey,Home,Expense Report,US-Southeast Engineering,Mileage,JAN-26,01/22/2026,01/22/2026,31400858,0,0,0,0,4019.67,180.89,4200.56,Y,Unbilled,,
USA Infrastructure,Transportation,Bridges,CC-4210,Jordan Arafat,700301,Coastal Bridge Inspection Program,"Garcia, Luis",E10677,CC-4210,PA Labor Cost JAN-26,Jordan Arafat,5.0,Field Services,5.2,Inspection,Field,Timecard,US-Southeast Engineering,Field Staff Labor,JAN-26,01/22/2026,01/20/2026,31401040,66.5,3857,1465.66,0,0,239.52,5562.18,Y,Billed,INV-301-021,
USA Infrastructure,Water,Stormwater,CC-4112,Sam Whitfield,700415,Downtown Stormwater Master Plan,"Rivera, Sofia",E11138,CC-4230,PA Labor Cost JAN-26,Sam Whitfield,2.0,Data Collection & Survey,2.1,Survey,Home,Timecard,US-Southeast Engineering,Professional Staff Labor,JAN-26,01/22/2026,01/20/2026,31401214,22,1936,735.68,0,0,120.23,2791.91,Y,Unbilled,,
USA Infrastructure,Water,Treatment,CC-4101,Jordan Arafat,700123,Lakeview WTP Phase 2 Design,TransCore ITS Inc,,,AP Supplier Cost JAN-26,Jordan Arafat,3.0,Analysis & Design,3.2,Design Development,Field,Supplier Invoice,US-Southeast Engineering,Subconsultant Services,JAN-26,01/23/2026,01/22/2026,31400666,0,0,0,4335.3,0,195.09,4530.39,Y,Billed,INV-123-021,
USA Infrastructure,Transportation,Highways,CC-4205,Maria Delgado,700248,SR-417 Widening PD&E Study,"O'Neill, Kate",E10911,CC-4112,PA Labor Cost JAN-26,Maria Delgado,4.0,Deliverables & Reports,4.1,Final Report,Home,Timecard,US-Southeast Engineering,Professional Staff Labor,JAN-26,01/23/2026,01/23/2026,31400848,57,4218,1602.84,0,0,261.94,6082.78,Y,Billed,INV-248-021,
USA Infrastructure,Transportation,Bridges,CC-4210,Jordan Arafat,700301,Coastal Bridge Inspection Program,"Chen, Wei",E10455,CC-4205,PA Labor Cost JAN-26,Jordan Arafat,2.0,Data Collection & Survey,2.1,Utility Locates,Home,Timecard,US-Southeast Engineering,Professional Staff Labor,JAN-26,01/23/2026,01/22/2026,31401041,48,4416,1678.08,0,0,274.23,6368.31,Y,Billed,INV-301-021,
USA Infrastructure,Transportation,Aviation,CC-4230,Maria Delgado,700502,Airport APM Guideway Rehab,"Rivera, Sofia",E11138,CC-4230,PA Expense Cost JAN-26,Maria Delgado,2.0,Data Collection & Survey,2.1,Survey,Home,Expense Report,US-Southeast Engineering,Travel & Lodging,JAN-26,01/23/2026,01/23/2026,31401375,0,0,0,0,1793.99,80.73,1874.72,Y,Billed,INV-502-021,
USA Infrastructure,Transportation,Bridges,CC-4210,Jordan Arafat,700301,Coastal Bridge Inspection Program,"Nguyen, Thao",E10742,CC-4210,PA Expense Cost JAN-26,Jordan Arafat,2.0,Data Collection & Survey,2.1,Survey,Field,Expense Report,US-Southeast Engineering,Travel & Lodging,JAN-26,01/24/2026,01/24/2026,31401047,0,0,0,0,1026.76,46.2,1072.97,Y,Billed,INV-301-021,
USA Infrastructure,Transportation,Bridges,CC-4210,Jordan Arafat,700301,Coastal Bridge Inspection Program,TransCore ITS Inc,,,AP Supplier Cost JAN-26,Jordan Arafat,3.0,Analysis & Design,3.2,Design Development,Field,Supplier Invoice,US-Southeast Engineering,Subconsultant Services,JAN-26,01/25/2026,01/24/2026,31401045,0,0,0,9722.84,0,437.53,10160.37,Y,Billed,INV-301-021,
USA Infrastructure,Water,Stormwater,CC-4112,Sam Whitfield,700415,Downtown Stormwater Master Plan,"O'Neill, Kate",E10911,CC-4112,PA Labor Cost JAN-26,Sam Whitfield,5.0,Field Services,5.2,Inspection,Home,Timecard,US-Southeast Engineering,Professional Staff Labor,JAN-26,01/25/2026,01/25/2026,31401211,60.5,4477,1701.26,0,0,278.02,6456.28,N,Billed,INV-415-021,
USA Infrastructure,Water,Treatment,CC-4101,Jordan Arafat,700123,Lakeview WTP Phase 2 Design,"Rivera, Sofia",E11138,CC-4230,PA Labor Cost JAN-26,Jordan Arafat,2.0,Data Collection & Survey,2.1,Utility Locates,Home,Timecard,US-Southeast Engineering,Professional Staff Labor,JAN-26,01/26/2026,01/24/2026,31400663,20.5,1804,685.52,0,0,112.03,2601.55,Y,Billed,INV-123-021,
USA Infrastructure,Transportation,Highways,CC-4205,Maria Delgado,700248,SR-417 Widening PD&E Study,GeoTech Drilling LLC,,,AP Supplier Cost JAN-26,Maria Delgado,3.0,Analysis & Design,3.2,Design Development,Field,Supplier Invoice,US-Southeast Engineering,Subconsultant Services,JAN-26,01/26/2026,01/25/2026,31400854,0,0,0,7415.03,0,333.68,7748.71,Y,Billed,INV-248-021,
USA Infrastructure,Water,Stormwater,CC-4112,Sam Whitfield,700415,Downtown Stormwater Master Plan,"Brown, Marcus",E10803,CC-4112,PA Labor Cost JAN-26,Sam Whitfield,2.0,Data Collection & Survey,2.1,Survey,Home,Timecard,US-Southeast Engineering,Professional Staff Labor,JAN-26,01/26/2026,01/26/2026,31401217,8.5,722.5,274.55,0,0,44.87,1041.92,Y,Billed,INV-415-021,
USA Infrastructure,Water,Treatment,CC-4101,Jordan Arafat,700123,Lakeview WTP Phase 2 Design,"Garcia, Luis",E10677,CC-4210,PA Labor Cost JAN-26,Jordan Arafat,1.0,Project Management,1.2,Admin,Field,Timecard,US-Southeast Engineering,Field Staff Labor,JAN-26,01/27/2026,01/27/2026,31400659,62.5,3625,1377.5,0,0,225.11,5227.61,Y,Billed,INV-123-021,
USA Infrastructure,Water,Treatment,CC-4101,Jordan Arafat,700123,Lakeview WTP Phase 2 Design,"O'Neill, Kate",E10911,CC-4112,PA Labor Cost JAN-26,Jordan Arafat,3.0,Analysis & Design,3.1,Design Development,Home,Timecard,US-Southeast Engineering,Professional Staff Labor,JAN-26,01/27/2026,01/27/2026,31400662,31,2294,871.72,0,0,142.46,3308.18,Y,Billed,INV-123-021,
USA Infrastructure,Water,Stormwater,CC-4112,Sam Whitfield,700415,Downtown Stormwater Master Plan,"Chen, Wei",E10455,CC-4205,PA Expense Cost JAN-26,Sam Whitfield,2.0,Data Collection & Survey,2.1,Survey,Home,Expense Report,US-Southeast Engineering,Software & Data,JAN-26,01/27/2026,01/26/2026,31401221,0,0,0,0,969.64,43.63,1013.28,Y,Billed,INV-415-021,
USA Infrastructure,Water,Treatment,CC-4101,Jordan Arafat,700123,Lakeview WTP Phase 2 Design,GeoTech Drilling LLC,,,AP Supplier Cost JAN-26,Jordan Arafat,3.0,Analysis & Design,3.2,Design Development,Field,Supplier Invoice,US-Southeast Engineering,Subconsultant Services,JAN-26,01/28/2026,01/27/2026,31400664,0,0,0,9506.9,0,427.81,9934.71,Y,Unbilled,,
USA Infrastructure,Water,Treatment,CC-4101,Jordan Arafat,700123,Lakeview WTP Phase 2 Design,"Patel, Devi",E10518,CC-4205,PA Expense Cost JAN-26,Jordan Arafat,2.0,Data Collection & Survey,2.1,Survey,Home,Expense Report,US-Southeast Engineering,Field Supplies,JAN-26,01/28/2026,01/27/2026,31400670,0,0,0,0,1952.5,87.86,2040.36,Y,Billed,INV-123-021,
USA Infrastructure,Transportation,Bridges,CC-4210,Jordan Arafat,700301,Coastal Bridge Inspection Program,"Jones, Robert",E10342,CC-4101,PA Labor Cost JAN-26,Jordan Arafat,4.0,Deliverables & Reports,4.1,Draft Report,Home,Timecard,US-Southeast Engineering,Professional Staff Labor,JAN-26,01/28/2026,01/26/2026,31401039,55.5,3552,1349.76,0,0,220.58,5122.34,Y,Billed,INV-301-021,
USA Infrastructure,Water,Stormwater,CC-4112,Sam Whitfield,700415,Downtown Stormwater Master Plan,"Jones, Robert",E10342,CC-4101,PA Labor Cost JAN-26,Sam Whitfield,1.0,Project Management,1.1,Admin,Home,Timecard,US-Southeast Engineering,Professional Staff Labor,JAN-26,01/28/2026,01/26/2026,31401213,20.5,1312,498.56,0,0,81.48,1892.04,Y,Billed,INV-415-021,
USA Infrastructure,Water,Stormwater,CC-4112,Sam Whitfield,700415,Downtown Stormwater Master Plan,"Rivera, Sofia",E11138,CC-4230,PA Labor Cost JAN-26,Sam Whitfield,4.0,Deliverables & Reports,4.1,Final Report,Home,Timecard,US-Southeast Engineering,Professional Staff Labor,JAN-26,01/28/2026,01/26/2026,31401218,68.5,6028,2290.64,0,0,374.34,8692.98,N,Billed,INV-415-021,
USA Infrastructure,Transportation,Bridges,CC-4210,Jordan Arafat,700301,Coastal Bridge Inspection Program,"Garcia, Luis",E10677,CC-4210,PA Labor Cost FEB-26,Jordan Arafat,2.0,Data Collection & Survey,2.2,Utility Locates,Field,Timecard,US-Southeast Engineering,Field Staff Labor,FEB-26,02/01/2026,02/01/2026,31401060,49.5,2871,1090.98,0,0,178.29,4140.27,Y,Billed,INV-301-022,
USA Infrastructure,Water,Stormwater,CC-4112,Sam Whitfield,700415,Downtown Stormwater Master Plan,"Kowalski, Jan",E11024,CC-4230,PA Labor Cost FEB-26,Sam Whitfield,5.0,Field Services,5.1,Inspection,Field,Timecard,US-Southeast Engineering,Field Staff Labor,FEB-26,02/01/2026,02/01/2026,31401228,65,3965,1506.7,0,0,246.23,5717.93,Y,Billed,INV-415-022,
USA Infrastructure,Water,Treatment,CC-4101,Jordan Arafat,700123,Lakeview WTP Phase 2 Design,"Chen, Wei",E10455,CC-4205,PA Expense Cost FEB-26,Jordan Arafat,2.0,Data Collection & Survey,2.1,Survey,Home,Expense Report,US-Southeast Engineering,Field Supplies,FEB-26,02/02/2026,02/01/2026,31400682,0,0,0,0,2593.34,116.7,2710.04,Y,Billed,INV-123-022,
USA Infrastructure,Transportation,Bridges,CC-4210,Jordan Arafat,700301,Coastal Bridge Inspection Program,"Nguyen, Thao",E10742,CC-4210,PA Labor Cost FEB-26,Jordan Arafat,2.0,Data Collection & Survey,2.2,Utility Locates,Field,Timecard,US-Southeast Engineering,Field Staff Labor,FEB-26,02/02/2026,02/02/2026,31401052,61,4026,1529.88,0,0,250.01,5805.89,Y,Billed,INV-301-022,
USA Infrastructure,Transportation,Planning,CC-4205,Sam Whitfield,700610,Regional Trail Feasibility Study,BlueWater Environmental,,,AP Supplier Cost FEB-26,Sam Whitfield,3.0,Analysis & Design,3.2,Design Development,Field,Supplier Invoice,US-Southeast Engineering,Subconsultant Services,FEB-26,02/02/2026,02/01/2026,31401439,0,0,0,1768.91,0,79.6,1848.51,Y,Billed,INV-610-022,
USA Infrastructure,Transportation,Bridges,CC-4210,Jordan Arafat,700301,Coastal Bridge Inspection Program,TransCore ITS Inc,,,AP Supplier Cost FEB-26,Jordan Arafat,3.0,Analysis & Design,3.2,Design Development,Field,Supplier Invoice,US-Southeast Engineering,Subconsultant Services,FEB-26,02/04/2026,02/03/2026,31401063,0,0,0,5716.04,0,257.22,5973.26,Y,Billed,INV-301-022,
USA Infrastructure,Water,Stormwater,CC-4112,Sam Whitfield,700415,Downtown Stormwater Master Plan,"Smith, Alice",E10231,CC-4101,PA Labor Cost FEB-26,Sam Whitfield,5.0,Field Services,5.2,CEI Support,Home,Timecard,US-Southeast Engineering,Professional Staff Labor,FEB-26,02/04/2026,02/04/2026,31401224,64,4992,1896.96,0,0,310,7198.96,Y,Billed,INV-415-022,
USA Infrastructure,Transportation,Bridges,CC-4210,Jordan Arafat,700301,Coastal Bridge Inspection Program,Stratus Aerial Imaging,,,AP Supplier Cost FEB-26,Jordan Arafat,3.0,Analysis & Design,3.2,Design Development,Field,Supplier Invoice,US-Southeast Engineering,Subconsultant Services,FEB-26,02/05/2026,02/03/2026,31401062,0,0,0,7495.59,0,337.3,7832.89,N,Billed,INV-301-022,
USA Infrastructure,Transportation,Planning,CC-4205,Sam Whitfield,700610,Regional Trail Feasibility Study,GeoTech Drilling LLC,,,AP Supplier Cost FEB-26,Sam Whitfield,3.0,Analysis & Design,3.2,Design Development,Field,Supplier Invoice,US-Southeast Engineering,Subconsultant Services,FEB-26,02/05/2026,02/04/2026,31401440,0,0,0,315.35,0,14.19,329.54,Y,Unbilled,,
USA Infrastructure,Transportation,Planning,CC-4205,Sam Whitfield,700610,Regional Trail Feasibility Study,"Nguyen, Thao",E10742,CC-4210,PA Expense Cost FEB-26,Sam Whitfield,1.0,Project Management,1.1,Admin,Field,Cost Transfer,US-Southeast Engineering,Professional Staff Labor,FEB-26,02/05/2026,02/05/2026,31401446,-9.68,-639,-242.82,0,0,-39.68,-921.51,Y,Unbilled,,Transfer to 700611 per PM request
USA Infrastructure,Transportation,Highways,CC-4205,Maria Delgado,700248,SR-417 Widening PD&E Study,"O'Neill, Kate",E10911,CC-4112,PA Labor Cost FEB-26,Maria Delgado,2.0,Data Collection & Survey,2.1,Utility Locates,Home,Timecard,US-Southeast Engineering,Professional Staff Labor,FEB-26,02/06/2026,02/05/2026,31400861,69,5106,1940.28,0,0,317.08,7363.36,Y,Billed,INV-248-022,
USA Infrastructure,Transportation,Planning,CC-4205,Sam Whitfield,700610,Regional Trail Feasibility Study,"Chen, Wei",E10455,CC-4205,PA Expense Cost FEB-26,Sam Whitfield,2.0,Data Collection & Survey,2.1,Survey,Home,Expense Report,US-Southeast Engineering,Reproduction,FEB-26,02/06/2026,02/05/2026,31401442,0,0,0,0,929.76,41.84,971.6,Y,Billed,INV-610-022,
USA Infrastructure,Transportation,Highways,CC-4205,Maria Delgado,700248,SR-417 Widening PD&E Study,"Jones, Robert",E10342,CC-4101,PA Labor Cost FEB-26,Maria Delgado,2.0,Data Collection & Survey,2.1,Utility Locates,Home,Timecard,US-Southeast Engineering,Professional Staff Labor,FEB-26,02/07/2026,02/05/2026,31400864,38.5,2464,936.32,0,0,153.01,3553.33,Y,Billed,INV-248-022,
USA Infrastructure,Transportation,Bridges,CC-4210,Jordan Arafat,700301,Coastal Bridge Inspection Program,"Jones, Robert",E10342,CC-4101,PA Labor Cost FEB-26,Jordan Arafat,4.0,Deliverables & Reports,4.2,Draft Report,Home,Timecard,US-Southeast Engineering,Professional Staff Labor,FEB-26,02/07/2026,02/07/2026,31401061,14.5,928,352.64,0,0,57.63,1338.27,Y,Billed,INV-301-022,
USA Infrastructure,Transportation,Bridges,CC-4210,Jordan Arafat,700301,Coastal Bridge Inspection Program,"Jones, Robert",E10342,CC-4101,PA Labor Cost FEB-26,Jordan Arafat,3.0,Analysis & Design,3.2,Design Development,Home,Timecard,US-Southeast Engineering,Professional Staff Labor,FEB-26,02/08/2026,02/07/2026,31401054,31,1984,753.92,0,0,123.21,2861.13,Y,Billed,INV-301-022,
USA Infrastructure,Transportation,Planning,CC-4205,Sam Whitfield,700610,Regional Trail Feasibility Study,"Patel, Devi",E10518,CC-4205,PA Labor Cost FEB-26,Sam Whitfield,4.0,Deliverables & Reports,4.2,Final Report,Home,Timecard,US-Southeast Engineering,Professional Staff Labor,FEB-26,02/08/2026,02/06/2026,31401434,53.5,3798.5,1443.43,0,0,235.89,5477.82,Y,Billed,INV-610-022,
USA Infrastructure,Transportation,Planning,CC-4205,Sam Whitfield,700610,Regional Trail Feasibility Study,"Garcia, Luis",E10677,CC-4210,PA Expense Cost FEB-26,Sam Whitfield,2.0,Data Collection & Survey,2.1,Survey,Field,Expense Report,US-Southeast Engineering,Mileage,FEB-26,02/09/2026,02/09/2026,31401443,0,0,0,0,1809.99,81.45,1891.43,Y,Billed,INV-610-022,
USA Infrastructure,Water,Treatment,CC-4101,Jordan Arafat,700123,Lakeview WTP Phase 2 Design,"O'Neill, Kate",E10911,CC-4112,PA Labor Cost FEB-26,Jordan Arafat,1.0,Project Management,1.2,Admin,Home,Timecard,US-Southeast Engineering,Professional Staff Labor,FEB-26,02/10/2026,02/09/2026,31400676,24,1776,674.88,0,0,110.29,2561.17,Y,Billed,INV-123-022,
USA Infrastructure,Transportation,Bridges,CC-4210,Jordan Arafat,700301,Coastal Bridge Inspection Program,"Nguyen, Thao",E10742,CC-4210,PA Expense Cost FEB-26,Jordan Arafat,2.0,Data Collection & Survey,2.1,Survey,Field,Expense Report,US-Southeast Engineering,Reproduction,FEB-26,02/10/2026,02/09/2026,31401067,0,0,0,0,1874.62,84.36,1958.98,Y,Unbilled,,
USA Infrastructure,Water,Stormwater,CC-4112,Sam Whitfield,700415,Downtown Stormwater Master Plan,"Jones, Robert",E10342,CC-4101,PA Labor Cost FEB-26,Sam Whitfield,2.0,Data Collection & Survey,2.2,Utility Locates,Home,Timecard,US-Southeast Engineering,Professional Staff Labor,FEB-26,02/10/2026,02/10/2026,31401225,52.5,3360,1276.8,0,0,208.66,4845.46,Y,Billed,INV-415-022,
USA Infrastructure,Transportation,Aviation,CC-4230,Maria Delgado,700502,Airport APM Guideway Rehab,"O'Neill, Kate",E10911,CC-4112,PA Expense Cost FEB-26,Maria Delgado,2.0,Data Collection & Survey,2.1,Survey,Home,Expense Report,US-Southeast Engineering,Mileage,FEB-26,02/10/2026,02/08/2026,31401386,0,0,0,0,1450.96,65.29,1516.25,Y,Billed,INV-502-022,
USA Infrastructure,Transportation,Planning,CC-4205,Sam Whitfield,700610,Regional Trail Feasibility Study,"Garcia, Luis",E10677,CC-4210,PA Labor Cost FEB-26,Sam Whitfield,5.0,Field Services,5.2,Inspection,Field,Timecard,US-Southeast Engineering,Field Staff Labor,FEB-26,02/10/2026,02/09/2026,31401433,65.5,3799,1443.62,0,0,235.92,5478.54,Y,Billed,INV-610-022,
USA Infrastructure,Water,Stormwater,CC-4112,Sam Whitfield,700415,Downtown Stormwater Master Plan,"Chen, Wei",E10455,CC-4205,PA Labor Cost FEB-26,Sam Whitfield,3.0,Analysis & Design,3.1,Design Development,Home,Timecard,US-Southeast Engineering,Professional Staff Labor,FEB-26,02/11/2026,02/11/2026,31401227,54,4968,1887.84,0,0,308.51,7164.35,Y,Billed,INV-415-022,
USA Infrastructure,Transportation,Aviation,CC-4230,Maria Delgado,700502,Airport APM Guideway Rehab,"Garcia, Luis",E10677,CC-4210,PA Labor Cost FEB-26,Maria Delgado,2.0,Data Collection & Survey,2.2,Utility Locates,Field,Timecard,US-Southeast Engineering,Field Staff Labor,FEB-26,02/11/2026,02/10/2026,31401380,54,3132,1190.16,0,0,194.5,4516.66,Y,Billed,INV-502-022,
USA Infrastructure,Transportation,Aviation,CC-4230,Maria Delgado,700502,Airport APM Guideway Rehab,"Patel, Devi",E10518,CC-4205,PA Labor Cost FEB-26,Maria Delgado,1.0,Project Management,1.2,Admin,Home,Timecard,US-Southeast Engineering,Professional Staff Labor,FEB-26,02/11/2026,02/11/2026,31401382,32,2272,863.36,0,0,141.09,3276.45,Y,Billed,INV-502-022,
USA Infrastructure,Transportation,Highways,CC-4205,Maria Delgado,700248,SR-417 Widening PD&E Study,"Garcia, Luis",E10677,CC-4210,PA Labor Cost FEB-26,Maria Delgado,3.0,Analysis & Design,3.1,Design Development,Field,Timecard,US-Southeast Engineering,Field Staff Labor,FEB-26,02/12/2026,02/12/2026,31400859,42.5,2465,936.7,0,0,153.08,3554.78,Y,Billed,INV-248-022,
USA Infrastructure,Transportation,Highways,CC-4205,Maria Delgado,700248,SR-417 Widening PD&E Study,GeoTech Drilling LLC,,,AP Supplier Cost FEB-26,Maria Delgado,3.0,Analysis & Design,3.2,Design Development,Field,Supplier Invoice,US-Southeast Engineering,Subconsultant Services,FEB-26,02/12/2026,02/11/2026,31400866,0,0,0,15396.71,0,692.85,16089.56,Y,Billed,INV-248-022,
USA Infrastructure,Transportation,Highways,CC-4205,Maria Delgado,700248,SR-417 Widening PD&E Study,"Brown, Marcus",E10803,CC-4112,PA Expense Cost FEB-26,Maria Delgado,2.0,Data Collection & Survey,2.1,Survey,Home,Expense Report,US-Southeast Engineering,Software & Data,FEB-26,02/12/2026,02/12/2026,31400868,0,0,0,0,4060.89,182.74,4243.63,Y,Billed,INV-248-022,
USA Infrastructure,Water,Treatment,CC-4101,Jordan Arafat,700123,Lakeview WTP Phase 2 Design,"Patel, Devi",E10518,CC-4205,PA Expense Cost FEB-26,Jordan Arafat,1.0,Project Management,1.1,Admin,Home,Cost Transfer,US-Southeast Engineering,Professional Staff Labor,FEB-26,02/13/2026,02/11/2026,31400686,-8.25,-585.74,-222.58,0,0,-36.37,-844.7,Y,Billed,INV-123-022,Transfer to 700124 per PM request
USA Infrastructure,Water,Stormwater,CC-4112,Sam Whitfield,700415,Downtown Stormwater Master Plan,"Chen, Wei",E10455,CC-4205,PA Labor Cost FEB-26,Sam Whitfield,2.0,Data Collection & Survey,2.2,Survey,Home,Timecard,US-Southeast Engineering,Professional Staff Labor,FEB-26,02/13/2026,02/11/2026,31401230,50.5,4646,1765.48,0,0,288.52,6700,Y,Billed,INV-415-022,
USA Infrastructure,Transportation,Aviation,CC-4230,Maria Delgado,700502,Airport APM Guideway Rehab,"Smith, Alice",E10231,CC-4101,PA Labor Cost FEB-26,Maria Delgado,5.0,Field Services,5.2,CEI Support,Home,Timecard,US-Southeast Engineering,Professional Staff Labor,FEB-26,02/13/2026,02/11/2026,31401381,57.5,4485,1704.3,0,0,278.52,6467.82,Y,Billed,INV-502-022,
USA Infrastructure,Transportation,Aviation,CC-4230,Maria Delgado,700502,Airport APM Guideway Rehab,Stratus Aerial Imaging,,,AP Supplier Cost FEB-26,Maria Delgado,3.0,Analysis & Design,3.2,Design Development,Field,Supplier Invoice,US-Southeast Engineering,Subconsultant Services,FEB-26,02/13/2026,02/12/2026,31401384,0,0,0,15263.93,0,686.88,15950.81,N,Billed,INV-502-022,
USA Infrastructure,Transportation,Planning,CC-4205,Sam Whitfield,700610,Regional Trail Feasibility Study,"Brown, Marcus",E10803,CC-4112,PA Labor Cost FEB-26,Sam Whitfield,3.0,Analysis & Design,3.1,Modeling,Home,Timecard,US-Southeast Engineering,Professional Staff Labor,FEB-26,02/13/2026,02/13/2026,31401437,27.5,2337.5,888.25,0,0,145.16,3370.91,Y,Billed,INV-610-022,
USA Infrastructure,Transportation,Aviation,CC-4230,Maria Delgado,700502,Airport APM Guideway Rehab,"Kowalski, Jan",E11024,CC-4230,PA Expense Cost FEB-26,Maria Delgado,2.0,Data Collection & Survey,2.1,Survey,Field,Expense Report,US-Southeast Engineering,Reproduction,FEB-26,02/14/2026,02/13/2026,31401387,0,0,0,0,653.28,29.4,682.68,Y,Billed,INV-502-022,
USA Infrastructure,Transportation,Planning,CC-4205,Sam Whitfield,700610,Regional Trail Feasibility Study,"Chen, Wei",E10455,CC-4205,PA Labor Cost FEB-26,Sam Whitfield,3.0,Analysis & Design,3.2,Design Development,Home,Timecard,US-Southeast Engineering,Professional Staff Labor,FEB-26,02/14/2026,02/13/2026,31401435,27.5,2530,961.4,0,0,157.11,3648.51,Y,Billed,INV-610-022,
USA Infrastructure,Transportation,Planning,CC-4205,Sam Whitfield,700610,Regional Trail Feasibility Study,"Patel, Devi",E10518,CC-4205,PA Expense Cost FEB-26,Sam Whitfield,2.0,Data Collection & Survey,2.1,Survey,Home,Expense Report,US-Southeast Engineering,Mileage,FEB-26,02/14/2026,02/14/2026,31401445,0,0,0,0,719.94,32.4,752.34,Y,Unbilled,,
USA Infrastructure,Water,Treatment,CC-4101,Jordan Arafat,700123,Lakeview WTP Phase 2 Design,"Kowalski, Jan",E11024,CC-4230,PA Expense Cost FEB-26,Jordan Arafat,2.0,Data Collection & Survey,2.1,Survey,Field,Expense Report,US-Southeast Engineering,Field Supplies,FEB-26,02/15/2026,02/15/2026,31400681,0,0,0,0,5056.59,227.55,5284.14,Y,Billed,INV-123-022,
USA Infrastructure,Water,Treatment,CC-4101,Jordan Arafat,700123,Lakeview WTP Phase 2 Design,"Jones, Robert",E10342,CC-4101,PA Expense Cost FEB-26,Jordan Arafat,2.0,Data Collection & Survey,2.1,Survey,Home,Expense Report,US-Southeast Engineering,Mileage,FEB-26,02/15/2026,02/14/2026,31400683,0,0,0,0,3661.4,164.76,3826.17,Y,Unbilled,,
USA Infrastructure,Transportation,Bridges,CC-4210,Jordan Arafat,700301,Coastal Bridge Inspection Program,"Brown, Marcus",E10803,CC-4112,PA Labor Cost FEB-26,Jordan Arafat,3.0,Analysis & Design,3.2,Modeling,Home,Timecard,US-Southeast Engineering,Professional Staff Labor,FEB-26,02/15/2026,02/14/2026,31401056,60.5,5142.5,1954.15,0,0,319.35,7416,Y,Billed,INV-301-022,
USA Infrastructure,Transportation,Bridges,CC-4210,Jordan Arafat,700301,Coastal Bridge Inspection Program,"Patel, Devi",E10518,CC-4205,PA Labor Cost FEB-26,Jordan Arafat,4.0,Deliverables & Reports,4.2,Draft Report,Home,Timecard,US-Southeast Engineering,Professional Staff Labor,FEB-26,02/15/2026,02/13/2026,31401058,55,3905,1483.9,0,0,242.5,5631.4,Y,Billed,INV-301-022,
USA Infrastructure,Water,Treatment,CC-4101,Jordan Arafat,700123,Lakeview WTP Phase 2 Design,"Nguyen, Thao",E10742,CC-4210,PA Labor Cost FEB-26,Jordan Arafat,1.0,Project Management,1.1,Admin,Field,Timecard,US-Southeast Engineering,Field Staff Labor,FEB-26,02/16/2026,02/16/2026,31400673,19,1254,476.52,0,0,77.87,1808.39,Y,Billed,INV-123-022,
USA Infrastructure,Transportation,Bridges,CC-4210,Jordan Arafat,700301,Coastal Bridge Inspection Program,"O'Neill, Kate",E10911,CC-4112,PA Labor Cost FEB-26,Jordan Arafat,1.0,Project Management,1.2,Admin,Home,Timecard,US-Southeast Engineering,Professional Staff Labor,FEB-26,02/16/2026,02/15/2026,31401053,22.5,1665,632.7,0,0,103.4,2401.1,Y,Billed,INV-301-022,
USA Infrastructure,Water,Treatment,CC-4101,Jordan Arafat,700123,Lakeview WTP Phase 2 Design,"O'Neill, Kate",E10911,CC-4112,PA Labor Cost FEB-26,Jordan Arafat,4.0,Deliverables & Reports,4.2,Final Report,Home,Timecard,US-Southeast Engineering,Professional Staff Labor,FEB-26,02/17/2026,02/17/2026,31400672,53.5,3959,1504.42,0,0,245.85,5709.27,Y,Billed,INV-123-022,
USA Infrastructure,Water,Treatment,CC-4101,Jordan Arafat,700123,Lakeview WTP Phase 2 Design,"Garcia, Luis",E10677,CC-4210,PA Labor Cost FEB-26,Jordan Arafat,3.0,Analysis & Design,3.2,Modeling,Field,Timecard,US-Southeast Engineering,Field Staff Labor,FEB-26,02/17/2026,02/16/2026,31400677,68.5,3973,1509.74,0,0,246.72,5729.46,Y,Billed,INV-123-022,
USA Infrastructure,Transportation,Highways,CC-4205,Maria Delgado,700248,SR-417 Widening PD&E Study,"Garcia, Luis",E10677,CC-4210,PA Expense Cost FEB-26,Maria Delgado,2.0,Data Collection & Survey,2.1,Survey,Field,Expense Report,US-Southeast Engineering,Field Supplies,FEB-26,02/17/2026,02/17/2026,31400869,0,0,0,0,2102.93,94.63,2197.56,Y,Billed,INV-248-022,
USA Infrastructure,Transportation,Highways,CC-4205,Maria Delgado,700248,SR-417 Widening PD&E Study,"Smith, Alice",E10231,CC-4101,PA Labor Cost FEB-26,Maria Delgado,3.0,Analysis & Design,3.1,Modeling,Home,Timecard,US-Southeast Engineering,Professional Staff Labor,FEB-26,02/18/2026,02/18/2026,31400865,39.5,3081,1170.78,0,0,191.33,4443.11,Y,Unbilled,,
USA Infrastructure,Water,Stormwater,CC-4112,Sam Whitfield,700415,Downtown Stormwater Master Plan,"Patel, Devi",E10518,CC-4205,PA Labor Cost FEB-26,Sam Whitfield,2.0,Data Collection & Survey,2.2,Utility Locates,Home,Timecard,US-Southeast Engineering,Professional Staff Labor,FEB-26,02/18/2026,02/18/2026,31401226,25,1775,674.5,0,0,110.23,2559.73,N,Billed,INV-415-022,
USA Infrastructure,Transportation,Planning,CC-4205,Sam Whitfield,700610,Regional Trail Feasibility Study,BlueWater Environmental,,,AP Supplier Cost FEB-26,Sam Whitfield,3.0,Analysis & Design,3.2,Design Development,Field,Supplier Invoice,US-Southeast Engineering,Subconsultant Services,FEB-26,02/18/2026,02/17/2026,31401441,0,0,0,588.52,0,26.48,615.01,Y,Unbilled,,
USA Infrastructure,Water,Treatment,CC-4101,Jordan Arafat,700123,Lakeview WTP Phase 2 Design,"Patel, Devi",E10518,CC-4205,PA Labor Cost FEB-26,Jordan Arafat,3.0,Analysis & Design,3.1,Design Development,Home,Timecard,US-Southeast Engineering,Professional Staff Labor,FEB-26,02/19/2026,02/18/2026,31400675,18,1278,485.64,0,0,79.36,1843,Y,Billed,INV-123-022,
USA Infrastructure,Water,Treatment,CC-4101,Jordan Arafat,700123,Lakeview WTP Phase 2 Design,"Jones, Robert",E10342,CC-4101,PA Labor Cost FEB-26,Jordan Arafat,4.0,Deliverables & Reports,4.2,Draft Report,Home,Timecard,US-Southeast Engineering,Professional Staff Labor,FEB-26,02/19/2026,02/17/2026,31400678,39,2496,948.48,0,0,155,3599.48,Y,Unbilled,,
USA Infrastructure,Water,Stormwater,CC-4112,Sam Whitfield,700415,Downtown Stormwater Master Plan,"Nguyen, Thao",E10742,CC-4210,PA Expense Cost FEB-26,Sam Whitfield,2.0,Data Collection & Survey,2.1,Survey,Field,Expense Report,US-Southeast Engineering,Software & Data,FEB-26,02/19/2026,02/19/2026,31401237,0,0,0,0,544.02,24.48,568.5,Y,Billed,INV-415-022,
USA Infrastructure,Water,Treatment,CC-4101,Jordan Arafat,700123,Lakeview WTP Phase 2 Design,TransCore ITS Inc,,,AP Supplier Cost FEB-26,Jordan Arafat,3.0,Analysis & Design,3.2,Design Development,Field,Supplier Invoice,US-Southeast Engineering,Subconsultant Services,FEB-26,02/20/2026,02/19/2026,31400680,0,0,0,8387.82,0,377.45,8765.27,Y,Unbilled,,
USA Infrastructure,Transportation,Highways,CC-4205,Maria Delgado,700248,SR-417 Widening PD&E Study,"Rivera, Sofia",E11138,CC-4230,PA Expense Cost FEB-26,Maria Delgado,2.0,Data Collection & Survey,2.1,Survey,Home,Expense Report,US-Southeast Engineering,Mileage,FEB-26,02/20/2026,02/18/2026,31400870,0,0,0,0,5692.33,256.15,5948.48,Y,Billed,INV-248-022,
USA Infrastructure,Transportation,Aviation,CC-4230,Maria Delgado,700502,Airport APM Guideway Rehab,"Patel, Devi",E10518,CC-4205,PA Expense Cost FEB-26,Maria Delgado,2.0,Data Collection & Survey,2.1,Survey,Home,Expense Report,US-Southeast Engineering,Software & Data,FEB-26,02/20/2026,02/18/2026,31401388,0,0,0,0,1573.97,70.83,1644.8,Y,Unbilled,,
USA Infrastructure,Transportation,Highways,CC-4205,Maria Delgado,700248,SR-417 Widening PD&E Study,"Brown, Marcus",E10803,CC-4112,PA Labor Cost FEB-26,Maria Delgado,4.0,Deliverables & Reports,4.2,Final Report,Home,Timecard,US-Southeast Engineering,Professional Staff Labor,FEB-26,02/21/2026,02/20/2026,31400862,35,2975,1130.5,0,0,184.75,4290.25,N,Billed,INV-248-022,
USA Infrastructure,Transportation,Highways,CC-4205,Maria Delgado,700248,SR-417 Widening PD&E Study,"Brown, Marcus",E10803,CC-4112,PA Labor Cost FEB-26,Maria Delgado,1.0,Project Management,1.1,Meetings & Coordination,Home,Timecard,US-Southeast Engineering,Professional Staff Labor,FEB-26,02/21/2026,02/20/2026,31400863,35.5,3017.5,1146.65,0,0,187.39,4351.54,Y,Billed,INV-248-022,
USA Infrastructure,Transportation,Bridges,CC-4210,Jordan Arafat,700301,Coastal Bridge Inspection Program,"Garcia, Luis",E10677,CC-4210,PA Labor Cost FEB-26,Jordan Arafat,5.0,Field Services,5.1,Inspection,Field,Timecard,US-Southeast Engineering,Field Staff Labor,FEB-26,02/21/2026,02/20/2026,31401055,47.5,2755,1046.9,0,0,171.09,3972.99,Y,Billed,INV-301-022,
USA Infrastructure,Water,Stormwater,CC-4112,Sam Whitfield,700415,Downtown Stormwater Master Plan,TransCore ITS Inc,,,AP Supplier Cost FEB-26,Sam Whitfield,3.0,Analysis & Design,3.2,Design Development,Field,Supplier Invoice,US-Southeast Engineering,Subconsultant Services,FEB-26,02/21/2026,02/21/2026,31401232,0,0,0,2891.61,0,130.12,3021.73,Y,Billed,INV-415-022,
USA Infrastructure,Water,Stormwater,CC-4112,Sam Whitfield,700415,Downtown Stormwater Master Plan,"Brown, Marcus",E10803,CC-4112,PA Expense Cost FEB-26,Sam Whitfield,2.0,Data Collection & Survey,2.1,Survey,Home,Expense Report,US-Southeast Engineering,Software & Data,FEB-26,02/21/2026,02/19/2026,31401235,0,0,0,0,589.42,26.52,615.95,Y,Billed,INV-415-022,
USA Infrastructure,Transportation,Aviation,CC-4230,Maria Delgado,700502,Airport APM Guideway Rehab,Stratus Aerial Imaging,,,AP Supplier Cost FEB-26,Maria Delgado,3.0,Analysis & Design,3.2,Design Development,Field,Supplier Invoice,US-Southeast Engineering,Subconsultant Services,FEB-26,02/21/2026,02/20/2026,31401383,0,0,0,19615.09,0,882.68,20497.77,Y,Billed,INV-502-022,
USA Infrastructure,Water,Treatment,CC-4101,Jordan Arafat,700123,Lakeview WTP Phase 2 Design,"O'Neill, Kate",E10911,CC-4112,PA Expense Cost FEB-26,Jordan Arafat,2.0,Data Collection & Survey,2.1,Survey,Home,Expense Report,US-Southeast Engineering,Mileage,FEB-26,02/22/2026,02/22/2026,31400684,0,0,0,0,1475.51,66.4,1541.91,Y,Billed,INV-123-022,
USA Infrastructure,Transportation,Bridges,CC-4210,Jordan Arafat,700301,Coastal Bridge Inspection Program,"Rivera, Sofia",E11138,CC-4230,PA Expense Cost FEB-26,Jordan Arafat,2.0,Data Collection & Survey,2.1,Survey,Home,Expense Report,US-Southeast Engineering,Reproduction,FEB-26,02/22/2026,02/22/2026,31401066,0,0,0,0,559.3,25.17,584.47,Y,Billed,INV-301-022,
USA Infrastructure,Transportation,Planning,CC-4205,Sam Whitfield,700610,Regional Trail Feasibility Study,"Chen, Wei",E10455,CC-4205,PA Labor Cost FEB-26,Sam Whitfield,1.0,Project Management,1.1,Meetings & Coordination,Home,Timecard,US-Southeast Engineering,Professional Staff Labor,FEB-26,02/22/2026,02/22/2026,31401436,60.5,5566,2115.08,0,0,345.65,8026.73,Y,Billed,INV-610-022,
USA Infrastructure,Transportation,Highways,CC-4205,Maria Delgado,700248,SR-417 Widening PD&E Study,"Nguyen, Thao",E10742,CC-4210,PA Expense Cost FEB-26,Maria Delgado,1.0,Project Management,1.1,Admin,Field,Cost Transfer,US-Southeast Engineering,Professional Staff Labor,FEB-26,02/23/2026,02/23/2026,31400871,-7.09,-468,-177.84,0,0,-29.06,-674.9,N,Billed,INV-248-022,Transfer to 700249 per PM request
USA Infrastructure,Transportation,Aviation,CC-4230,Maria Delgado,700502,Airport APM Guideway Rehab,"Chen, Wei",E10455,CC-4205,PA Labor Cost FEB-26,Maria Delgado,3.0,Analysis & Design,3.1,Design Development,Home,Timecard,US-Southeast Engineering,Professional Staff Labor,FEB-26,02/23/2026,02/22/2026,31401378,35.5,3266,1241.08,0,0,202.82,4709.9,Y,Billed,INV-502-022,
USA Infrastructure,Transportation,Aviation,CC-4230,Maria Delgado,700502,Airport APM Guideway Rehab,"Brown, Marcus",E10803,CC-4112,PA Expense Cost FEB-26,Maria Delgado,2.0,Data Collection & Survey,2.1,Survey,Home,Expense Report,US-Southeast Engineering,Reproduction,FEB-26,02/23/2026,02/22/2026,31401385,0,0,0,0,2134.97,96.07,2231.04,Y,Billed,INV-502-022,
USA Infrastructure,Water,Treatment,CC-4101,Jordan Arafat,700123,Lakeview WTP Phase 2 Design,GeoTech Drilling LLC,,,AP Supplier Cost FEB-26,Jordan Arafat,3.0,Analysis & Design,3.2,Design Development,Field,Supplier Invoice,US-Southeast Engineering,Subconsultant Services,FEB-26,02/24/2026,02/22/2026,31400679,0,0,0,11959.93,0,538.2,12498.13,Y,Billed,INV-123-022,
USA Infrastructure,Transportation,Bridges,CC-4210,Jordan Arafat,700301,Coastal Bridge Inspection Program,"Smith, Alice",E10231,CC-4101,PA Expense Cost FEB-26,Jordan Arafat,2.0,Data Collection & Survey,2.1,Survey,Home,Expense Report,US-Southeast Engineering,Mileage,FEB-26,02/24/2026,02/24/2026,31401065,0,0,0,0,3432.72,154.47,3587.19,Y,Billed,INV-301-022,
USA Infrastructure,Water,Stormwater,CC-4112,Sam Whitfield,700415,Downtown Stormwater Master Plan,"Rivera, Sofia",E11138,CC-4230,PA Expense Cost FEB-26,Sam Whitfield,2.0,Data Collection & Survey,2.1,Survey,Home,Expense Report,US-Southeast Engineering,Travel & Lodging,FEB-26,02/24/2026,02/22/2026,31401236,0,0,0,0,144.79,6.52,151.3,Y,Billed,INV-415-022,
USA Infrastructure,Transportation,Planning,CC-4205,Sam Whitfield,700610,Regional Trail Feasibility Study,"Chen, Wei",E10455,CC-4205,PA Labor Cost FEB-26,Sam Whitfield,3.0,Analysis & Design,3.2,Design Development,Home,Timecard,US-Southeast Engineering,Professional Staff Labor,FEB-26,02/25/2026,02/25/2026,31401438,22,2024,769.12,0,0,125.69,2918.81,Y,Billed,INV-610-022,
USA Infrastructure,Water,Treatment,CC-4101,Jordan Arafat,700123,Lakeview WTP Phase 2 Design,"Kowalski, Jan",E11024,CC-4230,PA Expense Cost FEB-26,Jordan Arafat,2.0,Data Collection & Survey,2.1,Survey,Field,Expense Report,US-Southeast Engineering,Mileage,FEB-26,02/26/2026,02/26/2026,31400685,0,0,0,0,2473.97,111.33,2585.3,Y,Billed,INV-123-022,
USA Infrastructure,Transportation,Highways,CC-4205,Maria Delgado,700248,SR-417 Widening PD&E Study,TransCore ITS Inc,,,AP Supplier Cost FEB-26,Maria Delgado,3.0,Analysis & Design,3.2,Design Development,Field,Supplier Invoice,US-Southeast Engineering,Subconsultant Services,FEB-26,02/26/2026,02/26/2026,31400867,0,0,0,12267.64,0,552.04,12819.68,N,Billed,INV-248-022,
USA Infrastructure,Transportation,Bridges,CC-4210,Jordan Arafat,700301,Coastal Bridge Inspection Program,"Garcia, Luis",E10677,CC-4210,PA Expense Cost FEB-26,Jordan Arafat,2.0,Data Collection & Survey,2.1,Survey,Field,Expense Report,US-Southeast Engineering,Software & Data,FEB-26,02/26/2026,02/24/2026,31401064,0,0,0,0,4702.66,211.62,4914.28,Y,Billed,INV-301-022,
USA Infrastructure,Water,Stormwater,CC-4112,Sam Whitfield,700415,Downtown Stormwater Master Plan,"Chen, Wei",E10455,CC-4205,PA Labor Cost FEB-26,Sam Whitfield,5.0,Field Services,5.2,CEI Support,Home,Timecard,US-Southeast Engineering,Professional Staff Labor,FEB-26,02/26/2026,02/26/2026,31401231,40,3680,1398.4,0,0,228.53,5306.93,Y,Unbilled,,
USA Infrastructure,Water,Stormwater,CC-4112,Sam Whitfield,700415,Downtown Stormwater Master Plan,"Garcia, Luis",E10677,CC-4210,PA Expense Cost FEB-26,Sam Whitfield,2.0,Data Collection & Survey,2.1,Survey,Field,Expense Report,US-Southeast Engineering,Field Supplies,FEB-26,02/26/2026,02/24/2026,31401234,0,0,0,0,371.64,16.72,388.36,Y,Billed,INV-415-022,
USA Infrastructure,Transportation,Highways,CC-4205,Maria Delgado,700248,SR-417 Widening PD&E Study,"Kowalski, Jan",E11024,CC-4230,PA Labor Cost FEB-26,Maria Delgado,3.0,Analysis & Design,3.2,Design Development,Field,Timecard,US-Southeast Engineering,Field Staff Labor,FEB-26,02/27/2026,02/26/2026,31400860,45,2745,1043.1,0,0,170.46,3958.56,N,Billed,INV-248-022,
USA Infrastructure,Transportation,Bridges,CC-4210,Jordan Arafat,700301,Coastal Bridge Inspection Program,"Patel, Devi",E10518,CC-4205,PA Labor Cost FEB-26,Jordan Arafat,3.0,Analysis & Design,3.2,Modeling,Home,Timecard,US-Southeast Engineering,Professional Staff Labor,FEB-26,02/27/2026,02/26/2026,31401057,37,2627,998.26,0,0,163.14,3788.4,Y,Billed,INV-301-022,
USA Infrastructure,Transportation,Bridges,CC-4210,Jordan Arafat,700301,Coastal Bridge Inspection Program,"Brown, Marcus",E10803,CC-4112,PA Labor Cost FEB-26,Jordan Arafat,4.0,Deliverables & Reports,4.2,Final Report,Home,Timecard,US-Southeast Engineering,Professional Staff Labor,FEB-26,02/27/2026,02/27/2026,31401059,17,1445,549.1,0,0,89.73,2083.83,Y,Billed,INV-301-022,
USA Infrastructure,Water,Stormwater,CC-4112,Sam Whitfield,700415,Downtown Stormwater Master Plan,"Jones, Robert",E10342,CC-4101,PA Labor Cost FEB-26,Sam Whitfield,5.0,Field Services,5.1,Inspection,Home,Timecard,US-Southeast Engineering,Professional Staff Labor,FEB-26,02/27/2026,02/27/2026,31401229,35,2240,851.2,0,0,139.1,3230.3,Y,Billed,INV-415-022,
USA Infrastructure,Water,Stormwater,CC-4112,Sam Whitfield,700415,Downtown Stormwater Master Plan,"Chen, Wei",E10455,CC-4205,PA Expense Cost FEB-26,Sam Whitfield,2.0,Data Collection & Survey,2.1,Survey,Home,Expense Report,US-Southeast Engineering,Travel & Lodging,FEB-26,02/27/2026,02/25/2026,31401233,0,0,0,0,1964.64,88.41,2053.05,Y,Billed,INV-415-022,
USA Infrastructure,Water,Treatment,CC-4101,Jordan Arafat,700123,Lakeview WTP Phase 2 Design,"Garcia, Luis",E10677,CC-4210,PA Labor Cost FEB-26,Jordan Arafat,5.0,Field Services,5.1,Inspection,Field,Timecard,US-Southeast Engineering,Field Staff Labor,FEB-26,02/28/2026,02/27/2026,31400674,59.5,3451,1311.38,0,0,214.31,4976.69,Y,Billed,INV-123-022,
USA Infrastructure,Transportation,Bridges,CC-4210,Jordan Arafat,700301,Coastal Bridge Inspection Program,"Rivera, Sofia",E11138,CC-4230,PA Labor Cost FEB-26,Jordan Arafat,5.0,Field Services,5.1,Inspection,Home,Timecard,US-Southeast Engineering,Professional Staff Labor,FEB-26,02/28/2026,02/27/2026,31401051,19.5,1716,652.08,0,0,106.56,2474.64,Y,Billed,INV-301-022,
USA Infrastructure,Transportation,Aviation,CC-4230,Maria Delgado,700502,Airport APM Guideway Rehab,"Smith, Alice",E10231,CC-4101,PA Labor Cost FEB-26,Maria Delgado,4.0,Deliverables & Reports,4.2,Draft Report,Home,Timecard,US-Southeast Engineering,Professional Staff Labor,FEB-26,02/28/2026,02/26/2026,31401379,55,4290,1630.2,0,0,266.41,6186.61,Y,Unbilled,,
USA Infrastructure,Transportation,Planning,CC-4205,Sam Whitfield,700610,Regional Trail Feasibility Study,"Smith, Alice",E10231,CC-4101,PA Expense Cost FEB-26,Sam Whitfield,2.0,Data Collection & Survey,2.1,Survey,Home,Expense Report,US-Southeast Engineering,Travel & Lodging,FEB-26,02/28/2026,02/27/2026,31401444,0,0,0,0,549.49,24.73,574.22,Y,Billed,INV-610-022,
USA Infrastructure,Transportation,Highways,CC-4205,Maria Delgado,700248,SR-417 Widening PD&E Study,"Brown, Marcus",E10803,CC-4112,PA Labor Cost MAR-26,Maria Delgado,4.0,Deliverables & Reports,4.1,Draft Report,Home,Timecard,US-Southeast Engineering,Professional Staff Labor,MAR-26,03/02/2026,03/02/2026,31400874,51.5,4377.5,1663.45,0,0,271.84,6312.79,Y,Unbilled,,
USA Infrastructure,Transportation,Bridges,CC-4210,Jordan Arafat,700301,Coastal Bridge Inspection Program,"Kowalski, Jan",E11024,CC-4230,PA Expense Cost MAR-26,Jordan Arafat,2.0,Data Collection & Survey,2.1,Survey,Field,Expense Report,US-Southeast Engineering,Field Supplies,MAR-26,03/03/2026,03/02/2026,31401082,0,0,0,0,708,31.86,739.86,Y,Billed,INV-301-023,
USA Infrastructure,Water,Treatment,CC-4101,Jordan Arafat,700123,Lakeview WTP Phase 2 Design,"Smith, Alice",E10231,CC-4101,PA Labor Cost MAR-26,Jordan Arafat,1.0,Project Management,1.1,Admin,Home,Timecard,US-Southeast Engineering,Professional Staff Labor,MAR-26,03/04/2026,03/04/2026,31400695,31.5,2457,933.66,0,0,152.58,3543.24,Y,Billed,INV-123-023,
USA Infrastructure,Transportation,Highways,CC-4205,Maria Delgado,700248,SR-417 Widening PD&E Study,"Patel, Devi",E10518,CC-4205,PA Labor Cost MAR-26,Maria Delgado,1.0,Project Management,1.1,Admin,Home,Timecard,US-Southeast Engineering,Professional Staff Labor,MAR-26,03/04/2026,03/04/2026,31400875,23.5,1668.5,634.03,0,0,103.61,2406.14,Y,Billed,INV-248-023,
USA Infrastructure,Water,Stormwater,CC-4112,Sam Whitfield,700415,Downtown Stormwater Master Plan,"Patel, Devi",E10518,CC-4205,PA Expense Cost MAR-26,Sam Whitfield,2.0,Data Collection & Survey,2.1,Survey,Home,Expense Report,US-Southeast Engineering,Software & Data,MAR-26,03/04/2026,03/04/2026,31401249,0,0,0,0,990.9,44.59,1035.49,Y,Billed,INV-415-023,
USA Infrastructure,Transportation,Aviation,CC-4230,Maria Delgado,700502,Airport APM Guideway Rehab,"O'Neill, Kate",E10911,CC-4112,PA Expense Cost MAR-26,Maria Delgado,2.0,Data Collection & Survey,2.1,Survey,Home,Expense Report,US-Southeast Engineering,Software & Data,MAR-26,03/05/2026,03/04/2026,31401396,0,0,0,0,2917.3,131.28,3048.58,Y,Billed,INV-502-023,
USA Infrastructure,Transportation,Planning,CC-4205,Sam Whitfield,700610,Regional Trail Feasibility Study,"Jones, Robert",E10342,CC-4101,PA Labor Cost MAR-26,Sam Whitfield,4.0,Deliverables & Reports,4.2,Draft Report,Home,Timecard,US-Southeast Engineering,Professional Staff Labor,MAR-26,03/05/2026,03/05/2026,31401453,38,2432,924.16,0,0,151.03,3507.19,Y,Billed,INV-610-023,
USA Infrastructure,Transportation,Planning,CC-4205,Sam Whitfield,700610,Regional Trail Feasibility Study,"Garcia, Luis",E10677,CC-4210,PA Expense Cost MAR-26,Sam Whitfield,2.0,Data Collection & Survey,2.1,Survey,Field,Expense Report,US-Southeast Engineering,Reproduction,MAR-26,03/05/2026,03/05/2026,31401458,0,0,0,0,269.68,12.14,281.82,N,Billed,INV-610-023,
USA Infrastructure,Water,Treatment,CC-4101,Jordan Arafat,700123,Lakeview WTP Phase 2 Design,"Kowalski, Jan",E11024,CC-4230,PA Expense Cost MAR-26,Jordan Arafat,2.0,Data Collection & Survey,2.1,Survey,Field,Expense Report,US-Southeast Engineering,Field Supplies,MAR-26,03/06/2026,03/06/2026,31400699,0,0,0,0,7822.31,352,8174.32,Y,Billed,INV-123-023,
USA Infrastructure,Water,Treatment,CC-4101,Jordan Arafat,700123,Lakeview WTP Phase 2 Design,"Kowalski, Jan",E11024,CC-4230,PA Expense Cost MAR-26,Jordan Arafat,2.0,Data Collection & Survey,2.1,Survey,Field,Expense Report,US-Southeast Engineering,Field Supplies,MAR-26,03/06/2026,03/06/2026,31400702,0,0,0,0,2335.5,105.1,2440.6,Y,Billed,INV-123-023,
USA Infrastructure,Water,Stormwater,CC-4112,Sam Whitfield,700415,Downtown Stormwater Master Plan,"Jones, Robert",E10342,CC-4101,PA Expense Cost MAR-26,Sam Whitfield,2.0,Data Collection & Survey,2.1,Survey,Home,Expense Report,US-Southeast Engineering,Travel & Lodging,MAR-26,03/06/2026,03/05/2026,31401247,0,0,0,0,2394.45,107.75,2502.2,Y,Billed,INV-415-023,
USA Infrastructure,Transportation,Aviation,CC-4230,Maria Delgado,700502,Airport APM Guideway Rehab,"Nguyen, Thao",E10742,CC-4210,PA Labor Cost MAR-26,Maria Delgado,4.0,Deliverables & Reports,4.1,Final Report,Field,Timecard,US-Southeast Engineering,Field Staff Labor,MAR-26,03/06/2026,03/06/2026,31401389,44.5,2937,1116.06,0,0,182.39,4235.45,Y,Billed,INV-502-023,
USA Infrastructure,Transportation,Planning,CC-4205,Sam Whitfield,700610,Regional Trail Feasibility Study,"O'Neill, Kate",E10911,CC-4112,PA Labor Cost MAR-26,Sam Whitfield,1.0,Project Management,1.1,Meetings & Coordination,Home,Timecard,US-Southeast Engineering,Professional Staff Labor,MAR-26,03/06/2026,03/04/2026,31401450,22,1628,618.64,0,0,101.1,2347.74,Y,Billed,INV-610-023,
USA Infrastructure,Transportation,Bridges,CC-4210,Jordan Arafat,700301,Coastal Bridge Inspection Program,Stratus Aerial Imaging,,,AP Supplier Cost MAR-26,Jordan Arafat,3.0,Analysis & Design,3.2,Design Development,Field,Supplier Invoice,US-Southeast Engineering,Subconsultant Services,MAR-26,03/07/2026,03/06/2026,31401077,0,0,0,3529.66,0,158.83,3688.5,Y,Billed,INV-301-023,
USA Infrastructure,Water,Stormwater,CC-4112,Sam Whitfield,700415,Downtown Stormwater Master Plan,GeoTech Drilling LLC,,,AP Supplier Cost MAR-26,Sam Whitfield,3.0,Analysis & Design,3.2,Design Development,Field,Supplier Invoice,US-Southeast Engineering,Subconsultant Services,MAR-26,03/07/2026,03/05/2026,31401246,0,0,0,2240.24,0,100.81,2341.05,Y,Billed,INV-415-023,
USA Infrastructure,Transportation,Bridges,CC-4210,Jordan Arafat,700301,Coastal Bridge Inspection Program,"Patel, Devi",E10518,CC-4205,PA Labor Cost MAR-26,Jordan Arafat,5.0,Field Services,5.2,Inspection,Home,Timecard,US-Southeast Engineering,Professional Staff Labor,MAR-26,03/08/2026,03/06/2026,31401072,32.5,2307.5,876.85,0,0,143.3,3327.65,Y,Billed,INV-301-023,
USA Infrastructure,Transportation,Planning,CC-4205,Sam Whitfield,700610,Regional Trail Feasibility Study,"Garcia, Luis",E10677,CC-4210,PA Labor Cost MAR-26,Sam Whitfield,5.0,Field Services,5.1,Inspection,Field,Timecard,US-Southeast Engineering,Field Staff Labor,MAR-26,03/08/2026,03/06/2026,31401448,46.5,2697,1024.86,0,0,167.48,3889.34,N,Billed,INV-610-023,
USA Infrastructure,Water,Treatment,CC-4101,Jordan Arafat,700123,Lakeview WTP Phase 2 Design,"Brown, Marcus",E10803,CC-4112,PA Expense Cost MAR-26,Jordan Arafat,2.0,Data Collection & Survey,2.1,Survey,Home,Expense Report,US-Southeast Engineering,Field Supplies,MAR-26,03/09/2026,03/07/2026,31400701,0,0,0,0,645.76,29.06,674.82,Y,Billed,INV-123-023,
USA Infrastructure,Transportation,Highways,CC-4205,Maria Delgado,700248,SR-417 Widening PD&E Study,GeoTech Drilling LLC,,,AP Supplier Cost MAR-26,Maria Delgado,3.0,Analysis & Design,3.2,Design Development,Field,Supplier Invoice,US-Southeast Engineering,Subconsultant Services,MAR-26,03/09/2026,03/09/2026,31400880,0,0,0,13658.96,0,614.65,14273.61,Y,Billed,INV-248-023,
USA Infrastructure,Water,Treatment,CC-4101,Jordan Arafat,700123,Lakeview WTP Phase 2 Design,"Brown, Marcus",E10803,CC-4112,PA Expense Cost MAR-26,Jordan Arafat,2.0,Data Collection & Survey,2.1,Survey,Home,Expense Report,US-Southeast Engineering,Mileage,MAR-26,03/10/2026,03/09/2026,31400700,0,0,0,0,3968.62,178.59,4147.21,Y,Unbilled,,
USA Infrastructure,Transportation,Highways,CC-4205,Maria Delgado,700248,SR-417 Widening PD&E Study,"Chen, Wei",E10455,CC-4205,PA Expense Cost MAR-26,Maria Delgado,2.0,Data Collection & Survey,2.1,Survey,Home,Expense Report,US-Southeast Engineering,Field Supplies,MAR-26,03/10/2026,03/09/2026,31400884,0,0,0,0,7136.67,321.15,7457.82,Y,Billed,INV-248-023,
USA Infrastructure,Water,Treatment,CC-4101,Jordan Arafat,700123,Lakeview WTP Phase 2 Design,GeoTech Drilling LLC,,,AP Supplier Cost MAR-26,Jordan Arafat,3.0,Analysis & Design,3.2,Design Development,Field,Supplier Invoice,US-Southeast Engineering,Subconsultant Services,MAR-26,03/11/2026,03/11/2026,31400698,0,0,0,19696.27,0,886.33,20582.6,Y,Unbilled,,
USA Infrastructure,Transportation,Aviation,CC-4230,Maria Delgado,700502,Airport APM Guideway Rehab,"Nguyen, Thao",E10742,CC-4210,PA Labor Cost MAR-26,Maria Delgado,3.0,Analysis & Design,3.1,Design Development,Field,Timecard,US-Southeast Engineering,Field Staff Labor,MAR-26,03/11/2026,03/10/2026,31401390,30.5,2013,764.94,0,0,125.01,2902.95,Y,Billed,INV-502-023,
USA Infrastructure,Transportation,Planning,CC-4205,Sam Whitfield,700610,Regional Trail Feasibility Study,"Smith, Alice",E10231,CC-4101,PA Expense Cost MAR-26,Sam Whitfield,2.0,Data Collection & Survey,2.1,Survey,Home,Expense Report,US-Southeast Engineering,Reproduction,MAR-26,03/11/2026,03/09/2026,31401460,0,0,0,0,428.45,19.28,447.73,Y,Billed,INV-610-023,
USA Infrastructure,Transportation,Highways,CC-4205,Maria Delgado,700248,SR-417 Widening PD&E Study,"Smith, Alice",E10231,CC-4101,PA Labor Cost MAR-26,Maria Delgado,3.0,Analysis & Design,3.2,Modeling,Home,Timecard,US-Southeast Engineering,Professional Staff Labor,MAR-26,03/12/2026,03/10/2026,31400873,15,1170,444.6,0,0,72.66,1687.26,Y,Billed,INV-248-023,
USA Infrastructure,Transportation,Bridges,CC-4210,Jordan Arafat,700301,Coastal Bridge Inspection Program,"Nguyen, Thao",E10742,CC-4210,PA Labor Cost MAR-26,Jordan Arafat,1.0,Project Management,1.1,Meetings & Coordination,Field,Timecard,US-Southeast Engineering,Field Staff Labor,MAR-26,03/12/2026,03/12/2026,31401068,55,3630,1379.4,0,0,225.42,5234.82,Y,Billed,INV-301-023,
USA Infrastructure,Water,Stormwater,CC-4112,Sam Whitfield,700415,Downtown Stormwater Master Plan,"Jones, Robert",E10342,CC-4101,PA Labor Cost MAR-26,Sam Whitfield,1.0,Project Management,1.2,Admin,Home,Timecard,US-Southeast Engineering,Professional Staff Labor,MAR-26,03/12/2026,03/10/2026,31401240,48.5,3104,1179.52,0,0,192.76,4476.28,Y,Billed,INV-415-023,
USA Infrastructure,Transportation,Planning,CC-4205,Sam Whitfield,700610,Regional Trail Feasibility Study,"Chen, Wei",E10455,CC-4205,PA Labor Cost MAR-26,Sam Whitfield,4.0,Deliverables & Reports,4.2,Final Report,Home,Timecard,US-Southeast Engineering,Professional Staff Labor,MAR-26,03/14/2026,03/13/2026,31401451,23.5,2162,821.56,0,0,134.26,3117.82,Y,Unbilled,,
USA Infrastructure,Transportation,Planning,CC-4205,Sam Whitfield,700610,Regional Trail Feasibility Study,"Patel, Devi",E10518,CC-4205,PA Expense Cost MAR-26,Sam Whitfield,2.0,Data Collection & Survey,2.1,Survey,Home,Expense Report,US-Southeast Engineering,Travel & Lodging,MAR-26,03/14/2026,03/12/2026,31401457,0,0,0,0,1551.16,69.8,1620.96,Y,Billed,INV-610-023,
USA Infrastructure,Water,Treatment,CC-4101,Jordan Arafat,700123,Lakeview WTP Phase 2 Design,"Kowalski, Jan",E11024,CC-4230,PA Labor Cost MAR-26,Jordan Arafat,3.0,Analysis & Design,3.2,Design Development,Field,Timecard,US-Southeast Engineering,Field Staff Labor,MAR-26,03/15/2026,03/15/2026,31400696,19,1159,440.42,0,0,71.97,1671.39,Y,Billed,INV-123-023,
USA Infrastructure,Transportation,Aviation,CC-4230,Maria Delgado,700502,Airport APM Guideway Rehab,"Rivera, Sofia",E11138,CC-4230,PA Labor Cost MAR-26,Maria Delgado,4.0,Deliverables & Reports,4.2,Draft Report,Home,Timecard,US-Southeast Engineering,Professional Staff Labor,MAR-26,03/15/2026,03/15/2026,31401392,70,6160,2340.8,0,0,382.54,8883.34,Y,Billed,INV-502-023,
USA Infrastructure,Water,Treatment,CC-4101,Jordan Arafat,700123,Lakeview WTP Phase 2 Design,"Patel, Devi",E10518,CC-4205,PA Labor Cost MAR-26,Jordan Arafat,2.0,Data Collection & Survey,2.2,Survey,Home,Timecard,US-Southeast Engineering,Professional Staff Labor,MAR-26,03/16/2026,03/14/2026,31400689,18,1278,485.64,0,0,79.36,1843,Y,Billed,INV-123-023,
USA Infrastructure,Water,Treatment,CC-4101,Jordan Arafat,700123,Lakeview WTP Phase 2 Design,"Rivera, Sofia",E11138,CC-4230,PA Labor Cost MAR-26,Jordan Arafat,1.0,Project Management,1.1,Admin,Home,Timecard,US-Southeast Engineering,Professional Staff Labor,MAR-26,03/16/2026,03/15/2026,31400693,39.5,3476,1320.88,0,0,215.86,5012.74,Y,Billed,INV-123-023,
USA Infrastructure,Transportation,Highways,CC-4205,Maria Delgado,700248,SR-417 Widening PD&E Study,"Smith, Alice",E10231,CC-4101,PA Expense Cost MAR-26,Maria Delgado,2.0,Data Collection & Survey,2.1,Survey,Home,Expense Report,US-Southeast Engineering,Reproduction,MAR-26,03/16/2026,03/14/2026,31400883,0,0,0,0,2217.17,99.77,2316.95,Y,Unbilled,,
USA Infrastructure,Water,Treatment,CC-4101,Jordan Arafat,700123,Lakeview WTP Phase 2 Design,"Smith, Alice",E10231,CC-4101,PA Labor Cost MAR-26,Jordan Arafat,3.0,Analysis & Design,3.1,Modeling,Home,Timecard,US-Southeast Engineering,Professional Staff Labor,MAR-26,03/17/2026,03/16/2026,31400688,17,1326,503.88,0,0,82.34,1912.22,Y,Unbilled,,
USA Infrastructure,Water,Treatment,CC-4101,Jordan Arafat,700123,Lakeview WTP Phase 2 Design,"Kowalski, Jan",E11024,CC-4230,PA Labor Cost MAR-26,Jordan Arafat,4.0,Deliverables & Reports,4.1,Draft Report,Field,Timecard,US-Southeast Engineering,Field Staff Labor,MAR-26,03/17/2026,03/17/2026,31400691,21,1281,486.78,0,0,79.55,1847.33,Y,Billed,INV-123-023,
USA Infrastructure,Transportation,Highways,CC-4205,Maria Delgado,700248,SR-417 Widening PD&E Study,"Nguyen, Thao",E10742,CC-4210,PA Labor Cost MAR-26,Maria Delgado,1.0,Project Management,1.2,Admin,Field,Timecard,US-Southeast Engineering,Field Staff Labor,MAR-26,03/17/2026,03/15/2026,31400876,9.5,627,238.26,0,0,38.94,904.2,Y,Billed,INV-248-023,
USA Infrastructure,Transportation,Bridges,CC-4210,Jordan Arafat,700301,Coastal Bridge Inspection Program,"O'Neill, Kate",E10911,CC-4112,PA Labor Cost MAR-26,Jordan Arafat,3.0,Analysis & Design,3.2,Design Development,Home,Timecard,US-Southeast Engineering,Professional Staff Labor,MAR-26,03/17/2026,03/16/2026,31401074,53,3922,1490.36,0,0,243.56,5655.92,Y,Billed,INV-301-023,
USA Infrastructure,Transportation,Aviation,CC-4230,Maria Delgado,700502,Airport APM Guideway Rehab,"Kowalski, Jan",E11024,CC-4230,PA Expense Cost MAR-26,Maria Delgado,1.0,Project Management,1.1,Admin,Field,Cost Transfer,US-Southeast Engineering,Professional Staff Labor,MAR-26,03/17/2026,03/16/2026,31401399,-6.49,-395.77,-150.39,0,0,-24.58,-570.74,Y,Billed,INV-502-023,Transfer to 700503 per PM request
USA Infrastructure,Transportation,Bridges,CC-4210,Jordan Arafat,700301,Coastal Bridge Inspection Program,"Rivera, Sofia",E11138,CC-4230,PA Labor Cost MAR-26,Jordan Arafat,3.0,Analysis & Design,3.2,Modeling,Home,Timecard,US-Southeast Engineering,Professional Staff Labor,MAR-26,03/18/2026,03/18/2026,31401070,42,3696,1404.48,0,0,229.52,5330,N,Billed,INV-301-023,
USA Infrastructure,Transportation,Bridges,CC-4210,Jordan Arafat,700301,Coastal Bridge Inspection Program,BlueWater Environmental,,,AP Supplier Cost MAR-26,Jordan Arafat,3.0,Analysis & Design,3.2,Design Development,Field,Supplier Invoice,US-Southeast Engineering,Subconsultant Services,MAR-26,03/18/2026,03/16/2026,31401075,0,0,0,3641.53,0,163.87,3805.4,Y,Billed,INV-301-023,
USA Infrastructure,Transportation,Bridges,CC-4210,Jordan Arafat,700301,Coastal Bridge Inspection Program,"Rivera, Sofia",E11138,CC-4230,PA Expense Cost MAR-26,Jordan Arafat,2.0,Data Collection & Survey,2.1,Survey,Home,Expense Report,US-Southeast Engineering,Mileage,MAR-26,03/18/2026,03/17/2026,31401080,0,0,0,0,382.33,17.21,399.54,Y,Billed,INV-301-023,
USA Infrastructure,Transportation,Aviation,CC-4230,Maria Delgado,700502,Airport APM Guideway Rehab,TransCore ITS Inc,,,AP Supplier Cost MAR-26,Maria Delgado,3.0,Analysis & Design,3.2,Design Development,Field,Supplier Invoice,US-Southeast Engineering,Subconsultant Services,MAR-26,03/18/2026,03/16/2026,31401394,0,0,0,16204.07,0,729.18,16933.26,Y,Billed,INV-502-023,
USA Infrastructure,Transportation,Aviation,CC-4230,Maria Delgado,700502,Airport APM Guideway Rehab,BlueWater Environmental,,,AP Supplier Cost MAR-26,Maria Delgado,3.0,Analysis & Design,3.2,Design Development,Field,Supplier Invoice,US-Southeast Engineering,Subconsultant Services,MAR-26,03/18/2026,03/16/2026,31401395,0,0,0,19714.24,0,887.14,20601.38,Y,Billed,INV-502-023,
USA Infrastructure,Transportation,Planning,CC-4205,Sam Whitfield,700610,Regional Trail Feasibility Study,"Smith, Alice",E10231,CC-4101,PA Labor Cost MAR-26,Sam Whitfield,5.0,Field Services,5.2,CEI Support,Home,Timecard,US-Southeast Engineering,Professional Staff Labor,MAR-26,03/18/2026,03/18/2026,31401454,15.5,1209,459.42,0,0,75.08,1743.5,Y,Billed,INV-610-023,
USA Infrastructure,Transportation,Planning,CC-4205,Sam Whitfield,700610,Regional Trail Feasibility Study,"Kowalski, Jan",E11024,CC-4230,PA Expense Cost MAR-26,Sam Whitfield,2.0,Data Collection & Survey,2.1,Survey,Field,Expense Report,US-Southeast Engineering,Travel & Lodging,MAR-26,03/18/2026,03/16/2026,31401456,0,0,0,0,2126.09,95.67,2221.76,Y,Billed,INV-610-023,
USA Infrastructure,Water,Treatment,CC-4101,Jordan Arafat,700123,Lakeview WTP Phase 2 Design,"Jones, Robert",E10342,CC-4101,PA Labor Cost MAR-26,Jordan Arafat,5.0,Field Services,5.1,Inspection,Home,Timecard,US-Southeast Engineering,Professional Staff Labor,MAR-26,03/19/2026,03/19/2026,31400697,10.5,672,255.36,0,0,41.73,969.09,Y,Billed,INV-123-023,
USA Infrastructure,Water,Stormwater,CC-4112,Sam Whitfield,700415,Downtown Stormwater Master Plan,"O'Neill, Kate",E10911,CC-4112,PA Labor Cost MAR-26,Sam Whitfield,1.0,Project Management,1.1,Meetings & Coordination,Home,Timecard,US-Southeast Engineering,Professional Staff Labor,MAR-26,03/19/2026,03/19/2026,31401244,32,2368,899.84,0,0,147.05,3414.89,Y,Unbilled,,
USA Infrastructure,Water,Treatment,CC-4101,Jordan Arafat,700123,Lakeview WTP Phase 2 Design,"Rivera, Sofia",E11138,CC-4230,PA Labor Cost MAR-26,Jordan Arafat,1.0,Project Management,1.1,Meetings & Coordination,Home,Timecard,US-Southeast Engineering,Professional Staff Labor,MAR-26,03/20/2026,03/18/2026,31400687,72,6336,2407.68,0,0,393.47,9137.15,Y,Billed,INV-123-023,
USA Infrastructure,Water,Treatment,CC-4101,Jordan Arafat,700123,Lakeview WTP Phase 2 Design,"Rivera, Sofia",E11138,CC-4230,PA Labor Cost MAR-26,Jordan Arafat,5.0,Field Services,5.2,CEI Support,Home,Timecard,US-Southeast Engineering,Professional Staff Labor,MAR-26,03/20/2026,03/20/2026,31400690,19,1672,635.36,0,0,103.83,2411.19,Y,Billed,INV-123-023,
USA Infrastructure,Transportation,Bridges,CC-4210,Jordan Arafat,700301,Coastal Bridge Inspection Program,"Kowalski, Jan",E11024,CC-4230,PA Labor Cost MAR-26,Jordan Arafat,3.0,Analysis & Design,3.1,Design Development,Field,Timecard,US-Southeast Engineering,Field Staff Labor,MAR-26,03/20/2026,03/20/2026,31401073,67.5,4117.5,1564.65,0,0,255.7,5937.85,Y,Billed,INV-301-023,
USA Infrastructure,Water,Stormwater,CC-4112,Sam Whitfield,700415,Downtown Stormwater Master Plan,"Patel, Devi",E10518,CC-4205,PA Labor Cost MAR-26,Sam Whitfield,1.0,Project Management,1.1,Admin,Home,Timecard,US-Southeast Engineering,Professional Staff Labor,MAR-26,03/20/2026,03/19/2026,31401239,58,4118,1564.84,0,0,255.73,5938.57,Y,Billed,INV-415-023,
USA Infrastructure,Transportation,Aviation,CC-4230,Maria Delgado,700502,Airport APM Guideway Rehab,"Jones, Robert",E10342,CC-4101,PA Labor Cost MAR-26,Maria Delgado,4.0,Deliverables & Reports,4.1,Final Report,Home,Timecard,US-Southeast Engineering,Professional Staff Labor,MAR-26,03/20/2026,03/20/2026,31401393,33,2112,802.56,0,0,131.16,3045.72,Y,Billed,INV-502-023,
USA Infrastructure,Transportation,Highways,CC-4205,Maria Delgado,700248,SR-417 Widening PD&E Study,Apex Survey Partners,,,AP Supplier Cost MAR-26,Maria Delgado,3.0,Analysis & Design,3.2,Design Development,Field,Supplier Invoice,US-Southeast Engineering,Subconsultant Services,MAR-26,03/21/2026,03/20/2026,31400879,0,0,0,9444.98,0,425.02,9870,N,Billed,INV-248-023,
USA Infrastructure,Transportation,Bridges,CC-4210,Jordan Arafat,700301,Coastal Bridge Inspection Program,"Kowalski, Jan",E11024,CC-4230,PA Expense Cost MAR-26,Jordan Arafat,2.0,Data Collection & Survey,2.1,Survey,Field,Expense Report,US-Southeast Engineering,Travel & Lodging,MAR-26,03/21/2026,03/20/2026,31401078,0,0,0,0,5025.52,226.15,5251.67,Y,Billed,INV-301-023,
USA Infrastructure,Water,Stormwater,CC-4112,Sam Whitfield,700415,Downtown Stormwater Master Plan,"Patel, Devi",E10518,CC-4205,PA Expense Cost MAR-26,Sam Whitfield,2.0,Data Collection & Survey,2.1,Survey,Home,Expense Report,US-Southeast Engineering,Reproduction,MAR-26,03/21/2026,03/21/2026,31401248,0,0,0,0,661.14,29.75,690.89,Y,Billed,INV-415-023,
USA Infrastructure,Transportation,Aviation,CC-4230,Maria Delgado,700502,Airport APM Guideway Rehab,"Rivera, Sofia",E11138,CC-4230,PA Expense Cost MAR-26,Maria Delgado,2.0,Data Collection & Survey,2.1,Survey,Home,Expense Report,US-Southeast Engineering,Software & Data,MAR-26,03/21/2026,03/20/2026,31401398,0,0,0,0,2303.93,103.68,2407.6,N,Unbilled,,
USA Infrastructure,Transportation,Highways,CC-4205,Maria Delgado,700248,SR-417 Widening PD&E Study,"Jones, Robert",E10342,CC-4101,PA Labor Cost MAR-26,Maria Delgado,5.0,Field Services,5.1,Inspection,Home,Timecard,US-Southeast Engineering,Professional Staff Labor,MAR-26,03/22/2026,03/20/2026,31400872,10.5,672,255.36,0,0,41.73,969.09,Y,Billed,INV-248-023,
USA Infrastructure,Transportation,Highways,CC-4205,Maria Delgado,700248,SR-417 Widening PD&E Study,"Brown, Marcus",E10803,CC-4112,PA Labor Cost MAR-26,Maria Delgado,4.0,Deliverables & Reports,4.1,Final Report,Home,Timecard,US-Southeast Engineering,Professional Staff Labor,MAR-26,03/22/2026,03/20/2026,31400877,69,5865,2228.7,0,0,364.22,8457.92,Y,Billed,INV-248-023,
USA Infrastructure,Transportation,Planning,CC-4205,Sam Whitfield,700610,Regional Trail Feasibility Study,TransCore ITS Inc,,,AP Supplier Cost MAR-26,Sam Whitfield,3.0,Analysis & Design,3.2,Design Development,Field,Supplier Invoice,US-Southeast Engineering,Subconsultant Services,MAR-26,03/22/2026,03/20/2026,31401455,0,0,0,3277.86,0,147.5,3425.36,Y,Billed,INV-610-023,
USA Infrastructure,Transportation,Planning,CC-4205,Sam Whitfield,700610,Regional Trail Feasibility Study,"Nguyen, Thao",E10742,CC-4210,PA Expense Cost MAR-26,Sam Whitfield,2.0,Data Collection & Survey,2.1,Survey,Field,Expense Report,US-Southeast Engineering,Reproduction,MAR-26,03/22/2026,03/21/2026,31401459,0,0,0,0,541.41,24.36,565.77,N,Billed,INV-610-023,
USA Infrastructure,Transportation,Planning,CC-4205,Sam Whitfield,700610,Regional Trail Feasibility Study,"O'Neill, Kate",E10911,CC-4112,PA Labor Cost MAR-26,Sam Whitfield,3.0,Analysis & Design,3.1,Modeling,Home,Timecard,US-Southeast Engineering,Professional Staff Labor,MAR-26,03/23/2026,03/21/2026,31401447,67,4958,1884.04,0,0,307.89,7149.93,Y,Billed,INV-610-023,
USA Infrastructure,Water,Treatment,CC-4101,Jordan Arafat,700123,Lakeview WTP Phase 2 Design,"Kowalski, Jan",E11024,CC-4230,PA Labor Cost MAR-26,Jordan Arafat,5.0,Field Services,5.2,CEI Support,Field,Timecard,US-Southeast Engineering,Field Staff Labor,MAR-26,03/24/2026,03/23/2026,31400692,13.5,823.5,312.93,0,0,51.14,1187.57,Y,Billed,INV-123-023,
USA Infrastructure,Water,Treatment,CC-4101,Jordan Arafat,700123,Lakeview WTP Phase 2 Design,"O'Neill, Kate",E10911,CC-4112,PA Labor Cost MAR-26,Jordan Arafat,1.0,Project Management,1.1,Meetings & Coordination,Home,Timecard,US-Southeast Engineering,Professional Staff Labor,MAR-26,03/24/2026,03/24/2026,31400694,57,4218,1602.84,0,0,261.94,6082.78,Y,Billed,INV-123-023,
USA Infrastructure,Transportation,Bridges,CC-4210,Jordan Arafat,700301,Coastal Bridge Inspection Program,"Smith, Alice",E10231,CC-4101,PA Labor Cost MAR-26,Jordan Arafat,4.0,Deliverables & Reports,4.2,Draft Report,Home,Timecard,US-Southeast Engineering,Professional Staff Labor,MAR-26,03/24/2026,03/22/2026,31401071,50,3900,1482,0,0,242.19,5624.19,Y,Billed,INV-301-023,
USA Infrastructure,Water,Stormwater,CC-4112,Sam Whitfield,700415,Downtown Stormwater Master Plan,"Garcia, Luis",E10677,CC-4210,PA Labor Cost MAR-26,Sam Whitfield,3.0,Analysis & Design,3.1,Modeling,Field,Timecard,US-Southeast Engineering,Field Staff Labor,MAR-26,03/24/2026,03/23/2026,31401238,70,4060,1542.8,0,0,252.13,5854.93,Y,Billed,INV-415-023,
USA Infrastructure,Transportation,Planning,CC-4205,Sam Whitfield,700610,Regional Trail Feasibility Study,"O'Neill, Kate",E10911,CC-4112,PA Labor Cost MAR-26,Sam Whitfield,4.0,Deliverables & Reports,4.2,Final Report,Home,Timecard,US-Southeast Engineering,Professional Staff Labor,MAR-26,03/25/2026,03/25/2026,31401449,38,2812,1068.56,0,0,174.63,4055.19,Y,Billed,INV-610-023,
USA Infrastructure,Transportation,Bridges,CC-4210,Jordan Arafat,700301,Coastal Bridge Inspection Program,"Chen, Wei",E10455,CC-4205,PA Labor Cost MAR-26,Jordan Arafat,2.0,Data Collection & Survey,2.1,Survey,Home,Timecard,US-Southeast Engineering,Professional Staff Labor,MAR-26,03/26/2026,03/25/2026,31401069,38,3496,1328.48,0,0,217.1,5041.58,Y,Billed,INV-301-023,
USA Infrastructure,Water,Stormwater,CC-4112,Sam Whitfield,700415,Downtown Stormwater Master Plan,"Nguyen, Thao",E10742,CC-4210,PA Labor Cost MAR-26,Sam Whitfield,1.0,Project Management,1.1,Admin,Field,Timecard,US-Southeast Engineering,Field Staff Labor,MAR-26,03/26/2026,03/25/2026,31401242,43.5,2871,1090.98,0,0,178.29,4140.27,Y,Unbilled,,
USA Infrastructure,Transportation,Highways,CC-4205,Maria Delgado,700248,SR-417 Widening PD&E Study,"Kowalski, Jan",E11024,CC-4230,PA Labor Cost MAR-26,Maria Delgado,1.0,Project Management,1.1,Admin,Field,Timecard,US-Southeast Engineering,Field Staff Labor,MAR-26,03/27/2026,03/26/2026,31400878,27,1647,625.86,0,0,102.28,2375.14,Y,Billed,INV-248-023,
USA Infrastructure,Transportation,Highways,CC-4205,Maria Delgado,700248,SR-417 Widening PD&E Study,BlueWater Environmental,,,AP Supplier Cost MAR-26,Maria Delgado,3.0,Analysis & Design,3.2,Design Development,Field,Supplier Invoice,US-Southeast Engineering,Subconsultant Services,MAR-26,03/27/2026,03/25/2026,31400881,0,0,0,7872.3,0,354.25,8226.55,Y,Billed,INV-248-023,
USA Infrastructure,Transportation,Highways,CC-4205,Maria Delgado,700248,SR-417 Widening PD&E Study,"Nguyen, Thao",E10742,CC-4210,PA Expense Cost MAR-26,Maria Delgado,2.0,Data Collection & Survey,2.1,Survey,Field,Expense Report,US-Southeast Engineering,Reproduction,MAR-26,03/27/2026,03/25/2026,31400882,0,0,0,0,3921.68,176.48,4098.16,Y,Unbilled,,
USA Infrastructure,Transportation,Bridges,CC-4210,Jordan Arafat,700301,Coastal Bridge Inspection Program,"Smith, Alice",E10231,CC-4101,PA Expense Cost MAR-26,Jordan Arafat,2.0,Data Collection & Survey,2.1,Survey,Home,Expense Report,US-Southeast Engineering,Travel & Lodging,MAR-26,03/27/2026,03/26/2026,31401079,0,0,0,0,2295.71,103.31,2399.01,Y,Billed,INV-301-023,
USA Infrastructure,Water,Stormwater,CC-4112,Sam Whitfield,700415,Downtown Stormwater Master Plan,"Jones, Robert",E10342,CC-4101,PA Labor Cost MAR-26,Sam Whitfield,5.0,Field Services,5.1,CEI Support,Home,Timecard,US-Southeast Engineering,Professional Staff Labor,MAR-26,03/27/2026,03/26/2026,31401241,46,2944,1118.72,0,0,182.82,4245.54,Y,Billed,INV-415-023,
USA Infrastructure,Transportation,Planning,CC-4205,Sam Whitfield,700610,Regional Trail Feasibility Study,"Garcia, Luis",E10677,CC-4210,PA Labor Cost MAR-26,Sam Whitfield,3.0,Analysis & Design,3.2,Design Development,Field,Timecard,US-Southeast Engineering,Field Staff Labor,MAR-26,03/27/2026,03/25/2026,31401452,70.5,4089,1553.82,0,0,253.93,5896.75,Y,Billed,INV-610-023,
USA Infrastructure,Transportation,Bridges,CC-4210,Jordan Arafat,700301,Coastal Bridge Inspection Program,TransCore ITS Inc,,,AP Supplier Cost MAR-26,Jordan Arafat,3.0,Analysis & Design,3.2,Design Development,Field,Supplier Invoice,US-Southeast Engineering,Subconsultant Services,MAR-26,03/28/2026,03/27/2026,31401076,0,0,0,4215.98,0,189.72,4405.7,Y,Billed,INV-301-023,
USA Infrastructure,Transportation,Bridges,CC-4210,Jordan Arafat,700301,Coastal Bridge Inspection Program,"Smith, Alice",E10231,CC-4101,PA Expense Cost MAR-26,Jordan Arafat,2.0,Data Collection & Survey,2.1,Survey,Home,Expense Report,US-Southeast Engineering,Field Supplies,MAR-26,03/28/2026,03/27/2026,31401081,0,0,0,0,698.18,31.42,729.6,Y,Billed,INV-301-023,
USA Infrastructure,Water,Stormwater,CC-4112,Sam Whitfield,700415,Downtown Stormwater Master Plan,"Nguyen, Thao",E10742,CC-4210,PA Labor Cost MAR-26,Sam Whitfield,2.0,Data Collection & Survey,2.1,Utility Locates,Field,Timecard,US-Southeast Engineering,Field Staff Labor,MAR-26,03/28/2026,03/27/2026,31401243,16.5,1089,413.82,0,0,67.63,1570.45,Y,Billed,INV-415-023,
USA Infrastructure,Water,Stormwater,CC-4112,Sam Whitfield,700415,Downtown Stormwater Master Plan,BlueWater Environmental,,,AP Supplier Cost MAR-26,Sam Whitfield,3.0,Analysis & Design,3.2,Design Development,Field,Supplier Invoice,US-Southeast Engineering,Subconsultant Services,MAR-26,03/28/2026,03/26/2026,31401245,0,0,0,996.95,0,44.86,1041.81,Y,Billed,INV-415-023,
USA Infrastructure,Transportation,Aviation,CC-4230,Maria Delgado,700502,Airport APM Guideway Rehab,"Nguyen, Thao",E10742,CC-4210,PA Labor Cost MAR-26,Maria Delgado,3.0,Analysis & Design,3.2,Design Development,Field,Timecard,US-Southeast Engineering,Field Staff Labor,MAR-26,03/28/2026,03/27/2026,31401391,72,4752,1805.76,0,0,295.1,6852.86,Y,Billed,INV-502-023,
USA Infrastructure,Transportation,Aviation,CC-4230,Maria Delgado,700502,Airport APM Guideway Rehab,"O'Neill, Kate",E10911,CC-4112,PA Expense Cost MAR-26,Maria Delgado,2.0,Data Collection & Survey,2.1,Survey,Home,Expense Report,US-Southeast Engineering,Software & Data,MAR-26,03/28/2026,03/27/2026,31401397,0,0,0,0,765.16,34.43,799.59,Y,Unbilled,,
USA Infrastructure,Transportation,Highways,CC-4205,Maria Delgado,700248,SR-417 Widening PD&E Study,"Garcia, Luis",E10677,CC-4210,PA Labor Cost APR-26,Maria Delgado,5.0,Field Services,5.2,Inspection,Field,Timecard,US-Southeast Engineering,Field Staff Labor,APR-26,04/02/2026,04/01/2026,31400888,36.5,2117,804.46,0,0,131.47,3052.93,Y,Billed,INV-248-024,
USA Infrastructure,Transportation,Highways,CC-4205,Maria Delgado,700248,SR-417 Widening PD&E Study,"O'Neill, Kate",E10911,CC-4112,PA Labor Cost APR-26,Maria Delgado,5.0,Field Services,5.1,Inspection,Home,Timecard,US-Southeast Engineering,Professional Staff Labor,APR-26,04/03/2026,04/03/2026,31400895,63,4662,1771.56,0,0,289.51,6723.07,Y,Billed,INV-248-024,
USA Infrastructure,Transportation,Highways,CC-4205,Maria Delgado,700248,SR-417 Widening PD&E Study,"Brown, Marcus",E10803,CC-4112,PA Expense Cost APR-26,Maria Delgado,2.0,Data Collection & Survey,2.1,Survey,Home,Expense Report,US-Southeast Engineering,Reproduction,APR-26,04/03/2026,04/01/2026,31400898,0,0,0,0,8093.5,364.21,8457.71,Y,Billed,INV-248-024,
USA Infrastructure,Transportation,Aviation,CC-4230,Maria Delgado,700502,Airport APM Guideway Rehab,"Kowalski, Jan",E11024,CC-4230,PA Labor Cost APR-26,Maria Delgado,4.0,Deliverables & Reports,4.2,Draft Report,Field,Timecard,US-Southeast Engineering,Field Staff Labor,APR-26,04/04/2026,04/02/2026,31401406,33,2013,764.94,0,0,125.01,2902.95,Y,Billed,INV-502-024,
USA Infrastructure,Water,Treatment,CC-4101,Jordan Arafat,700123,Lakeview WTP Phase 2 Design,"Kowalski, Jan",E11024,CC-4230,PA Labor Cost APR-26,Jordan Arafat,3.0,Analysis & Design,3.2,Design Development,Field,Timecard,US-Southeast Engineering,Field Staff Labor,APR-26,04/05/2026,04/03/2026,31400703,25.5,1555.5,591.09,0,0,96.6,2243.19,Y,Billed,INV-123-024,
USA Infrastructure,Transportation,Bridges,CC-4210,Jordan Arafat,700301,Coastal Bridge Inspection Program,TransCore ITS Inc,,,AP Supplier Cost APR-26,Jordan Arafat,3.0,Analysis & Design,3.2,Design Development,Field,Supplier Invoice,US-Southeast Engineering,Subconsultant Services,APR-26,04/05/2026,04/04/2026,31401091,0,0,0,1577.66,0,70.99,1648.65,Y,Billed,INV-301-024,
USA Infrastructure,Transportation,Highways,CC-4205,Maria Delgado,700248,SR-417 Widening PD&E Study,"Jones, Robert",E10342,CC-4101,PA Labor Cost APR-26,Maria Delgado,5.0,Field Services,5.1,Inspection,Home,Timecard,US-Southeast Engineering,Professional Staff Labor,APR-26,04/06/2026,04/05/2026,31400890,23,1472,559.36,0,0,91.41,2122.77,Y,Billed,INV-248-024,
USA Infrastructure,Transportation,Aviation,CC-4230,Maria Delgado,700502,Airport APM Guideway Rehab,"Jones, Robert",E10342,CC-4101,PA Labor Cost APR-26,Maria Delgado,5.0,Field Services,5.1,Inspection,Home,Timecard,US-Southeast Engineering,Professional Staff Labor,APR-26,04/06/2026,04/04/2026,31401402,45.5,2912,1106.56,0,0,180.84,4199.4,Y,Billed,INV-502-024,
USA Infrastructure,Water,Treatment,CC-4101,Jordan Arafat,700123,Lakeview WTP Phase 2 Design,"Jones, Robert",E10342,CC-4101,PA Labor Cost APR-26,Jordan Arafat,1.0,Project Management,1.1,Meetings & Coordination,Home,Timecard,US-Southeast Engineering,Professional Staff Labor,APR-26,04/07/2026,04/06/2026,31400709,37,2368,899.84,0,0,147.05,3414.89,Y,Billed,INV-123-024,
USA Infrastructure,Water,Treatment,CC-4101,Jordan Arafat,700123,Lakeview WTP Phase 2 Design,Stratus Aerial Imaging,,,AP Supplier Cost APR-26,Jordan Arafat,3.0,Analysis & Design,3.2,Design Development,Field,Supplier Invoice,US-Southeast Engineering,Subconsultant Services,APR-26,04/07/2026,04/06/2026,31400712,0,0,0,2650.61,0,119.28,2769.89,Y,Billed,INV-123-024,
USA Infrastructure,Transportation,Highways,CC-4205,Maria Delgado,700248,SR-417 Widening PD&E Study,TransCore ITS Inc,,,AP Supplier Cost APR-26,Maria Delgado,3.0,Analysis & Design,3.2,Design Development,Field,Supplier Invoice,US-Southeast Engineering,Subconsultant Services,APR-26,04/07/2026,04/05/2026,31400896,0,0,0,33382.09,0,1502.19,34884.28,Y,Unbilled,,
USA Infrastructure,Transportation,Planning,CC-4205,Sam Whitfield,700610,Regional Trail Feasibility Study,Apex Survey Partners,,,AP Supplier Cost APR-26,Sam Whitfield,3.0,Analysis & Design,3.2,Design Development,Field,Supplier Invoice,US-Southeast Engineering,Subconsultant Services,APR-26,04/07/2026,04/07/2026,31401471,0,0,0,1768.78,0,79.6,1848.38,Y,Billed,INV-610-024,
USA Infrastructure,Transportation,Bridges,CC-4210,Jordan Arafat,700301,Coastal Bridge Inspection Program,TransCore ITS Inc,,,AP Supplier Cost APR-26,Jordan Arafat,3.0,Analysis & Design,3.2,Design Development,Field,Supplier Invoice,US-Southeast Engineering,Subconsultant Services,APR-26,04/08/2026,04/06/2026,31401092,0,0,0,2599.47,0,116.98,2716.44,Y,Billed,INV-301-024,
USA Infrastructure,Water,Treatment,CC-4101,Jordan Arafat,700123,Lakeview WTP Phase 2 Design,"Jones, Robert",E10342,CC-4101,PA Labor Cost APR-26,Jordan Arafat,1.0,Project Management,1.1,Meetings & Coordination,Home,Timecard,US-Southeast Engineering,Professional Staff Labor,APR-26,04/09/2026,04/09/2026,31400704,67,4288,1629.44,0,0,266.28,6183.72,Y,Billed,INV-123-024,
USA Infrastructure,Water,Treatment,CC-4101,Jordan Arafat,700123,Lakeview WTP Phase 2 Design,"Kowalski, Jan",E11024,CC-4230,PA Labor Cost APR-26,Jordan Arafat,2.0,Data Collection & Survey,2.2,Utility Locates,Field,Timecard,US-Southeast Engineering,Field Staff Labor,APR-26,04/09/2026,04/07/2026,31400710,45.5,2775.5,1054.69,0,0,172.36,4002.55,Y,Billed,INV-123-024,
USA Infrastructure,Transportation,Bridges,CC-4210,Jordan Arafat,700301,Coastal Bridge Inspection Program,TransCore ITS Inc,,,AP Supplier Cost APR-26,Jordan Arafat,3.0,Analysis & Design,3.2,Design Development,Field,Supplier Invoice,US-Southeast Engineering,Subconsultant Services,APR-26,04/09/2026,04/08/2026,31401090,0,0,0,4312.71,0,194.07,4506.78,Y,Billed,INV-301-024,
USA Infrastructure,Transportation,Aviation,CC-4230,Maria Delgado,700502,Airport APM Guideway Rehab,"Brown, Marcus",E10803,CC-4112,PA Labor Cost APR-26,Maria Delgado,1.0,Project Management,1.1,Meetings & Coordination,Home,Timecard,US-Southeast Engineering,Professional Staff Labor,APR-26,04/09/2026,04/07/2026,31401404,58,4930,1873.4,0,0,306.15,7109.55,Y,Billed,INV-502-024,
USA Infrastructure,Water,Stormwater,CC-4112,Sam Whitfield,700415,Downtown Stormwater Master Plan,"Chen, Wei",E10455,CC-4205,PA Labor Cost APR-26,Sam Whitfield,1.0,Project Management,1.1,Admin,Home,Timecard,US-Southeast Engineering,Professional Staff Labor,APR-26,04/10/2026,04/09/2026,31401250,15.5,1426,541.88,0,0,88.55,2056.43,Y,Billed,INV-415-024,
USA Infrastructure,Water,Stormwater,CC-4112,Sam Whitfield,700415,Downtown Stormwater Master Plan,"Chen, Wei",E10455,CC-4205,PA Labor Cost APR-26,Sam Whitfield,5.0,Field Services,5.1,Inspection,Home,Timecard,US-Southeast Engineering,Professional Staff Labor,APR-26,04/10/2026,04/10/2026,31401252,37,3404,1293.52,0,0,211.39,4908.91,Y,Billed,INV-415-024,
USA Infrastructure,Water,Stormwater,CC-4112,Sam Whitfield,700415,Downtown Stormwater Master Plan,TransCore ITS Inc,,,AP Supplier Cost APR-26,Sam Whitfield,3.0,Analysis & Design,3.2,Design Development,Field,Supplier Invoice,US-Southeast Engineering,Subconsultant Services,APR-26,04/10/2026,04/08/2026,31401258,0,0,0,1130.26,0,50.86,1181.12,Y,Unbilled,,
USA Infrastructure,Water,Stormwater,CC-4112,Sam Whitfield,700415,Downtown Stormwater Master Plan,"Kowalski, Jan",E11024,CC-4230,PA Expense Cost APR-26,Sam Whitfield,2.0,Data Collection & Survey,2.1,Survey,Field,Expense Report,US-Southeast Engineering,Field Supplies,APR-26,04/10/2026,04/10/2026,31401260,0,0,0,0,2122.82,95.53,2218.35,Y,Billed,INV-415-024,
USA Infrastructure,Transportation,Planning,CC-4205,Sam Whitfield,700610,Regional Trail Feasibility Study,"Kowalski, Jan",E11024,CC-4230,PA Labor Cost APR-26,Sam Whitfield,3.0,Analysis & Design,3.1,Design Development,Field,Timecard,US-Southeast Engineering,Field Staff Labor,APR-26,04/10/2026,04/08/2026,31401466,63.5,3873.5,1471.93,0,0,240.54,5585.97,Y,Billed,INV-610-024,
USA Infrastructure,Transportation,Planning,CC-4205,Sam Whitfield,700610,Regional Trail Feasibility Study,"Kowalski, Jan",E11024,CC-4230,PA Labor Cost APR-26,Sam Whitfield,1.0,Project Management,1.1,Admin,Field,Timecard,US-Southeast Engineering,Field Staff Labor,APR-26,04/10/2026,04/10/2026,31401467,62,3782,1437.16,0,0,234.86,5454.02,Y,Billed,INV-610-024,
USA Infrastructure,Water,Treatment,CC-4101,Jordan Arafat,700123,Lakeview WTP Phase 2 Design,"Chen, Wei",E10455,CC-4205,PA Expense Cost APR-26,Jordan Arafat,2.0,Data Collection & Survey,2.1,Survey,Home,Expense Report,US-Southeast Engineering,Mileage,APR-26,04/11/2026,04/10/2026,31400716,0,0,0,0,5306.88,238.81,5545.69,Y,Unbilled,,
USA Infrastructure,Transportation,Highways,CC-4205,Maria Delgado,700248,SR-417 Widening PD&E Study,"Smith, Alice",E10231,CC-4101,PA Labor Cost APR-26,Maria Delgado,5.0,Field Services,5.2,Inspection,Home,Timecard,US-Southeast Engineering,Professional Staff Labor,APR-26,04/11/2026,04/09/2026,31400893,67,5226,1985.88,0,0,324.53,7536.41,Y,Billed,INV-248-024,
USA Infrastructure,Transportation,Highways,CC-4205,Maria Delgado,700248,SR-417 Widening PD&E Study,"O'Neill, Kate",E10911,CC-4112,PA Labor Cost APR-26,Maria Delgado,5.0,Field Services,5.2,CEI Support,Home,Timecard,US-Southeast Engineering,Professional Staff Labor,APR-26,04/12/2026,04/10/2026,31400886,9,666,253.08,0,0,41.36,960.44,N,Unbilled,,
USA Infrastructure,Transportation,Bridges,CC-4210,Jordan Arafat,700301,Coastal Bridge Inspection Program,"Smith, Alice",E10231,CC-4101,PA Labor Cost APR-26,Jordan Arafat,2.0,Data Collection & Survey,2.1,Survey,Home,Timecard,US-Southeast Engineering,Professional Staff Labor,APR-26,04/12/2026,04/10/2026,31401087,10.5,819,311.22,0,0,50.86,1181.08,Y,Billed,INV-301-024,
USA Infrastructure,Transportation,Planning,CC-4205,Sam Whitfield,700610,Regional Trail Feasibility Study,"Patel, Devi",E10518,CC-4205,PA Labor Cost APR-26,Sam Whitfield,3.0,Analysis & Design,3.2,Design Development,Home,Timecard,US-Southeast Engineering,Professional Staff Labor,APR-26,04/12/2026,04/10/2026,31401463,68.5,4863.5,1848.13,0,0,302.02,7013.65,Y,Billed,INV-610-024,
USA Infrastructure,Water,Treatment,CC-4101,Jordan Arafat,700123,Lakeview WTP Phase 2 Design,"Chen, Wei",E10455,CC-4205,PA Labor Cost APR-26,Jordan Arafat,5.0,Field Services,5.2,Inspection,Home,Timecard,US-Southeast Engineering,Professional Staff Labor,APR-26,04/13/2026,04/13/2026,31400708,47.5,4370,1660.6,0,0,271.38,6301.98,Y,Billed,INV-123-024,
USA Infrastructure,Transportation,Highways,CC-4205,Maria Delgado,700248,SR-417 Widening PD&E Study,"Patel, Devi",E10518,CC-4205,PA Labor Cost APR-26,Maria Delgado,3.0,Analysis & Design,3.2,Modeling,Home,Timecard,US-Southeast Engineering,Professional Staff Labor,APR-26,04/13/2026,04/13/2026,31400889,40,2840,1079.2,0,0,176.36,4095.56,Y,Billed,INV-248-024,
USA Infrastructure,Water,Stormwater,CC-4112,Sam Whitfield,700415,Downtown Stormwater Master Plan,"Patel, Devi",E10518,CC-4205,PA Labor Cost APR-26,Sam Whitfield,5.0,Field Services,5.1,CEI Support,Home,Timecard,US-Southeast Engineering,Professional Staff Labor,APR-26,04/13/2026,04/12/2026,31401256,26,1846,701.48,0,0,114.64,2662.12,Y,Billed,INV-415-024,
USA Infrastructure,Water,Treatment,CC-4101,Jordan Arafat,700123,Lakeview WTP Phase 2 Design,GeoTech Drilling LLC,,,AP Supplier Cost APR-26,Jordan Arafat,3.0,Analysis & Design,3.2,Design Development,Field,Supplier Invoice,US-Southeast Engineering,Subconsultant Services,APR-26,04/14/2026,04/14/2026,31400713,0,0,0,5735.31,0,258.09,5993.4,Y,Unbilled,,
USA Infrastructure,Transportation,Planning,CC-4205,Sam Whitfield,700610,Regional Trail Feasibility Study,"Chen, Wei",E10455,CC-4205,PA Expense Cost APR-26,Sam Whitfield,2.0,Data Collection & Survey,2.1,Survey,Home,Expense Report,US-Southeast Engineering,Field Supplies,APR-26,04/14/2026,04/13/2026,31401472,0,0,0,0,3991.79,179.63,4171.42,Y,Billed,INV-610-024,
USA Infrastructure,Water,Treatment,CC-4101,Jordan Arafat,700123,Lakeview WTP Phase 2 Design,"Smith, Alice",E10231,CC-4101,PA Expense Cost APR-26,Jordan Arafat,2.0,Data Collection & Survey,2.1,Survey,Home,Expense Report,US-Southeast Engineering,Reproduction,APR-26,04/15/2026,04/14/2026,31400715,0,0,0,0,4476.71,201.45,4678.16,N,Billed,INV-123-024,
USA Infrastructure,Transportation,Bridges,CC-4210,Jordan Arafat,700301,Coastal Bridge Inspection Program,"Brown, Marcus",E10803,CC-4112,PA Labor Cost APR-26,Jordan Arafat,2.0,Data Collection & Survey,2.2,Survey,Home,Timecard,US-Southeast Engineering,Professional Staff Labor,APR-26,04/15/2026,04/15/2026,31401083,21.5,1827.5,694.45,0,0,113.49,2635.44,Y,Billed,INV-301-024,
USA Infrastructure,Water,Stormwater,CC-4112,Sam Whitfield,700415,Downtown Stormwater Master Plan,"Nguyen, Thao",E10742,CC-4210,PA Labor Cost APR-26,Sam Whitfield,3.0,Analysis & Design,3.1,Design Development,Field,Timecard,US-Southeast Engineering,Field Staff Labor,APR-26,04/15/2026,04/14/2026,31401254,43.5,2871,1090.98,0,0,178.29,4140.27,Y,Billed,INV-415-024,
USA Infrastructure,Transportation,Aviation,CC-4230,Maria Delgado,700502,Airport APM Guideway Rehab,"Smith, Alice",E10231,CC-4101,PA Labor Cost APR-26,Maria Delgado,4.0,Deliverables & Reports,4.1,Draft Report,Home,Timecard,US-Southeast Engineering,Professional Staff Labor,APR-26,04/15/2026,04/13/2026,31401408,51,3978,1511.64,0,0,247.03,5736.67,Y,Billed,INV-502-024,
USA Infrastructure,Transportation,Highways,CC-4205,Maria Delgado,700248,SR-417 Widening PD&E Study,"Jones, Robert",E10342,CC-4101,PA Labor Cost APR-26,Maria Delgado,1.0,Project Management,1.1,Meetings & Coordination,Home,Timecard,US-Southeast Engineering,Professional Staff Labor,APR-26,04/16/2026,04/16/2026,31400892,66,4224,1605.12,0,0,262.31,6091.43,Y,Billed,INV-248-024,
USA Infrastructure,Water,Stormwater,CC-4112,Sam Whitfield,700415,Downtown Stormwater Master Plan,"Patel, Devi",E10518,CC-4205,PA Labor Cost APR-26,Sam Whitfield,5.0,Field Services,5.1,CEI Support,Home,Timecard,US-Southeast Engineering,Professional Staff Labor,APR-26,04/16/2026,04/16/2026,31401251,29,2059,782.42,0,0,127.86,2969.28,Y,Unbilled,,
USA Infrastructure,Transportation,Highways,CC-4205,Maria Delgado,700248,SR-417 Widening PD&E Study,"Garcia, Luis",E10677,CC-4210,PA Labor Cost APR-26,Maria Delgado,1.0,Project Management,1.1,Meetings & Coordination,Field,Timecard,US-Southeast Engineering,Field Staff Labor,APR-26,04/17/2026,04/16/2026,31400887,47,2726,1035.88,0,0,169.28,3931.16,N,Billed,INV-248-024,
USA Infrastructure,Transportation,Aviation,CC-4230,Maria Delgado,700502,Airport APM Guideway Rehab,"Rivera, Sofia",E11138,CC-4230,PA Expense Cost APR-26,Maria Delgado,2.0,Data Collection & Survey,2.1,Survey,Home,Expense Report,US-Southeast Engineering,Field Supplies,APR-26,04/17/2026,04/15/2026,31401411,0,0,0,0,2248.32,101.17,2349.49,Y,Billed,INV-502-024,
USA Infrastructure,Transportation,Bridges,CC-4210,Jordan Arafat,700301,Coastal Bridge Inspection Program,"Chen, Wei",E10455,CC-4205,PA Labor Cost APR-26,Jordan Arafat,3.0,Analysis & Design,3.2,Design Development,Home,Timecard,US-Southeast Engineering,Professional Staff Labor,APR-26,04/18/2026,04/17/2026,31401084,58.5,5382,2045.16,0,0,334.22,7761.38,Y,Billed,INV-301-024,
USA Infrastructure,Transportation,Bridges,CC-4210,Jordan Arafat,700301,Coastal Bridge Inspection Program,"Smith, Alice",E10231,CC-4101,PA Labor Cost APR-26,Jordan Arafat,2.0,Data Collection & Survey,2.2,Utility Locates,Home,Timecard,US-Southeast Engineering,Professional Staff Labor,APR-26,04/18/2026,04/16/2026,31401088,44.5,3471,1318.98,0,0,215.55,5005.53,Y,Billed,INV-301-024,
USA Infrastructure,Transportation,Bridges,CC-4210,Jordan Arafat,700301,Coastal Bridge Inspection Program,"Patel, Devi",E10518,CC-4205,PA Expense Cost APR-26,Jordan Arafat,2.0,Data Collection & Survey,2.1,Survey,Home,Expense Report,US-Southeast Engineering,Reproduction,APR-26,04/18/2026,04/18/2026,31401094,0,0,0,0,3961.36,178.26,4139.62,Y,Billed,INV-301-024,
USA Infrastructure,Transportation,Planning,CC-4205,Sam Whitfield,700610,Regional Trail Feasibility Study,"Smith, Alice",E10231,CC-4101,PA Labor Cost APR-26,Sam Whitfield,2.0,Data Collection & Survey,2.1,Utility Locates,Home,Timecard,US-Southeast Engineering,Professional Staff Labor,APR-26,04/18/2026,04/16/2026,31401468,20,1560,592.8,0,0,96.88,2249.68,Y,Billed,INV-610-024,
USA Infrastructure,Water,Treatment,CC-4101,Jordan Arafat,700123,Lakeview WTP Phase 2 Design,"Patel, Devi",E10518,CC-4205,PA Labor Cost APR-26,Jordan Arafat,4.0,Deliverables & Reports,4.1,Draft Report,Home,Timecard,US-Southeast Engineering,Professional Staff Labor,APR-26,04/19/2026,04/19/2026,31400706,28,1988,755.44,0,0,123.45,2866.89,Y,Billed,INV-123-024,
USA Infrastructure,Transportation,Highways,CC-4205,Maria Delgado,700248,SR-417 Widening PD&E Study,"Rivera, Sofia",E11138,CC-4230,PA Labor Cost APR-26,Maria Delgado,3.0,Analysis & Design,3.2,Design Development,Home,Timecard,US-Southeast Engineering,Professional Staff Labor,APR-26,04/19/2026,04/19/2026,31400885,59.5,5236,1989.68,0,0,325.16,7550.84,Y,Billed,INV-248-024,
USA Infrastructure,Transportation,Highways,CC-4205,Maria Delgado,700248,SR-417 Widening PD&E Study,"Jones, Robert",E10342,CC-4101,PA Labor Cost APR-26,Maria Delgado,4.0,Deliverables & Reports,4.1,Draft Report,Home,Timecard,US-Southeast Engineering,Professional Staff Labor,APR-26,04/19/2026,04/19/2026,31400891,34.5,2208,839.04,0,0,137.12,3184.16,Y,Unbilled,,
USA Infrastructure,Transportation,Highways,CC-4205,Maria Delgado,700248,SR-417 Widening PD&E Study,"O'Neill, Kate",E10911,CC-4112,PA Expense Cost APR-26,Maria Delgado,2.0,Data Collection & Survey,2.1,Survey,Home,Expense Report,US-Southeast Engineering,Travel & Lodging,APR-26,04/19/2026,04/17/2026,31400897,0,0,0,0,6213.11,279.59,6492.7,Y,Billed,INV-248-024,
USA Infrastructure,Transportation,Bridges,CC-4210,Jordan Arafat,700301,Coastal Bridge Inspection Program,"Chen, Wei",E10455,CC-4205,PA Labor Cost APR-26,Jordan Arafat,1.0,Project Management,1.2,Admin,Home,Timecard,US-Southeast Engineering,Professional Staff Labor,APR-26,04/19/2026,04/17/2026,31401089,19.5,1794,681.72,0,0,111.41,2587.13,Y,Billed,INV-301-024,
USA Infrastructure,Transportation,Aviation,CC-4230,Maria Delgado,700502,Airport APM Guideway Rehab,"Nguyen, Thao",E10742,CC-4210,PA Labor Cost APR-26,Maria Delgado,2.0,Data Collection & Survey,2.1,Utility Locates,Field,Timecard,US-Southeast Engineering,Field Staff Labor,APR-26,04/19/2026,04/19/2026,31401401,48.5,3201,1216.38,0,0,198.78,4616.16,Y,Billed,INV-502-024,
USA Infrastructure,Transportation,Aviation,CC-4230,Maria Delgado,700502,Airport APM Guideway Rehab,"Rivera, Sofia",E11138,CC-4230,PA Labor Cost APR-26,Maria Delgado,3.0,Analysis & Design,3.1,Modeling,Home,Timecard,US-Southeast Engineering,Professional Staff Labor,APR-26,04/19/2026,04/19/2026,31401403,51.5,4532,1722.16,0,0,281.44,6535.6,Y,Billed,INV-502-024,
USA Infrastructure,Transportation,Aviation,CC-4230,Maria Delgado,700502,Airport APM Guideway Rehab,"Chen, Wei",E10455,CC-4205,PA Labor Cost APR-26,Maria Delgado,3.0,Analysis & Design,3.2,Modeling,Home,Timecard,US-Southeast Engineering,Professional Staff Labor,APR-26,04/19/2026,04/18/2026,31401405,55,5060,1922.8,0,0,314.23,7297.03,N,Billed,INV-502-024,
USA Infrastructure,Transportation,Planning,CC-4205,Sam Whitfield,700610,Regional Trail Feasibility Study,"Jones, Robert",E10342,CC-4101,PA Labor Cost APR-26,Sam Whitfield,5.0,Field Services,5.2,Inspection,Home,Timecard,US-Southeast Engineering,Professional Staff Labor,APR-26,04/19/2026,04/18/2026,31401465,45.5,2912,1106.56,0,0,180.84,4199.4,Y,Billed,INV-610-024,
USA Infrastructure,Transportation,Planning,CC-4205,Sam Whitfield,700610,Regional Trail Feasibility Study,"Nguyen, Thao",E10742,CC-4210,PA Expense Cost APR-26,Sam Whitfield,2.0,Data Collection & Survey,2.1,Survey,Field,Expense Report,US-Southeast Engineering,Software & Data,APR-26,04/19/2026,04/19/2026,31401473,0,0,0,0,2733.51,123.01,2856.52,Y,Billed,INV-610-024,
USA Infrastructure,Water,Treatment,CC-4101,Jordan Arafat,700123,Lakeview WTP Phase 2 Design,"Garcia, Luis",E10677,CC-4210,PA Labor Cost APR-26,Jordan Arafat,3.0,Analysis & Design,3.2,Modeling,Field,Timecard,US-Southeast Engineering,Field Staff Labor,APR-26,04/20/2026,04/18/2026,31400705,36,2088,793.44,0,0,129.66,3011.1,Y,Billed,INV-123-024,
USA Infrastructure,Transportation,Highways,CC-4205,Maria Delgado,700248,SR-417 Widening PD&E Study,"Brown, Marcus",E10803,CC-4112,PA Labor Cost APR-26,Maria Delgado,1.0,Project Management,1.2,Admin,Home,Timecard,US-Southeast Engineering,Professional Staff Labor,APR-26,04/21/2026,04/21/2026,31400894,55.5,4717.5,1792.65,0,0,292.96,6803.11,Y,Billed,INV-248-024,
USA Infrastructure,Water,Stormwater,CC-4112,Sam Whitfield,700415,Downtown Stormwater Master Plan,"Smith, Alice",E10231,CC-4101,PA Expense Cost APR-26,Sam Whitfield,2.0,Data Collection & Survey,2.1,Survey,Home,Expense Report,US-Southeast Engineering,Field Supplies,APR-26,04/21/2026,04/21/2026,31401259,0,0,0,0,1969.23,88.62,2057.85,Y,Billed,INV-415-024,
USA Infrastructure,Transportation,Aviation,CC-4230,Maria Delgado,700502,Airport APM Guideway Rehab,"Patel, Devi",E10518,CC-4205,PA Labor Cost APR-26,Maria Delgado,5.0,Field Services,5.1,Inspection,Home,Timecard,US-Southeast Engineering,Professional Staff Labor,APR-26,04/21/2026,04/19/2026,31401400,17.5,1242.5,472.15,0,0,77.16,1791.81,Y,Billed,INV-502-024,
USA Infrastructure,Transportation,Bridges,CC-4210,Jordan Arafat,700301,Coastal Bridge Inspection Program,"Rivera, Sofia",E11138,CC-4230,PA Labor Cost APR-26,Jordan Arafat,2.0,Data Collection & Survey,2.2,Utility Locates,Home,Timecard,US-Southeast Engineering,Professional Staff Labor,APR-26,04/22/2026,04/21/2026,31401085,16,1408,535.04,0,0,87.44,2030.48,N,Billed,INV-301-024,
USA Infrastructure,Transportation,Bridges,CC-4210,Jordan Arafat,700301,Coastal Bridge Inspection Program,"Patel, Devi",E10518,CC-4205,PA Labor Cost APR-26,Jordan Arafat,2.0,Data Collection & Survey,2.1,Survey,Home,Timecard,US-Southeast Engineering,Professional Staff Labor,APR-26,04/22/2026,04/20/2026,31401086,56,3976,1510.88,0,0,246.91,5733.79,Y,Billed,INV-301-024,
USA Infrastructure,Transportation,Aviation,CC-4230,Maria Delgado,700502,Airport APM Guideway Rehab,"Jones, Robert",E10342,CC-4101,PA Expense Cost APR-26,Maria Delgado,2.0,Data Collection & Survey,2.1,Survey,Home,Expense Report,US-Southeast Engineering,Field Supplies,APR-26,04/22/2026,04/21/2026,31401410,0,0,0,0,4597.24,206.88,4804.11,Y,Billed,INV-502-024,
USA Infrastructure,Transportation,Planning,CC-4205,Sam Whitfield,700610,Regional Trail Feasibility Study,"Patel, Devi",E10518,CC-4205,PA Labor Cost APR-26,Sam Whitfield,1.0,Project Management,1.1,Admin,Home,Timecard,US-Southeast Engineering,Professional Staff Labor,APR-26,04/22/2026,04/21/2026,31401461,32,2272,863.36,0,0,141.09,3276.45,Y,Billed,INV-610-024,
USA Infrastructure,Water,Treatment,CC-4101,Jordan Arafat,700123,Lakeview WTP Phase 2 Design,"Smith, Alice",E10231,CC-4101,PA Expense Cost APR-26,Jordan Arafat,2.0,Data Collection & Survey,2.1,Survey,Home,Expense Report,US-Southeast Engineering,Reproduction,APR-26,04/23/2026,04/21/2026,31400714,0,0,0,0,4686.62,210.9,4897.52,Y,Billed,INV-123-024,
USA Infrastructure,Water,Stormwater,CC-4112,Sam Whitfield,700415,Downtown Stormwater Master Plan,"Nguyen, Thao",E10742,CC-4210,PA Labor Cost APR-26,Sam Whitfield,3.0,Analysis & Design,3.2,Modeling,Field,Timecard,US-Southeast Engineering,Field Staff Labor,APR-26,04/23/2026,04/23/2026,31401253,58,3828,1454.64,0,0,237.72,5520.36,Y,Billed,INV-415-024,
USA Infrastructure,Water,Stormwater,CC-4112,Sam Whitfield,700415,Downtown Stormwater Master Plan,"Garcia, Luis",E10677,CC-4210,PA Labor Cost APR-26,Sam Whitfield,3.0,Analysis & Design,3.2,Design Development,Field,Timecard,US-Southeast Engineering,Field Staff Labor,APR-26,04/23/2026,04/22/2026,31401255,71.5,4147,1575.86,0,0,257.53,5980.39,Y,Billed,INV-415-024,
USA Infrastructure,Transportation,Aviation,CC-4230,Maria Delgado,700502,Airport APM Guideway Rehab,"Smith, Alice",E10231,CC-4101,PA Labor Cost APR-26,Maria Delgado,4.0,Deliverables & Reports,4.1,Final Report,Home,Timecard,US-Southeast Engineering,Professional Staff Labor,APR-26,04/23/2026,04/22/2026,31401407,58.5,4563,1733.94,0,0,283.36,6580.3,Y,Billed,INV-502-024,
USA Infrastructure,Water,Treatment,CC-4101,Jordan Arafat,700123,Lakeview WTP Phase 2 Design,"Jones, Robert",E10342,CC-4101,PA Labor Cost APR-26,Jordan Arafat,1.0,Project Management,1.2,Meetings & Coordination,Home,Timecard,US-Southeast Engineering,Professional Staff Labor,APR-26,04/24/2026,04/22/2026,31400707,38.5,2464,936.32,0,0,153.01,3553.33,Y,Unbilled,,
USA Infrastructure,Water,Treatment,CC-4101,Jordan Arafat,700123,Lakeview WTP Phase 2 Design,BlueWater Environmental,,,AP Supplier Cost APR-26,Jordan Arafat,3.0,Analysis & Design,3.2,Design Development,Field,Supplier Invoice,US-Southeast Engineering,Subconsultant Services,APR-26,04/24/2026,04/23/2026,31400711,0,0,0,10907.69,0,490.85,11398.54,Y,Billed,INV-123-024,
USA Infrastructure,Transportation,Aviation,CC-4230,Maria Delgado,700502,Airport APM Guideway Rehab,"O'Neill, Kate",E10911,CC-4112,PA Expense Cost APR-26,Maria Delgado,1.0,Project Management,1.1,Admin,Home,Cost Transfer,US-Southeast Engineering,Professional Staff Labor,APR-26,04/24/2026,04/22/2026,31401413,-4.41,-326.22,-123.96,0,0,-20.26,-470.44,Y,Billed,INV-502-024,Transfer to 700503 per PM request
USA Infrastructure,Transportation,Planning,CC-4205,Sam Whitfield,700610,Regional Trail Feasibility Study,"Brown, Marcus",E10803,CC-4112,PA Labor Cost APR-26,Sam Whitfield,5.0,Field Services,5.2,CEI Support,Home,Timecard,US-Southeast Engineering,Professional Staff Labor,APR-26,04/24/2026,04/23/2026,31401462,10.5,892.5,339.15,0,0,55.42,1287.07,Y,Billed,INV-610-024,
USA Infrastructure,Water,Stormwater,CC-4112,Sam Whitfield,700415,Downtown Stormwater Master Plan,GeoTech Drilling LLC,,,AP Supplier Cost APR-26,Sam Whitfield,3.0,Analysis & Design,3.2,Design Development,Field,Supplier Invoice,US-Southeast Engineering,Subconsultant Services,APR-26,04/25/2026,04/25/2026,31401257,0,0,0,2143.39,0,96.45,2239.84,Y,Unbilled,,
USA Infrastructure,Transportation,Aviation,CC-4230,Maria Delgado,700502,Airport APM Guideway Rehab,Stratus Aerial Imaging,,,AP Supplier Cost APR-26,Maria Delgado,3.0,Analysis & Design,3.2,Design Development,Field,Supplier Invoice,US-Southeast Engineering,Subconsultant Services,APR-26,04/25/2026,04/23/2026,31401409,0,0,0,72797.77,0,3275.9,76073.67,Y,Billed,INV-502-024,
USA Infrastructure,Transportation,Aviation,CC-4230,Maria Delgado,700502,Airport APM Guideway Rehab,"Patel, Devi",E10518,CC-4205,PA Expense Cost APR-26,Maria Delgado,2.0,Data Collection & Survey,2.1,Survey,Home,Expense Report,US-Southeast Engineering,Mileage,APR-26,04/25/2026,04/24/2026,31401412,0,0,0,0,5287.41,237.93,5525.34,Y,Billed,INV-502-024,
USA Infrastructure,Transportation,Bridges,CC-4210,Jordan Arafat,700301,Coastal Bridge Inspection Program,"Rivera, Sofia",E11138,CC-4230,PA Expense Cost APR-26,Jordan Arafat,2.0,Data Collection & Survey,2.1,Survey,Home,Expense Report,US-Southeast Engineering,Mileage,APR-26,04/26/2026,04/26/2026,31401093,0,0,0,0,2830.51,127.37,2957.88,Y,Billed,INV-301-024,
USA Infrastructure,Transportation,Planning,CC-4205,Sam Whitfield,700610,Regional Trail Feasibility Study,"Brown, Marcus",E10803,CC-4112,PA Labor Cost APR-26,Sam Whitfield,3.0,Analysis & Design,3.1,Modeling,Home,Timecard,US-Southeast Engineering,Professional Staff Labor,APR-26,04/26/2026,04/25/2026,31401469,68,5780,2196.4,0,0,358.94,8335.34,Y,Billed,INV-610-024,
USA Infrastructure,Transportation,Planning,CC-4205,Sam Whitfield,700610,Regional Trail Feasibility Study,TransCore ITS Inc,,,AP Supplier Cost APR-26,Sam Whitfield,3.0,Analysis & Design,3.2,Design Development,Field,Supplier Invoice,US-Southeast Engineering,Subconsultant Services,APR-26,04/26/2026,04/26/2026,31401470,0,0,0,2714.75,0,122.16,2836.91,Y,Billed,INV-610-024,
USA Infrastructure,Transportation,Planning,CC-4205,Sam Whitfield,700610,Regional Trail Feasibility Study,"O'Neill, Kate",E10911,CC-4112,PA Labor Cost APR-26,Sam Whitfield,5.0,Field Services,5.1,CEI Support,Home,Timecard,US-Southeast Engineering,Professional Staff Labor,APR-26,04/27/2026,04/27/2026,31401464,54.5,4033,1532.54,0,0,250.45,5815.99,Y,Billed,INV-610-024,
USA Infrastructure,Transportation,Highways,CC-4205,Maria Delgado,700248,SR-417 Widening PD&E Study,"Chen, Wei",E10455,CC-4205,PA Labor Cost MAY-26,Maria Delgado,2.0,Data Collection & Survey,2.1,Survey,Home,Timecard,US-Southeast Engineering,Professional Staff Labor,MAY-26,05/02/2026,05/01/2026,31400905,53,4876,1852.88,0,0,302.8,7031.68,Y,Unbilled,,
USA Infrastructure,Transportation,Aviation,CC-4230,Maria Delgado,700502,Airport APM Guideway Rehab,"Garcia, Luis",E10677,CC-4210,PA Expense Cost MAY-26,Maria Delgado,2.0,Data Collection & Survey,2.1,Survey,Field,Expense Report,US-Southeast Engineering,Field Supplies,MAY-26,05/02/2026,05/01/2026,31401421,0,0,0,0,1743.12,78.44,1821.56,Y,Unbilled,,
USA Infrastructure,Water,Treatment,CC-4101,Jordan Arafat,700123,Lakeview WTP Phase 2 Design,"Smith, Alice",E10231,CC-4101,PA Labor Cost MAY-26,Jordan Arafat,4.0,Deliverables & Reports,4.1,Draft Report,Home,Timecard,US-Southeast Engineering,Professional Staff Labor,MAY-26,05/03/2026,05/01/2026,31400721,34,2652,1007.76,0,0,164.69,3824.45,Y,Unbilled,,
USA Infrastructure,Transportation,Bridges,CC-4210,Jordan Arafat,700301,Coastal Bridge Inspection Program,GeoTech Drilling LLC,,,AP Supplier Cost MAY-26,Jordan Arafat,3.0,Analysis & Design,3.2,Design Development,Field,Supplier Invoice,US-Southeast Engineering,Subconsultant Services,MAY-26,05/03/2026,05/03/2026,31401100,0,0,0,1591.85,0,71.63,1663.48,Y,Unbilled,,
USA Infrastructure,Water,Stormwater,CC-4112,Sam Whitfield,700415,Downtown Stormwater Master Plan,"Brown, Marcus",E10803,CC-4112,PA Expense Cost MAY-26,Sam Whitfield,1.0,Project Management,1.1,Admin,Home,Cost Transfer,US-Southeast Engineering,Professional Staff Labor,MAY-26,05/03/2026,05/03/2026,31401273,-2.7,-229.28,-87.13,0,0,-14.24,-330.64,Y,Unbilled,,Transfer to 700416 per PM request
USA Infrastructure,Transportation,Aviation,CC-4230,Maria Delgado,700502,Airport APM Guideway Rehab,"Kowalski, Jan",E11024,CC-4230,PA Labor Cost MAY-26,Maria Delgado,5.0,Field Services,5.2,Inspection,Field,Timecard,US-Southeast Engineering,Field Staff Labor,MAY-26,05/03/2026,05/02/2026,31401415,24.5,1494.5,567.91,0,0,92.81,2155.22,Y,Unbilled,,
USA Infrastructure,Water,Treatment,CC-4101,Jordan Arafat,700123,Lakeview WTP Phase 2 Design,"Chen, Wei",E10455,CC-4205,PA Labor Cost MAY-26,Jordan Arafat,3.0,Analysis & Design,3.2,Modeling,Home,Timecard,US-Southeast Engineering,Professional Staff Labor,MAY-26,05/04/2026,05/04/2026,31400719,63.5,5842,2219.96,0,0,362.79,8424.75,Y,Unbilled,,
USA Infrastructure,Transportation,Planning,CC-4205,Sam Whitfield,700610,Regional Trail Feasibility Study,"Jones, Robert",E10342,CC-4101,PA Labor Cost MAY-26,Sam Whitfield,5.0,Field Services,5.1,Inspection,Home,Timecard,US-Southeast Engineering,Professional Staff Labor,MAY-26,05/04/2026,05/04/2026,31401479,56,3584,1361.92,0,0,222.57,5168.49,Y,Unbilled,,
USA Infrastructure,Transportation,Planning,CC-4205,Sam Whitfield,700610,Regional Trail Feasibility Study,"Chen, Wei",E10455,CC-4205,PA Labor Cost MAY-26,Sam Whitfield,3.0,Analysis & Design,3.1,Design Development,Home,Timecard,US-Southeast Engineering,Professional Staff Labor,MAY-26,05/05/2026,05/04/2026,31401476,12,1104,419.52,0,0,68.56,1592.08,Y,Unbilled,,
USA Infrastructure,Transportation,Highways,CC-4205,Maria Delgado,700248,SR-417 Widening PD&E Study,GeoTech Drilling LLC,,,AP Supplier Cost MAY-26,Maria Delgado,3.0,Analysis & Design,3.2,Design Development,Field,Supplier Invoice,US-Southeast Engineering,Subconsultant Services,MAY-26,05/06/2026,05/06/2026,31400908,0,0,0,5315.95,0,239.22,5555.16,Y,Unbilled,,
USA Infrastructure,Transportation,Bridges,CC-4210,Jordan Arafat,700301,Coastal Bridge Inspection Program,"Brown, Marcus",E10803,CC-4112,PA Labor Cost MAY-26,Jordan Arafat,1.0,Project Management,1.1,Meetings & Coordination,Home,Timecard,US-Southeast Engineering,Professional Staff Labor,MAY-26,05/06/2026,05/06/2026,31401095,58,4930,1873.4,0,0,306.15,7109.55,Y,Unbilled,,
USA Infrastructure,Water,Stormwater,CC-4112,Sam Whitfield,700415,Downtown Stormwater Master Plan,"Jones, Robert",E10342,CC-4101,PA Expense Cost MAY-26,Sam Whitfield,2.0,Data Collection & Survey,2.1,Survey,Home,Expense Report,US-Southeast Engineering,Field Supplies,MAY-26,05/06/2026,05/04/2026,31401270,0,0,0,0,1792.71,80.67,1873.38,Y,Unbilled,,
USA Infrastructure,Transportation,Highways,CC-4205,Maria Delgado,700248,SR-417 Widening PD&E Study,"Jones, Robert",E10342,CC-4101,PA Labor Cost MAY-26,Maria Delgado,2.0,Data Collection & Survey,2.1,Survey,Home,Timecard,US-Southeast Engineering,Professional Staff Labor,MAY-26,05/07/2026,05/06/2026,31400900,43,2752,1045.76,0,0,170.9,3968.66,Y,Unbilled,,
USA Infrastructure,Transportation,Highways,CC-4205,Maria Delgado,700248,SR-417 Widening PD&E Study,"Kowalski, Jan",E11024,CC-4230,PA Labor Cost MAY-26,Maria Delgado,1.0,Project Management,1.2,Meetings & Coordination,Field,Timecard,US-Southeast Engineering,Field Staff Labor,MAY-26,05/07/2026,05/07/2026,31400902,67.5,4117.5,1564.65,0,0,255.7,5937.85,Y,Unbilled,,
USA Infrastructure,Transportation,Highways,CC-4205,Maria Delgado,700248,SR-417 Widening PD&E Study,"Patel, Devi",E10518,CC-4205,PA Labor Cost MAY-26,Maria Delgado,4.0,Deliverables & Reports,4.2,Final Report,Home,Timecard,US-Southeast Engineering,Professional Staff Labor,MAY-26,05/07/2026,05/06/2026,31400906,59.5,4224.5,1605.31,0,0,262.34,6092.15,Y,Unbilled,,
USA Infrastructure,Water,Treatment,CC-4101,Jordan Arafat,700123,Lakeview WTP Phase 2 Design,"Kowalski, Jan",E11024,CC-4230,PA Labor Cost MAY-26,Jordan Arafat,4.0,Deliverables & Reports,4.2,Draft Report,Field,Timecard,US-Southeast Engineering,Field Staff Labor,MAY-26,05/08/2026,05/06/2026,31400725,35.5,2165.5,822.89,0,0,134.48,3122.87,Y,Unbilled,,
USA Infrastructure,Transportation,Highways,CC-4205,Maria Delgado,700248,SR-417 Widening PD&E Study,"Patel, Devi",E10518,CC-4205,PA Expense Cost MAY-26,Maria Delgado,2.0,Data Collection & Survey,2.1,Survey,Home,Expense Report,US-Southeast Engineering,Reproduction,MAY-26,05/08/2026,05/06/2026,31400910,0,0,0,0,7191.23,323.61,7514.83,Y,Unbilled,,
USA Infrastructure,Transportation,Bridges,CC-4210,Jordan Arafat,700301,Coastal Bridge Inspection Program,Stratus Aerial Imaging,,,AP Supplier Cost MAY-26,Jordan Arafat,3.0,Analysis & Design,3.2,Design Development,Field,Supplier Invoice,US-Southeast Engineering,Subconsultant Services,MAY-26,05/08/2026,05/08/2026,31401099,0,0,0,2568.45,0,115.58,2684.03,Y,Unbilled,,
USA Infrastructure,Transportation,Aviation,CC-4230,Maria Delgado,700502,Airport APM Guideway Rehab,Apex Survey Partners,,,AP Supplier Cost MAY-26,Maria Delgado,3.0,Analysis & Design,3.2,Design Development,Field,Supplier Invoice,US-Southeast Engineering,Subconsultant Services,MAY-26,05/08/2026,05/06/2026,31401420,0,0,0,6610.26,0,297.46,6907.72,Y,Unbilled,,
USA Infrastructure,Water,Treatment,CC-4101,Jordan Arafat,700123,Lakeview WTP Phase 2 Design,"Kowalski, Jan",E11024,CC-4230,PA Labor Cost MAY-26,Jordan Arafat,2.0,Data Collection & Survey,2.2,Utility Locates,Field,Timecard,US-Southeast Engineering,Field Staff Labor,MAY-26,05/09/2026,05/07/2026,31400720,63.5,3873.5,1471.93,0,0,240.54,5585.97,Y,Unbilled,,
USA Infrastructure,Water,Treatment,CC-4101,Jordan Arafat,700123,Lakeview WTP Phase 2 Design,BlueWater Environmental,,,AP Supplier Cost MAY-26,Jordan Arafat,3.0,Analysis & Design,3.2,Design Development,Field,Supplier Invoice,US-Southeast Engineering,Subconsultant Services,MAY-26,05/09/2026,05/09/2026,31400729,0,0,0,10751.88,0,483.83,11235.72,Y,Unbilled,,
USA Infrastructure,Transportation,Bridges,CC-4210,Jordan Arafat,700301,Coastal Bridge Inspection Program,"Smith, Alice",E10231,CC-4101,PA Expense Cost MAY-26,Jordan Arafat,2.0,Data Collection & Survey,2.1,Survey,Home,Expense Report,US-Southeast Engineering,Reproduction,MAY-26,05/09/2026,05/08/2026,31401103,0,0,0,0,1680.59,75.63,1756.22,Y,Unbilled,,
USA Infrastructure,Transportation,Aviation,CC-4230,Maria Delgado,700502,Airport APM Guideway Rehab,"Chen, Wei",E10455,CC-4205,PA Labor Cost MAY-26,Maria Delgado,5.0,Field Services,5.1,CEI Support,Home,Timecard,US-Southeast Engineering,Professional Staff Labor,MAY-26,05/09/2026,05/09/2026,31401414,71.5,6578,2499.64,0,0,408.49,9486.13,Y,Unbilled,,
USA Infrastructure,Transportation,Aviation,CC-4230,Maria Delgado,700502,Airport APM Guideway Rehab,"Patel, Devi",E10518,CC-4205,PA Expense Cost MAY-26,Maria Delgado,2.0,Data Collection & Survey,2.1,Survey,Home,Expense Report,US-Southeast Engineering,Mileage,MAY-26,05/09/2026,05/09/2026,31401423,0,0,0,0,718.06,32.31,750.37,Y,Unbilled,,
USA Infrastructure,Water,Treatment,CC-4101,Jordan Arafat,700123,Lakeview WTP Phase 2 Design,"Chen, Wei",E10455,CC-4205,PA Labor Cost MAY-26,Jordan Arafat,2.0,Data Collection & Survey,2.2,Utility Locates,Home,Timecard,US-Southeast Engineering,Professional Staff Labor,MAY-26,05/10/2026,05/09/2026,31400724,9.5,874,332.12,0,0,54.28,1260.4,Y,Unbilled,,
USA Infrastructure,Transportation,Aviation,CC-4230,Maria Delgado,700502,Airport APM Guideway Rehab,"O'Neill, Kate",E10911,CC-4112,PA Expense Cost MAY-26,Maria Delgado,2.0,Data Collection & Survey,2.1,Survey,Home,Expense Report,US-Southeast Engineering,Software & Data,MAY-26,05/10/2026,05/08/2026,31401424,0,0,0,0,563.21,25.34,588.56,Y,Unbilled,,
USA Infrastructure,Water,Treatment,CC-4101,Jordan Arafat,700123,Lakeview WTP Phase 2 Design,"Brown, Marcus",E10803,CC-4112,PA Labor Cost MAY-26,Jordan Arafat,2.0,Data Collection & Survey,2.2,Utility Locates,Home,Timecard,US-Southeast Engineering,Professional Staff Labor,MAY-26,05/11/2026,05/09/2026,31400722,15,1275,484.5,0,0,79.18,1838.68,Y,Unbilled,,
USA Infrastructure,Transportation,Highways,CC-4205,Maria Delgado,700248,SR-417 Widening PD&E Study,"Garcia, Luis",E10677,CC-4210,PA Labor Cost MAY-26,Maria Delgado,4.0,Deliverables & Reports,4.1,Final Report,Field,Timecard,US-Southeast Engineering,Field Staff Labor,MAY-26,05/11/2026,05/09/2026,31400903,14.5,841,319.58,0,0,52.23,1212.81,Y,Unbilled,,
USA Infrastructure,Transportation,Bridges,CC-4210,Jordan Arafat,700301,Coastal Bridge Inspection Program,BlueWater Environmental,,,AP Supplier Cost MAY-26,Jordan Arafat,3.0,Analysis & Design,3.2,Design Development,Field,Supplier Invoice,US-Southeast Engineering,Subconsultant Services,MAY-26,05/11/2026,05/09/2026,31401101,0,0,0,3209.85,0,144.44,3354.29,Y,Unbilled,,
USA Infrastructure,Transportation,Bridges,CC-4210,Jordan Arafat,700301,Coastal Bridge Inspection Program,"O'Neill, Kate",E10911,CC-4112,PA Expense Cost MAY-26,Jordan Arafat,2.0,Data Collection & Survey,2.1,Survey,Home,Expense Report,US-Southeast Engineering,Field Supplies,MAY-26,05/11/2026,05/11/2026,31401102,0,0,0,0,2953.48,132.91,3086.38,Y,Unbilled,,
USA Infrastructure,Water,Stormwater,CC-4112,Sam Whitfield,700415,Downtown Stormwater Master Plan,TransCore ITS Inc,,,AP Supplier Cost MAY-26,Sam Whitfield,3.0,Analysis & Design,3.2,Design Development,Field,Supplier Invoice,US-Southeast Engineering,Subconsultant Services,MAY-26,05/11/2026,05/09/2026,31401268,0,0,0,1619.93,0,72.9,1692.83,Y,Unbilled,,
USA Infrastructure,Transportation,Planning,CC-4205,Sam Whitfield,700610,Regional Trail Feasibility Study,"O'Neill, Kate",E10911,CC-4112,PA Labor Cost MAY-26,Sam Whitfield,1.0,Project Management,1.2,Admin,Home,Timecard,US-Southeast Engineering,Professional Staff Labor,MAY-26,05/11/2026,05/09/2026,31401474,9,666,253.08,0,0,41.36,960.44,Y,Unbilled,,
USA Infrastructure,Water,Treatment,CC-4101,Jordan Arafat,700123,Lakeview WTP Phase 2 Design,"Brown, Marcus",E10803,CC-4112,PA Labor Cost MAY-26,Jordan Arafat,5.0,Field Services,5.1,CEI Support,Home,Timecard,US-Southeast Engineering,Professional Staff Labor,MAY-26,05/12/2026,05/10/2026,31400718,27.5,2337.5,888.25,0,0,145.16,3370.91,Y,Unbilled,,
USA Infrastructure,Transportation,Highways,CC-4205,Maria Delgado,700248,SR-417 Widening PD&E Study,"Brown, Marcus",E10803,CC-4112,PA Labor Cost MAY-26,Maria Delgado,1.0,Project Management,1.1,Meetings & Coordination,Home,Timecard,US-Southeast Engineering,Professional Staff Labor,MAY-26,05/12/2026,05/11/2026,31400904,65.5,5567.5,2115.65,0,0,345.74,8028.89,Y,Unbilled,,
USA Infrastructure,Transportation,Planning,CC-4205,Sam Whitfield,700610,Regional Trail Feasibility Study,"Patel, Devi",E10518,CC-4205,PA Labor Cost MAY-26,Sam Whitfield,3.0,Analysis & Design,3.2,Modeling,Home,Timecard,US-Southeast Engineering,Professional Staff Labor,MAY-26,05/12/2026,05/11/2026,31401480,43.5,3088.5,1173.63,0,0,191.8,4453.93,Y,Unbilled,,
USA Infrastructure,Transportation,Planning,CC-4205,Sam Whitfield,700610,Regional Trail Feasibility Study,BlueWater Environmental,,,AP Supplier Cost MAY-26,Sam Whitfield,3.0,Analysis & Design,3.2,Design Development,Field,Supplier Invoice,US-Southeast Engineering,Subconsultant Services,MAY-26,05/12/2026,05/10/2026,31401483,0,0,0,1306.99,0,58.81,1365.8,Y,Unbilled,,
USA Infrastructure,Transportation,Planning,CC-4205,Sam Whitfield,700610,Regional Trail Feasibility Study,"Garcia, Luis",E10677,CC-4210,PA Expense Cost MAY-26,Sam Whitfield,2.0,Data Collection & Survey,2.1,Survey,Field,Expense Report,US-Southeast Engineering,Reproduction,MAY-26,05/12/2026,05/11/2026,31401485,0,0,0,0,1955.62,88,2043.63,N,Unbilled,,
USA Infrastructure,Water,Treatment,CC-4101,Jordan Arafat,700123,Lakeview WTP Phase 2 Design,"Patel, Devi",E10518,CC-4205,PA Labor Cost MAY-26,Jordan Arafat,2.0,Data Collection & Survey,2.2,Utility Locates,Home,Timecard,US-Southeast Engineering,Professional Staff Labor,MAY-26,05/13/2026,05/13/2026,31400723,55.5,3940.5,1497.39,0,0,244.71,5682.6,Y,Unbilled,,
USA Infrastructure,Water,Stormwater,CC-4112,Sam Whitfield,700415,Downtown Stormwater Master Plan,"Kowalski, Jan",E11024,CC-4230,PA Labor Cost MAY-26,Sam Whitfield,5.0,Field Services,5.2,Inspection,Field,Timecard,US-Southeast Engineering,Field Staff Labor,MAY-26,05/13/2026,05/13/2026,31401265,18,1098,417.24,0,0,68.19,1583.43,Y,Unbilled,,
USA Infrastructure,Water,Stormwater,CC-4112,Sam Whitfield,700415,Downtown Stormwater Master Plan,"O'Neill, Kate",E10911,CC-4112,PA Expense Cost MAY-26,Sam Whitfield,2.0,Data Collection & Survey,2.1,Survey,Home,Expense Report,US-Southeast Engineering,Software & Data,MAY-26,05/13/2026,05/11/2026,31401272,0,0,0,0,963.04,43.34,1006.38,Y,Unbilled,,
USA Infrastructure,Water,Treatment,CC-4101,Jordan Arafat,700123,Lakeview WTP Phase 2 Design,"Patel, Devi",E10518,CC-4205,PA Expense Cost MAY-26,Jordan Arafat,2.0,Data Collection & Survey,2.1,Survey,Home,Expense Report,US-Southeast Engineering,Software & Data,MAY-26,05/14/2026,05/14/2026,31400731,0,0,0,0,5965.97,268.47,6234.44,Y,Unbilled,,
USA Infrastructure,Water,Treatment,CC-4101,Jordan Arafat,700123,Lakeview WTP Phase 2 Design,"O'Neill, Kate",E10911,CC-4112,PA Labor Cost MAY-26,Jordan Arafat,2.0,Data Collection & Survey,2.1,Utility Locates,Home,Timecard,US-Southeast Engineering,Professional Staff Labor,MAY-26,05/15/2026,05/14/2026,31400727,15.5,1147,435.86,0,0,71.23,1654.09,Y,Unbilled,,
USA Infrastructure,Transportation,Highways,CC-4205,Maria Delgado,700248,SR-417 Widening PD&E Study,Apex Survey Partners,,,AP Supplier Cost MAY-26,Maria Delgado,3.0,Analysis & Design,3.2,Design Development,Field,Supplier Invoice,US-Southeast Engineering,Subconsultant Services,MAY-26,05/16/2026,05/14/2026,31400907,0,0,0,17496.84,0,787.36,18284.2,Y,Unbilled,,
USA Infrastructure,Transportation,Highways,CC-4205,Maria Delgado,700248,SR-417 Widening PD&E Study,GeoTech Drilling LLC,,,AP Supplier Cost MAY-26,Maria Delgado,3.0,Analysis & Design,3.2,Design Development,Field,Supplier Invoice,US-Southeast Engineering,Subconsultant Services,MAY-26,05/16/2026,05/15/2026,31400909,0,0,0,11886.84,0,534.91,12421.75,Y,Unbilled,,
USA Infrastructure,Transportation,Bridges,CC-4210,Jordan Arafat,700301,Coastal Bridge Inspection Program,"Patel, Devi",E10518,CC-4205,PA Expense Cost MAY-26,Jordan Arafat,2.0,Data Collection & Survey,2.1,Survey,Home,Expense Report,US-Southeast Engineering,Software & Data,MAY-26,05/16/2026,05/14/2026,31401104,0,0,0,0,1262.05,56.79,1318.84,Y,Unbilled,,
USA Infrastructure,Transportation,Aviation,CC-4230,Maria Delgado,700502,Airport APM Guideway Rehab,"Brown, Marcus",E10803,CC-4112,PA Expense Cost MAY-26,Maria Delgado,2.0,Data Collection & Survey,2.1,Survey,Home,Expense Report,US-Southeast Engineering,Travel & Lodging,MAY-26,05/17/2026,05/17/2026,31401425,0,0,0,0,780.96,35.14,816.1,Y,Unbilled,,
USA Infrastructure,Transportation,Planning,CC-4205,Sam Whitfield,700610,Regional Trail Feasibility Study,"Garcia, Luis",E10677,CC-4210,PA Expense Cost MAY-26,Sam Whitfield,2.0,Data Collection & Survey,2.1,Survey,Field,Expense Report,US-Southeast Engineering,Software & Data,MAY-26,05/17/2026,05/15/2026,31401486,0,0,0,0,6295.69,283.31,6578.99,Y,Unbilled,,
USA Infrastructure,Transportation,Planning,CC-4205,Sam Whitfield,700610,Regional Trail Feasibility Study,"Smith, Alice",E10231,CC-4101,PA Labor Cost MAY-26,Sam Whitfield,4.0,Deliverables & Reports,4.2,Final Report,Home,Timecard,US-Southeast Engineering,Professional Staff Labor,MAY-26,05/18/2026,05/16/2026,31401481,19.5,1521,577.98,0,0,94.45,2193.43,Y,Unbilled,,
USA Infrastructure,Transportation,Planning,CC-4205,Sam Whitfield,700610,Regional Trail Feasibility Study,TransCore ITS Inc,,,AP Supplier Cost MAY-26,Sam Whitfield,3.0,Analysis & Design,3.2,Design Development,Field,Supplier Invoice,US-Southeast Engineering,Subconsultant Services,MAY-26,05/18/2026,05/18/2026,31401482,0,0,0,2945.85,0,132.56,3078.42,Y,Unbilled,,
USA Infrastructure,Water,Treatment,CC-4101,Jordan Arafat,700123,Lakeview WTP Phase 2 Design,"Patel, Devi",E10518,CC-4205,PA Expense Cost MAY-26,Jordan Arafat,2.0,Data Collection & Survey,2.1,Survey,Home,Expense Report,US-Southeast Engineering,Reproduction,MAY-26,05/19/2026,05/17/2026,31400730,0,0,0,0,8273.99,372.33,8646.32,N,Unbilled,,
USA Infrastructure,Transportation,Planning,CC-4205,Sam Whitfield,700610,Regional Trail Feasibility Study,"Brown, Marcus",E10803,CC-4112,PA Labor Cost MAY-26,Sam Whitfield,1.0,Project Management,1.1,Meetings & Coordination,Home,Timecard,US-Southeast Engineering,Professional Staff Labor,MAY-26,05/19/2026,05/17/2026,31401477,63.5,5397.5,2051.05,0,0,335.18,7783.73,Y,Unbilled,,
USA Infrastructure,Water,Treatment,CC-4101,Jordan Arafat,700123,Lakeview WTP Phase 2 Design,"Patel, Devi",E10518,CC-4205,PA Labor Cost MAY-26,Jordan Arafat,4.0,Deliverables & Reports,4.1,Draft Report,Home,Timecard,US-Southeast Engineering,Professional Staff Labor,MAY-26,05/20/2026,05/20/2026,31400717,31.5,2236.5,849.87,0,0,138.89,3225.26,Y,Unbilled,,
USA Infrastructure,Water,Treatment,CC-4101,Jordan Arafat,700123,Lakeview WTP Phase 2 Design,Apex Survey Partners,,,AP Supplier Cost MAY-26,Jordan Arafat,3.0,Analysis & Design,3.2,Design Development,Field,Supplier Invoice,US-Southeast Engineering,Subconsultant Services,MAY-26,05/20/2026,05/18/2026,31400728,0,0,0,8234.74,0,370.56,8605.3,Y,Unbilled,,
USA Infrastructure,Transportation,Highways,CC-4205,Maria Delgado,700248,SR-417 Widening PD&E Study,"Jones, Robert",E10342,CC-4101,PA Labor Cost MAY-26,Maria Delgado,4.0,Deliverables & Reports,4.2,Draft Report,Home,Timecard,US-Southeast Engineering,Professional Staff Labor,MAY-26,05/21/2026,05/19/2026,31400899,61,3904,1483.52,0,0,242.44,5629.96,Y,Unbilled,,
USA Infrastructure,Water,Stormwater,CC-4112,Sam Whitfield,700415,Downtown Stormwater Master Plan,"Nguyen, Thao",E10742,CC-4210,PA Labor Cost MAY-26,Sam Whitfield,4.0,Deliverables & Reports,4.1,Draft Report,Field,Timecard,US-Southeast Engineering,Field Staff Labor,MAY-26,05/21/2026,05/20/2026,31401263,44,2904,1103.52,0,0,180.34,4187.86,Y,Unbilled,,
USA Infrastructure,Transportation,Aviation,CC-4230,Maria Delgado,700502,Airport APM Guideway Rehab,TransCore ITS Inc,,,AP Supplier Cost MAY-26,Maria Delgado,3.0,Analysis & Design,3.2,Design Development,Field,Supplier Invoice,US-Southeast Engineering,Subconsultant Services,MAY-26,05/21/2026,05/19/2026,31401419,0,0,0,5160.54,0,232.22,5392.77,Y,Unbilled,,
USA Infrastructure,Water,Treatment,CC-4101,Jordan Arafat,700123,Lakeview WTP Phase 2 Design,"Rivera, Sofia",E11138,CC-4230,PA Expense Cost MAY-26,Jordan Arafat,1.0,Project Management,1.1,Admin,Home,Cost Transfer,US-Southeast Engineering,Professional Staff Labor,MAY-26,05/22/2026,05/20/2026,31400732,-6.51,-573.01,-217.74,0,0,-35.58,-826.34,Y,Unbilled,,Transfer to 700124 per PM request
USA Infrastructure,Water,Stormwater,CC-4112,Sam Whitfield,700415,Downtown Stormwater Master Plan,"Garcia, Luis",E10677,CC-4210,PA Labor Cost MAY-26,Sam Whitfield,5.0,Field Services,5.1,Inspection,Field,Timecard,US-Southeast Engineering,Field Staff Labor,MAY-26,05/22/2026,05/22/2026,31401261,14,812,308.56,0,0,50.43,1170.99,Y,Unbilled,,
USA Infrastructure,Water,Stormwater,CC-4112,Sam Whitfield,700415,Downtown Stormwater Master Plan,"Chen, Wei",E10455,CC-4205,PA Labor Cost MAY-26,Sam Whitfield,3.0,Analysis & Design,3.1,Modeling,Home,Timecard,US-Southeast Engineering,Professional Staff Labor,MAY-26,05/22/2026,05/22/2026,31401264,43.5,4002,1520.76,0,0,248.52,5771.28,Y,Unbilled,,
USA Infrastructure,Water,Stormwater,CC-4112,Sam Whitfield,700415,Downtown Stormwater Master Plan,"Patel, Devi",E10518,CC-4205,PA Labor Cost MAY-26,Sam Whitfield,2.0,Data Collection & Survey,2.2,Utility Locates,Home,Timecard,US-Southeast Engineering,Professional Staff Labor,MAY-26,05/22/2026,05/22/2026,31401267,54.5,3869.5,1470.41,0,0,240.3,5580.21,Y,Unbilled,,
USA Infrastructure,Transportation,Aviation,CC-4230,Maria Delgado,700502,Airport APM Guideway Rehab,"Smith, Alice",E10231,CC-4101,PA Labor Cost MAY-26,Maria Delgado,1.0,Project Management,1.2,Admin,Home,Timecard,US-Southeast Engineering,Professional Staff Labor,MAY-26,05/22/2026,05/22/2026,31401416,68.5,5343,2030.34,0,0,331.8,7705.14,Y,Unbilled,,
USA Infrastructure,Transportation,Aviation,CC-4230,Maria Delgado,700502,Airport APM Guideway Rehab,"Kowalski, Jan",E11024,CC-4230,PA Expense Cost MAY-26,Maria Delgado,2.0,Data Collection & Survey,2.1,Survey,Field,Expense Report,US-Southeast Engineering,Mileage,MAY-26,05/22/2026,05/22/2026,31401422,0,0,0,0,1664.32,74.89,1739.21,Y,Unbilled,,
USA Infrastructure,Transportation,Planning,CC-4205,Sam Whitfield,700610,Regional Trail Feasibility Study,"Brown, Marcus",E10803,CC-4112,PA Labor Cost MAY-26,Sam Whitfield,5.0,Field Services,5.2,Inspection,Home,Timecard,US-Southeast Engineering,Professional Staff Labor,MAY-26,05/22/2026,05/22/2026,31401478,40.5,3442.5,1308.15,0,0,213.78,4964.43,Y,Unbilled,,
USA Infrastructure,Transportation,Highways,CC-4205,Maria Delgado,700248,SR-417 Widening PD&E Study,"Jones, Robert",E10342,CC-4101,PA Expense Cost MAY-26,Maria Delgado,2.0,Data Collection & Survey,2.1,Survey,Home,Expense Report,US-Southeast Engineering,Mileage,MAY-26,05/23/2026,05/21/2026,31400911,0,0,0,0,7680.04,345.6,8025.64,Y,Unbilled,,
USA Infrastructure,Transportation,Planning,CC-4205,Sam Whitfield,700610,Regional Trail Feasibility Study,GeoTech Drilling LLC,,,AP Supplier Cost MAY-26,Sam Whitfield,3.0,Analysis & Design,3.2,Design Development,Field,Supplier Invoice,US-Southeast Engineering,Subconsultant Services,MAY-26,05/23/2026,05/21/2026,31401484,0,0,0,1248.04,0,56.16,1304.2,Y,Unbilled,,
USA Infrastructure,Water,Treatment,CC-4101,Jordan Arafat,700123,Lakeview WTP Phase 2 Design,"Kowalski, Jan",E11024,CC-4230,PA Labor Cost MAY-26,Jordan Arafat,4.0,Deliverables & Reports,4.2,Final Report,Field,Timecard,US-Southeast Engineering,Field Staff Labor,MAY-26,05/24/2026,05/23/2026,31400726,31,1891,718.58,0,0,117.43,2727.01,Y,Unbilled,,
USA Infrastructure,Transportation,Highways,CC-4205,Maria Delgado,700248,SR-417 Widening PD&E Study,"O'Neill, Kate",E10911,CC-4112,PA Labor Cost MAY-26,Maria Delgado,2.0,Data Collection & Survey,2.1,Utility Locates,Home,Timecard,US-Southeast Engineering,Professional Staff Labor,MAY-26,05/24/2026,05/23/2026,31400901,25,1850,703,0,0,114.89,2667.89,Y,Unbilled,,
USA Infrastructure,Water,Stormwater,CC-4112,Sam Whitfield,700415,Downtown Stormwater Master Plan,"Nguyen, Thao",E10742,CC-4210,PA Labor Cost MAY-26,Sam Whitfield,5.0,Field Services,5.2,Inspection,Field,Timecard,US-Southeast Engineering,Field Staff Labor,MAY-26,05/24/2026,05/24/2026,31401266,47.5,3135,1191.3,0,0,194.68,4520.98,Y,Unbilled,,
USA Infrastructure,Water,Stormwater,CC-4112,Sam Whitfield,700415,Downtown Stormwater Master Plan,"Smith, Alice",E10231,CC-4101,PA Expense Cost MAY-26,Sam Whitfield,2.0,Data Collection & Survey,2.1,Survey,Home,Expense Report,US-Southeast Engineering,Reproduction,MAY-26,05/24/2026,05/24/2026,31401271,0,0,0,0,825.84,37.16,863,Y,Unbilled,,
USA Infrastructure,Transportation,Aviation,CC-4230,Maria Delgado,700502,Airport APM Guideway Rehab,"Smith, Alice",E10231,CC-4101,PA Labor Cost MAY-26,Maria Delgado,2.0,Data Collection & Survey,2.2,Utility Locates,Home,Timecard,US-Southeast Engineering,Professional Staff Labor,MAY-26,05/24/2026,05/24/2026,31401417,38.5,3003,1141.14,0,0,186.49,4330.63,Y,Unbilled,,
USA Infrastructure,Transportation,Bridges,CC-4210,Jordan Arafat,700301,Coastal Bridge Inspection Program,"Garcia, Luis",E10677,CC-4210,PA Labor Cost MAY-26,Jordan Arafat,2.0,Data Collection & Survey,2.1,Utility Locates,Field,Timecard,US-Southeast Engineering,Field Staff Labor,MAY-26,05/25/2026,05/24/2026,31401096,72,4176,1586.88,0,0,259.33,6022.21,Y,Unbilled,,
USA Infrastructure,Transportation,Bridges,CC-4210,Jordan Arafat,700301,Coastal Bridge Inspection Program,"Jones, Robert",E10342,CC-4101,PA Labor Cost MAY-26,Jordan Arafat,1.0,Project Management,1.2,Meetings & Coordination,Home,Timecard,US-Southeast Engineering,Professional Staff Labor,MAY-26,05/25/2026,05/24/2026,31401097,27.5,1760,668.8,0,0,109.3,2538.1,N,Unbilled,,
USA Infrastructure,Water,Stormwater,CC-4112,Sam Whitfield,700415,Downtown Stormwater Master Plan,Apex Survey Partners,,,AP Supplier Cost MAY-26,Sam Whitfield,3.0,Analysis & Design,3.2,Design Development,Field,Supplier Invoice,US-Southeast Engineering,Subconsultant Services,MAY-26,05/25/2026,05/23/2026,31401269,0,0,0,1245.34,0,56.04,1301.38,Y,Unbilled,,
USA Infrastructure,Transportation,Planning,CC-4205,Sam Whitfield,700610,Regional Trail Feasibility Study,"Patel, Devi",E10518,CC-4205,PA Labor Cost MAY-26,Sam Whitfield,3.0,Analysis & Design,3.1,Design Development,Home,Timecard,US-Southeast Engineering,Professional Staff Labor,MAY-26,05/26/2026,05/25/2026,31401475,23.5,1668.5,634.03,0,0,103.61,2406.14,Y,Unbilled,,
USA Infrastructure,Transportation,Bridges,CC-4210,Jordan Arafat,700301,Coastal Bridge Inspection Program,"Rivera, Sofia",E11138,CC-4230,PA Labor Cost MAY-26,Jordan Arafat,1.0,Project Management,1.2,Admin,Home,Timecard,US-Southeast Engineering,Professional Staff Labor,MAY-26,05/27/2026,05/25/2026,31401098,61,5368,2039.84,0,0,333.35,7741.19,Y,Unbilled,,
USA Infrastructure,Water,Stormwater,CC-4112,Sam Whitfield,700415,Downtown Stormwater Master Plan,"Brown, Marcus",E10803,CC-4112,PA Labor Cost MAY-26,Sam Whitfield,5.0,Field Services,5.2,CEI Support,Home,Timecard,US-Southeast Engineering,Professional Staff Labor,MAY-26,05/28/2026,05/27/2026,31401262,66.5,5652.5,2147.95,0,0,351.02,8151.47,Y,Unbilled,,
USA Infrastructure,Transportation,Aviation,CC-4230,Maria Delgado,700502,Airport APM Guideway Rehab,Apex Survey Partners,,,AP Supplier Cost MAY-26,Maria Delgado,3.0,Analysis & Design,3.2,Design Development,Field,Supplier Invoice,US-Southeast Engineering,Subconsultant Services,MAY-26,05/28/2026,05/26/2026,31401418,0,0,0,21047.17,0,947.12,21994.29,Y,Unbilled,,
USA Infrastructure,Transportation,Planning,CC-4205,Sam Whitfield,700610,Regional Trail Feasibility Study,"Rivera, Sofia",E11138,CC-4230,PA Expense Cost MAY-26,Sam Whitfield,1.0,Project Management,1.1,Admin,Home,Cost Transfer,US-Southeast Engineering,Professional Staff Labor,MAY-26,05/28/2026,05/27/2026,31401487,-13.73,-1208.21,-459.12,0,0,-75.03,-1742.36,Y,Unbilled,,Transfer to 700611 per PM request
USA Infrastructure,Transportation,Highways,CC-4205,Maria Delgado,700248,SR-417 Widening PD&E Study,"Kowalski, Jan",E11024,CC-4230,PA Expense Cost JUN-26,Maria Delgado,2.0,Data Collection & Survey,2.1,Survey,Field,Expense Report,US-Southeast Engineering,Software & Data,JUN-26,06/01/2026,06/01/2026,31400922,0,0,0,0,351.01,15.8,366.81,Y,Unbilled,,
USA Infrastructure,Transportation,Bridges,CC-4210,Jordan Arafat,700301,Coastal Bridge Inspection Program,"Smith, Alice",E10231,CC-4101,PA Expense Cost JUN-26,Jordan Arafat,2.0,Data Collection & Survey,2.1,Survey,Home,Expense Report,US-Southeast Engineering,Mileage,JUN-26,06/01/2026,06/01/2026,31401111,0,0,0,0,151.83,6.83,158.66,Y,Unbilled,,
USA Infrastructure,Transportation,Planning,CC-4205,Sam Whitfield,700610,Regional Trail Feasibility Study,"Garcia, Luis",E10677,CC-4210,PA Labor Cost JUN-26,Sam Whitfield,2.0,Data Collection & Survey,2.1,Utility Locates,Field,Timecard,US-Southeast Engineering,Field Staff Labor,JUN-26,06/01/2026,06/01/2026,31401488,43,2494,947.72,0,0,154.88,3596.6,Y,Unbilled,,
USA Infrastructure,Transportation,Bridges,CC-4210,Jordan Arafat,700301,Coastal Bridge Inspection Program,"Patel, Devi",E10518,CC-4205,PA Labor Cost JUN-26,Jordan Arafat,2.0,Data Collection & Survey,2.2,Survey,Home,Timecard,US-Southeast Engineering,Professional Staff Labor,JUN-26,06/02/2026,06/01/2026,31401105,35,2485,944.3,0,0,154.32,3583.62,Y,Unbilled,,
USA Infrastructure,Transportation,Aviation,CC-4230,Maria Delgado,700502,Airport APM Guideway Rehab,"Jones, Robert",E10342,CC-4101,PA Labor Cost JUN-26,Maria Delgado,4.0,Deliverables & Reports,4.2,Final Report,Home,Timecard,US-Southeast Engineering,Professional Staff Labor,JUN-26,06/02/2026,06/02/2026,31401426,68,4352,1653.76,0,0,270.26,6276.02,Y,Unbilled,,
USA Infrastructure,Water,Treatment,CC-4101,Jordan Arafat,700123,Lakeview WTP Phase 2 Design,"Kowalski, Jan",E11024,CC-4230,PA Labor Cost JUN-26,Jordan Arafat,2.0,Data Collection & Survey,2.2,Survey,Field,Timecard,US-Southeast Engineering,Field Staff Labor,JUN-26,06/03/2026,06/03/2026,31400736,36.5,2226.5,846.07,0,0,138.27,3210.84,Y,Unbilled,,
USA Infrastructure,Transportation,Bridges,CC-4210,Jordan Arafat,700301,Coastal Bridge Inspection Program,"Brown, Marcus",E10803,CC-4112,PA Expense Cost JUN-26,Jordan Arafat,2.0,Data Collection & Survey,2.1,Survey,Home,Expense Report,US-Southeast Engineering,Field Supplies,JUN-26,06/03/2026,06/02/2026,31401109,0,0,0,0,591.26,26.61,617.87,Y,Unbilled,,
USA Infrastructure,Water,Stormwater,CC-4112,Sam Whitfield,700415,Downtown Stormwater Master Plan,"Smith, Alice",E10231,CC-4101,PA Expense Cost JUN-26,Sam Whitfield,2.0,Data Collection & Survey,2.1,Survey,Home,Expense Report,US-Southeast Engineering,Field Supplies,JUN-26,06/03/2026,06/03/2026,31401278,0,0,0,0,97.94,4.41,102.35,Y,Unbilled,,
USA Infrastructure,Transportation,Aviation,CC-4230,Maria Delgado,700502,Airport APM Guideway Rehab,"Patel, Devi",E10518,CC-4205,PA Expense Cost JUN-26,Maria Delgado,2.0,Data Collection & Survey,2.1,Survey,Home,Expense Report,US-Southeast Engineering,Travel & Lodging,JUN-26,06/03/2026,06/03/2026,31401431,0,0,0,0,534.73,24.06,558.79,Y,Unbilled,,
USA Infrastructure,Transportation,Highways,CC-4205,Maria Delgado,700248,SR-417 Widening PD&E Study,"Jones, Robert",E10342,CC-4101,PA Expense Cost JUN-26,Maria Delgado,2.0,Data Collection & Survey,2.1,Survey,Home,Expense Report,US-Southeast Engineering,Field Supplies,JUN-26,06/04/2026,06/02/2026,31400919,0,0,0,0,1506.08,67.77,1573.85,Y,Unbilled,,
USA Infrastructure,Transportation,Highways,CC-4205,Maria Delgado,700248,SR-417 Widening PD&E Study,"Smith, Alice",E10231,CC-4101,PA Expense Cost JUN-26,Maria Delgado,2.0,Data Collection & Survey,2.1,Survey,Home,Expense Report,US-Southeast Engineering,Reproduction,JUN-26,06/04/2026,06/03/2026,31400920,0,0,0,0,655.5,29.5,685,Y,Unbilled,,
USA Infrastructure,Transportation,Bridges,CC-4210,Jordan Arafat,700301,Coastal Bridge Inspection Program,GeoTech Drilling LLC,,,AP Supplier Cost JUN-26,Jordan Arafat,3.0,Analysis & Design,3.2,Design Development,Field,Supplier Invoice,US-Southeast Engineering,Subconsultant Services,JUN-26,06/04/2026,06/04/2026,31401107,0,0,0,565.6,0,25.45,591.05,Y,Unbilled,,
USA Infrastructure,Water,Stormwater,CC-4112,Sam Whitfield,700415,Downtown Stormwater Master Plan,"Nguyen, Thao",E10742,CC-4210,PA Labor Cost JUN-26,Sam Whitfield,1.0,Project Management,1.1,Meetings & Coordination,Field,Timecard,US-Southeast Engineering,Field Staff Labor,JUN-26,06/04/2026,06/03/2026,31401274,54.5,3597,1366.86,0,0,223.37,5187.23,Y,Unbilled,,
USA Infrastructure,Water,Stormwater,CC-4112,Sam Whitfield,700415,Downtown Stormwater Master Plan,"Jones, Robert",E10342,CC-4101,PA Expense Cost JUN-26,Sam Whitfield,2.0,Data Collection & Survey,2.1,Survey,Home,Expense Report,US-Southeast Engineering,Reproduction,JUN-26,06/04/2026,06/03/2026,31401276,0,0,0,0,367.69,16.55,384.24,Y,Unbilled,,
USA Infrastructure,Water,Stormwater,CC-4112,Sam Whitfield,700415,Downtown Stormwater Master Plan,"Brown, Marcus",E10803,CC-4112,PA Expense Cost JUN-26,Sam Whitfield,2.0,Data Collection & Survey,2.1,Survey,Home,Expense Report,US-Southeast Engineering,Travel & Lodging,JUN-26,06/04/2026,06/04/2026,31401277,0,0,0,0,286.3,12.88,299.18,Y,Unbilled,,
USA Infrastructure,Water,Treatment,CC-4101,Jordan Arafat,700123,Lakeview WTP Phase 2 Design,Apex Survey Partners,,,AP Supplier Cost JUN-26,Jordan Arafat,3.0,Analysis & Design,3.2,Design Development,Field,Supplier Invoice,US-Southeast Engineering,Subconsultant Services,JUN-26,06/05/2026,06/05/2026,31400737,0,0,0,2008.53,0,90.38,2098.92,Y,Unbilled,,
USA Infrastructure,Water,Treatment,CC-4101,Jordan Arafat,700123,Lakeview WTP Phase 2 Design,Apex Survey Partners,,,AP Supplier Cost JUN-26,Jordan Arafat,3.0,Analysis & Design,3.2,Design Development,Field,Supplier Invoice,US-Southeast Engineering,Subconsultant Services,JUN-26,06/05/2026,06/03/2026,31400738,0,0,0,1112.61,0,50.07,1162.68,Y,Unbilled,,
USA Infrastructure,Transportation,Highways,CC-4205,Maria Delgado,700248,SR-417 Widening PD&E Study,"Nguyen, Thao",E10742,CC-4210,PA Labor Cost JUN-26,Maria Delgado,4.0,Deliverables & Reports,4.2,Final Report,Field,Timecard,US-Southeast Engineering,Field Staff Labor,JUN-26,06/05/2026,06/04/2026,31400914,52,3432,1304.16,0,0,213.13,4949.29,Y,Unbilled,,
USA Infrastructure,Transportation,Highways,CC-4205,Maria Delgado,700248,SR-417 Widening PD&E Study,TransCore ITS Inc,,,AP Supplier Cost JUN-26,Maria Delgado,3.0,Analysis & Design,3.2,Design Development,Field,Supplier Invoice,US-Southeast Engineering,Subconsultant Services,JUN-26,06/05/2026,06/04/2026,31400916,0,0,0,6006.33,0,270.28,6276.61,Y,Unbilled,,
USA Infrastructure,Transportation,Highways,CC-4205,Maria Delgado,700248,SR-417 Widening PD&E Study,Apex Survey Partners,,,AP Supplier Cost JUN-26,Maria Delgado,3.0,Analysis & Design,3.2,Design Development,Field,Supplier Invoice,US-Southeast Engineering,Subconsultant Services,JUN-26,06/05/2026,06/03/2026,31400918,0,0,0,1396.53,0,62.84,1459.38,Y,Unbilled,,
USA Infrastructure,Transportation,Highways,CC-4205,Maria Delgado,700248,SR-417 Widening PD&E Study,"O'Neill, Kate",E10911,CC-4112,PA Expense Cost JUN-26,Maria Delgado,2.0,Data Collection & Survey,2.1,Survey,Home,Expense Report,US-Southeast Engineering,Travel & Lodging,JUN-26,06/05/2026,06/03/2026,31400923,0,0,0,0,526.82,23.71,550.53,Y,Unbilled,,
USA Infrastructure,Transportation,Bridges,CC-4210,Jordan Arafat,700301,Coastal Bridge Inspection Program,"Chen, Wei",E10455,CC-4205,PA Labor Cost JUN-26,Jordan Arafat,2.0,Data Collection & Survey,2.1,Survey,Home,Timecard,US-Southeast Engineering,Professional Staff Labor,JUN-26,06/05/2026,06/05/2026,31401106,7,644,244.72,0,0,39.99,928.71,Y,Unbilled,,
USA Infrastructure,Transportation,Planning,CC-4205,Sam Whitfield,700610,Regional Trail Feasibility Study,"Kowalski, Jan",E11024,CC-4230,PA Labor Cost JUN-26,Sam Whitfield,4.0,Deliverables & Reports,4.2,Draft Report,Field,Timecard,US-Southeast Engineering,Field Staff Labor,JUN-26,06/05/2026,06/05/2026,31401489,47.5,2897.5,1101.05,0,0,179.93,4178.48,Y,Unbilled,,
USA Infrastructure,Transportation,Planning,CC-4205,Sam Whitfield,700610,Regional Trail Feasibility Study,"Kowalski, Jan",E11024,CC-4230,PA Expense Cost JUN-26,Sam Whitfield,2.0,Data Collection & Survey,2.1,Survey,Field,Expense Report,US-Southeast Engineering,Mileage,JUN-26,06/05/2026,06/03/2026,31401494,0,0,0,0,1213.53,54.61,1268.14,Y,Unbilled,,
USA Infrastructure,Water,Treatment,CC-4101,Jordan Arafat,700123,Lakeview WTP Phase 2 Design,"Jones, Robert",E10342,CC-4101,PA Labor Cost JUN-26,Jordan Arafat,1.0,Project Management,1.2,Admin,Home,Timecard,US-Southeast Engineering,Professional Staff Labor,JUN-26,06/06/2026,06/06/2026,31400733,26,1664,632.32,0,0,103.33,2399.65,N,Unbilled,,
USA Infrastructure,Water,Treatment,CC-4101,Jordan Arafat,700123,Lakeview WTP Phase 2 Design,"Nguyen, Thao",E10742,CC-4210,PA Expense Cost JUN-26,Jordan Arafat,2.0,Data Collection & Survey,2.1,Survey,Field,Expense Report,US-Southeast Engineering,Mileage,JUN-26,06/06/2026,06/05/2026,31400742,0,0,0,0,1584.26,71.29,1655.56,Y,Unbilled,,
USA Infrastructure,Transportation,Highways,CC-4205,Maria Delgado,700248,SR-417 Widening PD&E Study,Apex Survey Partners,,,AP Supplier Cost JUN-26,Maria Delgado,3.0,Analysis & Design,3.2,Design Development,Field,Supplier Invoice,US-Southeast Engineering,Subconsultant Services,JUN-26,06/06/2026,06/06/2026,31400917,0,0,0,1737.2,0,78.17,1815.37,Y,Unbilled,,
USA Infrastructure,Transportation,Highways,CC-4205,Maria Delgado,700248,SR-417 Widening PD&E Study,"Garcia, Luis",E10677,CC-4210,PA Expense Cost JUN-26,Maria Delgado,2.0,Data Collection & Survey,2.1,Survey,Field,Expense Report,US-Southeast Engineering,Mileage,JUN-26,06/06/2026,06/06/2026,31400921,0,0,0,0,877.76,39.5,917.26,Y,Unbilled,,
USA Infrastructure,Transportation,Bridges,CC-4210,Jordan Arafat,700301,Coastal Bridge Inspection Program,BlueWater Environmental,,,AP Supplier Cost JUN-26,Jordan Arafat,3.0,Analysis & Design,3.2,Design Development,Field,Supplier Invoice,US-Southeast Engineering,Subconsultant Services,JUN-26,06/06/2026,06/04/2026,31401108,0,0,0,860.57,0,38.73,899.3,Y,Unbilled,,
USA Infrastructure,Water,Stormwater,CC-4112,Sam Whitfield,700415,Downtown Stormwater Master Plan,"Chen, Wei",E10455,CC-4205,PA Labor Cost JUN-26,Sam Whitfield,4.0,Deliverables & Reports,4.1,Final Report,Home,Timecard,US-Southeast Engineering,Professional Staff Labor,JUN-26,06/06/2026,06/05/2026,31401275,36.5,3358,1276.04,0,0,208.53,4842.57,Y,Unbilled,,
USA Infrastructure,Transportation,Aviation,CC-4230,Maria Delgado,700502,Airport APM Guideway Rehab,BlueWater Environmental,,,AP Supplier Cost JUN-26,Maria Delgado,3.0,Analysis & Design,3.2,Design Development,Field,Supplier Invoice,US-Southeast Engineering,Subconsultant Services,JUN-26,06/06/2026,06/04/2026,31401427,0,0,0,4763.93,0,214.38,4978.31,Y,Unbilled,,
USA Infrastructure,Transportation,Aviation,CC-4230,Maria Delgado,700502,Airport APM Guideway Rehab,Stratus Aerial Imaging,,,AP Supplier Cost JUN-26,Maria Delgado,3.0,Analysis & Design,3.2,Design Development,Field,Supplier Invoice,US-Southeast Engineering,Subconsultant Services,JUN-26,06/06/2026,06/04/2026,31401428,0,0,0,2064.97,0,92.92,2157.89,N,Unbilled,,
USA Infrastructure,Transportation,Planning,CC-4205,Sam Whitfield,700610,Regional Trail Feasibility Study,"Garcia, Luis",E10677,CC-4210,PA Labor Cost JUN-26,Sam Whitfield,2.0,Data Collection & Survey,2.2,Survey,Field,Timecard,US-Southeast Engineering,Field Staff Labor,JUN-26,06/06/2026,06/05/2026,31401491,57,3306,1256.28,0,0,205.3,4767.58,Y,Unbilled,,
USA Infrastructure,Transportation,Planning,CC-4205,Sam Whitfield,700610,Regional Trail Feasibility Study,"Nguyen, Thao",E10742,CC-4210,PA Expense Cost JUN-26,Sam Whitfield,2.0,Data Collection & Survey,2.1,Survey,Field,Expense Report,US-Southeast Engineering,Travel & Lodging,JUN-26,06/06/2026,06/04/2026,31401495,0,0,0,0,986.75,44.4,1031.16,Y,Unbilled,,
USA Infrastructure,Water,Treatment,CC-4101,Jordan Arafat,700123,Lakeview WTP Phase 2 Design,"O'Neill, Kate",E10911,CC-4112,PA Labor Cost JUN-26,Jordan Arafat,3.0,Analysis & Design,3.1,Design Development,Home,Timecard,US-Southeast Engineering,Professional Staff Labor,JUN-26,06/07/2026,06/05/2026,31400735,28.5,2109,801.42,0,0,130.97,3041.39,Y,Unbilled,,
USA Infrastructure,Water,Treatment,CC-4101,Jordan Arafat,700123,Lakeview WTP Phase 2 Design,TransCore ITS Inc,,,AP Supplier Cost JUN-26,Jordan Arafat,3.0,Analysis & Design,3.2,Design Development,Field,Supplier Invoice,US-Southeast Engineering,Subconsultant Services,JUN-26,06/07/2026,06/06/2026,31400739,0,0,0,1652.29,0,74.35,1726.65,Y,Unbilled,,
USA Infrastructure,Transportation,Highways,CC-4205,Maria Delgado,700248,SR-417 Widening PD&E Study,"Kowalski, Jan",E11024,CC-4230,PA Labor Cost JUN-26,Maria Delgado,1.0,Project Management,1.2,Admin,Field,Timecard,US-Southeast Engineering,Field Staff Labor,JUN-26,06/07/2026,06/06/2026,31400912,10,610,231.8,0,0,37.88,879.68,Y,Unbilled,,
USA Infrastructure,Transportation,Bridges,CC-4210,Jordan Arafat,700301,Coastal Bridge Inspection Program,"Kowalski, Jan",E11024,CC-4230,PA Expense Cost JUN-26,Jordan Arafat,2.0,Data Collection & Survey,2.1,Survey,Field,Expense Report,US-Southeast Engineering,Reproduction,JUN-26,06/07/2026,06/05/2026,31401110,0,0,0,0,143.17,6.44,149.61,Y,Unbilled,,
USA Infrastructure,Transportation,Bridges,CC-4210,Jordan Arafat,700301,Coastal Bridge Inspection Program,"Rivera, Sofia",E11138,CC-4230,PA Expense Cost JUN-26,Jordan Arafat,2.0,Data Collection & Survey,2.1,Survey,Home,Expense Report,US-Southeast Engineering,Reproduction,JUN-26,06/07/2026,06/07/2026,31401112,0,0,0,0,254.67,11.46,266.13,Y,Unbilled,,
USA Infrastructure,Water,Stormwater,CC-4112,Sam Whitfield,700415,Downtown Stormwater Master Plan,"O'Neill, Kate",E10911,CC-4112,PA Expense Cost JUN-26,Sam Whitfield,2.0,Data Collection & Survey,2.1,Survey,Home,Expense Report,US-Southeast Engineering,Reproduction,JUN-26,06/07/2026,06/07/2026,31401280,0,0,0,0,45.18,2.03,47.21,Y,Unbilled,,
USA Infrastructure,Transportation,Aviation,CC-4230,Maria Delgado,700502,Airport APM Guideway Rehab,Stratus Aerial Imaging,,,AP Supplier Cost JUN-26,Maria Delgado,3.0,Analysis & Design,3.2,Design Development,Field,Supplier Invoice,US-Southeast Engineering,Subconsultant Services,JUN-26,06/07/2026,06/06/2026,31401429,0,0,0,1861.48,0,83.77,1945.25,Y,Unbilled,,
USA Infrastructure,Transportation,Aviation,CC-4230,Maria Delgado,700502,Airport APM Guideway Rehab,"Patel, Devi",E10518,CC-4205,PA Expense Cost JUN-26,Maria Delgado,2.0,Data Collection & Survey,2.1,Survey,Home,Expense Report,US-Southeast Engineering,Travel & Lodging,JUN-26,06/07/2026,06/05/2026,31401432,0,0,0,0,511.51,23.02,534.53,Y,Unbilled,,
USA Infrastructure,Transportation,Planning,CC-4205,Sam Whitfield,700610,Regional Trail Feasibility Study,Apex Survey Partners,,,AP Supplier Cost JUN-26,Sam Whitfield,3.0,Analysis & Design,3.2,Design Development,Field,Supplier Invoice,US-Southeast Engineering,Subconsultant Services,JUN-26,06/07/2026,06/07/2026,31401492,0,0,0,787.51,0,35.44,822.95,N,Unbilled,,
USA Infrastructure,Water,Treatment,CC-4101,Jordan Arafat,700123,Lakeview WTP Phase 2 Design,"Brown, Marcus",E10803,CC-4112,PA Labor Cost JUN-26,Jordan Arafat,2.0,Data Collection & Survey,2.2,Survey,Home,Timecard,US-Southeast Engineering,Professional Staff Labor,JUN-26,06/08/2026,06/07/2026,31400734,42.5,3612.5,1372.75,0,0,224.34,5209.59,Y,Unbilled,,
USA Infrastructure,Water,Treatment,CC-4101,Jordan Arafat,700123,Lakeview WTP Phase 2 Design,"Chen, Wei",E10455,CC-4205,PA Expense Cost JUN-26,Jordan Arafat,2.0,Data Collection & Survey,2.1,Survey,Home,Expense Report,US-Southeast Engineering,Travel & Lodging,JUN-26,06/08/2026,06/07/2026,31400741,0,0,0,0,524.52,23.6,548.12,Y,Unbilled,,
USA Infrastructure,Transportation,Highways,CC-4205,Maria Delgado,700248,SR-417 Widening PD&E Study,"Smith, Alice",E10231,CC-4101,PA Labor Cost JUN-26,Maria Delgado,5.0,Field Services,5.2,Inspection,Home,Timecard,US-Southeast Engineering,Professional Staff Labor,JUN-26,06/08/2026,06/07/2026,31400913,54,4212,1600.56,0,0,261.57,6074.13,N,Unbilled,,
USA Infrastructure,Water,Stormwater,CC-4112,Sam Whitfield,700415,Downtown Stormwater Master Plan,"O'Neill, Kate",E10911,CC-4112,PA Expense Cost JUN-26,Sam Whitfield,2.0,Data Collection & Survey,2.1,Survey,Home,Expense Report,US-Southeast Engineering,Travel & Lodging,JUN-26,06/08/2026,06/07/2026,31401279,0,0,0,0,53.04,2.39,55.43,Y,Unbilled,,
USA Infrastructure,Transportation,Aviation,CC-4230,Maria Delgado,700502,Airport APM Guideway Rehab,"Kowalski, Jan",E11024,CC-4230,PA Expense Cost JUN-26,Maria Delgado,2.0,Data Collection & Survey,2.1,Survey,Field,Expense Report,US-Southeast Engineering,Software & Data,JUN-26,06/08/2026,06/07/2026,31401430,0,0,0,0,402.16,18.1,420.26,Y,Unbilled,,
USA Infrastructure,Transportation,Planning,CC-4205,Sam Whitfield,700610,Regional Trail Feasibility Study,BlueWater Environmental,,,AP Supplier Cost JUN-26,Sam Whitfield,3.0,Analysis & Design,3.2,Design Development,Field,Supplier Invoice,US-Southeast Engineering,Subconsultant Services,JUN-26,06/08/2026,06/06/2026,31401493,0,0,0,679.34,0,30.57,709.91,Y,Unbilled,,
USA Infrastructure,Water,Treatment,CC-4101,Jordan Arafat,700123,Lakeview WTP Phase 2 Design,"Kowalski, Jan",E11024,CC-4230,PA Expense Cost JUN-26,Jordan Arafat,2.0,Data Collection & Survey,2.1,Survey,Field,Expense Report,US-Southeast Engineering,Mileage,JUN-26,06/09/2026,06/07/2026,31400740,0,0,0,0,1471.29,66.21,1537.5,Y,Unbilled,,
USA Infrastructure,Transportation,Highways,CC-4205,Maria Delgado,700248,SR-417 Widening PD&E Study,"Chen, Wei",E10455,CC-4205,PA Labor Cost JUN-26,Maria Delgado,2.0,Data Collection & Survey,2.2,Utility Locates,Home,Timecard,US-Southeast Engineering,Professional Staff Labor,JUN-26,06/09/2026,06/07/2026,31400915,19.5,1794,681.72,0,0,111.41,2587.13,Y,Unbilled,,
USA Infrastructure,Transportation,Planning,CC-4205,Sam Whitfield,700610,Regional Trail Feasibility Study,"Brown, Marcus",E10803,CC-4112,PA Labor Cost JUN-26,Sam Whitfield,4.0,Deliverables & Reports,4.1,Draft Report,Home,Timecard,US-Southeast Engineering,Professional Staff Labor,JUN-26,06/09/2026,06/07/2026,31401490,16.5,1402.5,532.95,0,0,87.1,2022.55,N,Unbilled,,